last_updated,frequency,period_begin,period_end,region_id,region_type,region_name,homes_sold,homes_sold_yoy_pct,median_sale_price_nsa_usd,median_sale_price_nsa_yoy_pct,median_days_on_market_days,median_days_on_market_yoy_pct,new_listings,new_listings_yoy_pct,active_listings,active_listings_yoy_pct,pending_sales,pending_sales_yoy_pct,median_new_listing_price_per_sq.ft._usd,median_new_listing_price_per_sq.ft._yoy_pct,dataset_type,property_type,income_group,down_payment_percent_pct,income_required_usd,income_required_yoy_pct,share_of_income_on_housing_pct,share_of_income_on_housing_yoy_ppts,affordable_listing_share_pct,affordable_listing_share_yoy_ppts,years_to_save_down_payment,years_to_save_down_payment_yoy_pct,monthly_housing_payment_usd,monthly_mortgage_payment_usd,monthly_property_tax_usd,monthly_property_insurance_usd,monthly_pmi_usd,down_payment_amount_usd,median_household_income_usd,median_sale_price_usd,median_sale_price_yoy_pct,balance_of_power,buyers,buyers_yoy_pct,sellers,sellers_yoy_pct,buyer-seller_ratio,buyer-seller_ratio_yoy_pct,seller-buyer_%_difference,seller-buyer_%_difference_yoy_ppts,percent_all_cash_pct,percent_all_cash_yoy_ppts,median_down_payment_usd,median_down_payment_yoy_pct,median_down_payment_pct_pct,median_down_payment_pct_yoy_ppts,percent_fha_loan_pct,percent_fha_loan_yoy_ppts,percent_va_loan_pct,percent_va_loan_yoy_ppts,percent_conventional_loan_pct,percent_conventional_loan_yoy_ppts,percent_conventional_conforming_loan_pct,percent_conventional_conforming_loan_yoy_ppts,percent_conventional_jumbo_loan_pct,percent_conventional_jumbo_loan_yoy_ppts,home_purchase_cancellations,home_purchase_cancellations_yoy_pct,percent_of_pending_sales_pct,percent_of_pending_sales_yoy_ppts,total_delistings,total_delistings_yoy_pct,total_relistings,total_relistings_yoy_pct,share_of_listings_delisted_pct,share_of_listings_delisted_yoy_ppts,share_of_listings_relisted_pct,share_of_listings_relisted_yoy_ppts,existing_home_sales,existing_home_sales_yoy_pct,seasonally_adjusted_annual_rate,investor_home_purchases,investor_home_purchases_yoy_pct,investor_market_share_pct,price_bucket,origin_region_name,destination_region_name,migration_type,origin_population_rank,destination_population_rank,flow,flow_yoy_pct,reverse_flow,reverse_flow_yoy_pct,net_flow_(origin_to_destination),net_flow_yoy_level_change,gross,pct_of_origin_outflow_pct,pct_of_destination_inflow_pct,rank_flow_(by_origin),rank_reverse_flow_(by_origin)
2026-08-03,Monthly,2026-07-01,2026-07-31,,Country,National,285312.0,-0.57,407730.0,3.22,49.0,0.0,375149.0,-0.61,1462921.0,-0.65,335051.0,-0.75,218.04,2.27,housing_market,,,,,,,,,,,,,,,,,,,,,,,,,,,,,,,,,,,,,,,,,,,,,,,,,,,,,,,,,,,,,,,,,,,,,,,,,,,,,,,,
2026-08-03,Monthly,2026-07-01,2026-07-31,,Country,National,,,,,,,,,,,,,,,existing_home_sales,,,,,,,,,,,,,,,,,,,,,,,,,,,,,,,,,,,,,,,,,,,,,,,,,,,,,,,,,,354947.0,0.97,4259358.0,,,,,,,,,,,,,,,,,,,,
2026-08-03,Monthly,2026-07-01,2026-07-31,,Country,National,,,,,,,,,,,,,,,cancellations,,,,,,,,,,,,,,,,,,,,,,,,,,,,,,,,,,,,,,,,,,,,,,47189.0,4.75,14.03,0.68,,,,,,,,,,,,,,,,,,,,,,,,,,,,,,,
2026-08-03,Monthly,2026-07-01,2026-07-31,,Country,National,,,,,,,,,,,,,,,buyers_sellers,Condo/Co-op,,,,,,,,,,,,,,,,,,,,Buyer's Market,91910.0,-5.13,194383.0,1.53,0.47,-3.32,111.49,13.88,,,,,,,,,,,,,,,,,,,,,,,,,,,,,,,,,,,,,,,,,,,,,,,,,,,
2026-08-03,Monthly,2026-07-01,2026-07-31,,Country,National,,,,,,,,,,,,,,,buyers_sellers,Single Family Residential,,,,,,,,,,,,,,,,,,,,Buyer's Market,779639.0,-5.45,1116519.0,-1.34,0.7,-3.03,43.21,5.96,,,,,,,,,,,,,,,,,,,,,,,,,,,,,,,,,,,,,,,,,,,,,,,,,,,
2026-08-15,Rolling 3 months,2026-05-01,2026-07-31,,Country,United States of America,,,,,43.0,30.79,,,131767.0,-2.19,64775.0,2.61,,,luxury,,,,,,,,,,,,,,,,,,,1324663.0,5.34,,,,,,,,,,,,,,,,,,,,,,,,,,,,,,,,,,,,,,,,,,,,Luxury,,,,,,,,,,,,,,,,
2026-08-03,Monthly,2026-07-01,2026-07-31,,Country,National,,,,,,,,,,,,,,,delistings,,,,,,,,,,,,,,,,,,,,,,,,,,,,,,,,,,,,,,,,,,,,,,,,,,83587.0,2.4,32897.0,8.99,5.69,0.11,2.28,0.2,,,,,,,,,,,,,,,,,,,,,,,
2026-08-03,Monthly,2026-07-01,2026-07-31,,Country,National,,,,,,,,,,,,,,,buyers_sellers,Townhouse,,,,,,,,,,,,,,,,,,,,Buyer's Market,68582.0,-5.62,113909.0,5.19,0.6,-6.9,66.09,17.08,,,,,,,,,,,,,,,,,,,,,,,,,,,,,,,,,,,,,,,,,,,,,,,,,,,
2026-08-03,Monthly,2026-07-01,2026-07-31,,Country,National,,,,,,,,,,,,,,,buyers_sellers,All Residential,,,,,,,,,,,,,,,,,,,,Buyer's Market,966752.0,-5.47,1462921.0,-0.65,0.66,-3.37,51.32,7.35,,,,,,,,,,,,,,,,,,,,,,,,,,,,,,,,,,,,,,,,,,,,,,,,,,,
2026-07-28,Monthly,2026-06-01,2026-06-30,,Country,United States,368753.0,8.75,,,,,,,,,,,,,affordability,All Residential,Homeowner,15.0,109796.0,-0.53,30.24,-1.43,48.72,5.09,11.26,-1.87,2745.0,2194.0,278.0,170.0,102.0,61316.0,108930.0,408776.0,2.22,,,,,,,,,,,,,,,,,,,,,,,,,,,,,,,,,,,,,,,,,,,,,,,,,,,,,,,,,,,,
2026-08-03,Monthly,2026-06-01,2026-06-30,,Country,National,,,,,,,,,,,,,,,cancellations,,,,,,,,,,,,,,,,,,,,,,,,,,,,,,,,,,,,,,,,,,,,,,46738.0,2.8,13.7,0.12,,,,,,,,,,,,,,,,,,,,,,,,,,,,,,,
2026-08-03,Monthly,2026-06-01,2026-06-30,,Country,National,,,,,,,,,,,,,,,buyers_sellers,Townhouse,,,,,,,,,,,,,,,,,,,,Buyer's Market,70186.0,-2.94,113488.0,5.05,0.62,-5.09,61.7,12.31,,,,,,,,,,,,,,,,,,,,,,,,,,,,,,,,,,,,,,,,,,,,,,,,,,,
2026-07-28,Monthly,2026-06-01,2026-06-30,,Country,United States,368753.0,8.75,,,,,,,,,,,,,affordability,All Residential,Homeowner,10.0,118364.0,-0.48,32.6,-1.52,43.41,3.95,7.51,-1.87,2959.0,2323.0,278.0,170.0,187.0,40878.0,108930.0,408776.0,2.22,,,,,,,,,,,,,,,,,,,,,,,,,,,,,,,,,,,,,,,,,,,,,,,,,,,,,,,,,,,,
2026-08-03,Monthly,2026-06-01,2026-06-30,,Country,National,,,,,,,,,,,,,,,delistings,,,,,,,,,,,,,,,,,,,,,,,,,,,,,,,,,,,,,,,,,,,,,,,,,,91283.0,12.76,32339.0,9.76,6.44,0.8,2.24,0.19,,,,,,,,,,,,,,,,,,,,,,,
2026-08-03,Monthly,2026-06-01,2026-06-30,,Country,National,297480.0,3.64,409900.0,2.5,49.0,100.0,375428.0,-0.42,1466621.0,-0.11,343633.0,3.32,217.95,2.13,housing_market,,,,,,,,,,,,,,,,,,,,,,,,,,,,,,,,,,,,,,,,,,,,,,,,,,,,,,,,,,,,,,,,,,,,,,,,,,,,,,,,
2026-08-03,Monthly,2026-06-01,2026-06-30,,Country,National,,,,,,,,,,,,,,,buyers_sellers,All Residential,,,,,,,,,,,,,,,,,,,,Buyer's Market,991516.0,-1.6,1466621.0,-0.11,0.68,-1.03,47.92,2.21,,,,,,,,,,,,,,,,,,,,,,,,,,,,,,,,,,,,,,,,,,,,,,,,,,,
2026-08-20,Monthly,2026-06-01,2026-06-30,,Country,National,,,,,,,,,,,,,,,cash_loan,,,,,,,,,,,,,,,,,,,,,,,,,,,,,,25.66,-2.24,69250.0,0.36,16.36,-0.02,13.4,-1.51,8.18,0.63,78.42,0.88,71.46,0.69,6.96,0.19,,,,,,,,,,,,,,,,,,,,,,,,,,,,,,,,,,,
2026-07-28,Monthly,2026-06-01,2026-06-30,,Country,United States,368753.0,8.75,,,,,,,,,,,,,affordability,All Residential,Homeowner,5.0,125570.0,-0.47,34.58,-1.61,39.51,4.22,3.75,-1.87,3139.0,2452.0,278.0,170.0,238.0,20439.0,108930.0,408776.0,2.22,,,,,,,,,,,,,,,,,,,,,,,,,,,,,,,,,,,,,,,,,,,,,,,,,,,,,,,,,,,,
2026-08-03,Monthly,2026-06-01,2026-06-30,,Country,National,,,,,,,,,,,,,,,existing_home_sales,,,,,,,,,,,,,,,,,,,,,,,,,,,,,,,,,,,,,,,,,,,,,,,,,,,,,,,,,,362774.0,4.45,4353291.0,,,,,,,,,,,,,,,,,,,,
2026-08-20,Quarterly,2026-04-01,2026-06-30,,Country,United States of America,,,,,,,,,,,,,,,investors,,,,,,,,,,,,,,,,,,,,,,,,,,,,,,,,,,,,,,,,,,,,,,,,,,,,,,,,,,,,,52102.0,-3.23,16.23,,,,,,,,,,,,,,,,,
2026-08-03,Monthly,2026-06-01,2026-06-30,,Country,National,,,,,,,,,,,,,,,buyers_sellers,Single Family Residential,,,,,,,,,,,,,,,,,,,,Buyer's Market,803513.0,-1.58,1119998.0,-0.63,0.72,-0.69,39.39,1.34,,,,,,,,,,,,,,,,,,,,,,,,,,,,,,,,,,,,,,,,,,,,,,,,,,,
2026-07-28,Monthly,2026-06-01,2026-06-30,,Country,United States,368753.0,8.75,,,,,,,,,,,,,affordability,All Residential,Homeowner,3.5,129163.0,-0.44,35.57,-1.65,37.17,3.97,2.63,-1.87,3229.0,2491.0,278.0,170.0,290.0,14307.0,108930.0,408776.0,2.22,,,,,,,,,,,,,,,,,,,,,,,,,,,,,,,,,,,,,,,,,,,,,,,,,,,,,,,,,,,,
2026-08-15,Rolling 3 months,2026-04-01,2026-06-30,,Country,United States of America,,,,,42.0,147.63,,,130723.0,-1.23,68148.0,7.0,,,luxury,,,,,,,,,,,,,,,,,,,1347426.0,4.99,,,,,,,,,,,,,,,,,,,,,,,,,,,,,,,,,,,,,,,,,,,,Luxury,,,,,,,,,,,,,,,,
2026-08-03,Monthly,2026-06-01,2026-06-30,,Country,National,,,,,,,,,,,,,,,buyers_sellers,Condo/Co-op,,,,,,,,,,,,,,,,,,,,Buyer's Market,94490.0,0.14,193926.0,1.19,0.49,-0.51,105.23,2.13,,,,,,,,,,,,,,,,,,,,,,,,,,,,,,,,,,,,,,,,,,,,,,,,,,,
2026-07-28,Monthly,2026-06-01,2026-06-30,,Country,United States,368753.0,8.75,,,,,,,,,,,,,affordability,All Residential,Homeowner,20.0,100546.0,-0.61,27.69,-1.33,53.78,4.16,15.01,-1.87,2514.0,2065.0,278.0,170.0,0.0,81755.0,108930.0,408776.0,2.22,,,,,,,,,,,,,,,,,,,,,,,,,,,,,,,,,,,,,,,,,,,,,,,,,,,,,,,,,,,,
2026-08-03,Monthly,2026-05-01,2026-05-31,,Country,National,,,,,,,,,,,,,,,buyers_sellers,All Residential,,,,,,,,,,,,,,,,,,,,Buyer's Market,995126.0,-3.26,1479448.0,1.23,0.67,-3.12,48.67,6.6,,,,,,,,,,,,,,,,,,,,,,,,,,,,,,,,,,,,,,,,,,,,,,,,,,,
2026-08-03,Monthly,2026-05-01,2026-05-31,,Country,National,,,,,,,,,,,,,,,buyers_sellers,Single Family Residential,,,,,,,,,,,,,,,,,,,,Buyer's Market,805370.0,-3.14,1128916.0,0.61,0.71,-2.77,40.17,5.24,,,,,,,,,,,,,,,,,,,,,,,,,,,,,,,,,,,,,,,,,,,,,,,,,,,
2026-08-03,Monthly,2026-05-01,2026-05-31,,Country,National,,,,,,,,,,,,,,,buyers_sellers,Townhouse,,,,,,,,,,,,,,,,,,,,Buyer's Market,70241.0,-5.27,113751.0,6.04,0.62,-7.37,61.94,17.27,,,,,,,,,,,,,,,,,,,,,,,,,,,,,,,,,,,,,,,,,,,,,,,,,,,
2026-07-28,Monthly,2026-05-01,2026-05-31,,Country,United States,334527.0,0.1,,,,,,,,,,,,,affordability,All Residential,Homeowner,20.0,97967.0,-0.95,26.98,-1.39,54.04,4.4,14.69,-1.79,2449.0,2010.0,272.0,167.0,0.0,80000.0,108930.0,399999.0,2.3,,,,,,,,,,,,,,,,,,,,,,,,,,,,,,,,,,,,,,,,,,,,,,,,,,,,,,,,,,,,
2026-08-03,Monthly,2026-05-01,2026-05-31,,Country,National,,,,,,,,,,,,,,,cancellations,,,,,,,,,,,,,,,,,,,,,,,,,,,,,,,,,,,,,,,,,,,,,,47151.0,4.72,13.76,0.36,,,,,,,,,,,,,,,,,,,,,,,,,,,,,,,
2026-07-28,Monthly,2026-05-01,2026-05-31,,Country,United States,334527.0,0.1,,,,,,,,,,,,,affordability,All Residential,Homeowner,5.0,122375.0,-0.8,33.7,-1.69,40.08,4.79,3.67,-1.79,3059.0,2387.0,272.0,167.0,233.0,20000.0,108930.0,399999.0,2.3,,,,,,,,,,,,,,,,,,,,,,,,,,,,,,,,,,,,,,,,,,,,,,,,,,,,,,,,,,,,
2026-08-20,Monthly,2026-05-01,2026-05-31,,Country,National,,,,,,,,,,,,,,,cash_loan,,,,,,,,,,,,,,,,,,,,,,,,,,,,,,25.82,-3.65,65000.0,0.0,15.0,0.0,13.4,-1.44,7.69,0.29,78.91,1.14,72.13,1.06,6.78,0.08,,,,,,,,,,,,,,,,,,,,,,,,,,,,,,,,,,,
2026-08-03,Monthly,2026-05-01,2026-05-31,,Country,National,301789.0,3.61,399990.0,2.3,49.0,300.0,380404.0,-0.59,1479448.0,1.23,344884.0,3.19,217.19,1.43,housing_market,,,,,,,,,,,,,,,,,,,,,,,,,,,,,,,,,,,,,,,,,,,,,,,,,,,,,,,,,,,,,,,,,,,,,,,,,,,,,,,,
2026-08-15,Rolling 3 months,2026-03-01,2026-05-31,,Country,United States of America,,,,,49.0,401.39,,,124245.0,-0.98,65656.0,5.18,,,luxury,,,,,,,,,,,,,,,,,,,1372756.0,4.25,,,,,,,,,,,,,,,,,,,,,,,,,,,,,,,,,,,,,,,,,,,,Luxury,,,,,,,,,,,,,,,,
2026-07-28,Monthly,2026-05-01,2026-05-31,,Country,United States,334527.0,0.1,,,,,,,,,,,,,affordability,All Residential,Homeowner,3.5,125883.0,-0.76,34.67,-1.72,37.85,4.65,2.57,-1.79,3147.0,2425.0,272.0,167.0,283.0,14000.0,108930.0,399999.0,2.3,,,,,,,,,,,,,,,,,,,,,,,,,,,,,,,,,,,,,,,,,,,,,,,,,,,,,,,,,,,,
2026-08-03,Monthly,2026-05-01,2026-05-31,,Country,National,,,,,,,,,,,,,,,existing_home_sales,,,,,,,,,,,,,,,,,,,,,,,,,,,,,,,,,,,,,,,,,,,,,,,,,,,,,,,,,,365724.0,5.37,4388686.0,,,,,,,,,,,,,,,,,,,,
2026-08-03,Monthly,2026-05-01,2026-05-31,,Country,National,,,,,,,,,,,,,,,buyers_sellers,Condo/Co-op,,,,,,,,,,,,,,,,,,,,Buyer's Market,94579.0,-1.47,194055.0,1.58,0.49,-1.51,105.18,6.17,,,,,,,,,,,,,,,,,,,,,,,,,,,,,,,,,,,,,,,,,,,,,,,,,,,
2026-08-03,Monthly,2026-05-01,2026-05-31,,Country,National,,,,,,,,,,,,,,,delistings,,,,,,,,,,,,,,,,,,,,,,,,,,,,,,,,,,,,,,,,,,,,,,,,,,81941.0,-0.34,34128.0,18.63,5.48,-0.11,2.31,0.33,,,,,,,,,,,,,,,,,,,,,,,
2026-07-28,Monthly,2026-05-01,2026-05-31,,Country,United States,334527.0,0.1,,,,,,,,,,,,,affordability,All Residential,Homeowner,10.0,115350.0,-0.81,31.77,-1.59,43.69,4.25,7.34,-1.79,2884.0,2261.0,272.0,167.0,183.0,40000.0,108930.0,399999.0,2.3,,,,,,,,,,,,,,,,,,,,,,,,,,,,,,,,,,,,,,,,,,,,,,,,,,,,,,,,,,,,
2026-07-28,Monthly,2026-05-01,2026-05-31,,Country,United States,334527.0,0.1,,,,,,,,,,,,,affordability,All Residential,Homeowner,15.0,106992.0,-0.87,29.47,-1.5,48.98,5.35,11.02,-1.79,2675.0,2136.0,272.0,167.0,100.0,60000.0,108930.0,399999.0,2.3,,,,,,,,,,,,,,,,,,,,,,,,,,,,,,,,,,,,,,,,,,,,,,,,,,,,,,,,,,,,
2026-08-03,Monthly,2026-04-01,2026-04-30,,Country,National,,,,,,,,,,,,,,,delistings,,,,,,,,,,,,,,,,,,,,,,,,,,,,,,,,,,,,,,,,,,,,,,,,,,82788.0,6.39,34999.0,20.13,5.52,0.17,2.39,0.37,,,,,,,,,,,,,,,,,,,,,,,
2026-08-03,Monthly,2026-04-01,2026-04-30,,Country,National,,,,,,,,,,,,,,,buyers_sellers,Single Family Residential,,,,,,,,,,,,,,,,,,,,Buyer's Market,812491.0,-1.31,1135419.0,2.38,0.72,-2.67,39.75,5.03,,,,,,,,,,,,,,,,,,,,,,,,,,,,,,,,,,,,,,,,,,,,,,,,,,,
2026-08-03,Monthly,2026-04-01,2026-04-30,,Country,National,,,,,,,,,,,,,,,existing_home_sales,,,,,,,,,,,,,,,,,,,,,,,,,,,,,,,,,,,,,,,,,,,,,,,,,,,,,,,,,,356853.0,2.15,4282240.0,,,,,,,,,,,,,,,,,,,,
2026-08-03,Monthly,2026-04-01,2026-04-30,,Country,National,,,,,,,,,,,,,,,cancellations,,,,,,,,,,,,,,,,,,,,,,,,,,,,,,,,,,,,,,,,,,,,,,46446.0,2.56,13.5,-0.09,,,,,,,,,,,,,,,,,,,,,,,,,,,,,,,
2026-08-03,Monthly,2026-04-01,2026-04-30,,Country,National,,,,,,,,,,,,,,,buyers_sellers,Condo/Co-op,,,,,,,,,,,,,,,,,,,,Buyer's Market,95776.0,2.08,193686.0,2.47,0.49,-0.19,102.23,0.77,,,,,,,,,,,,,,,,,,,,,,,,,,,,,,,,,,,,,,,,,,,,,,,,,,,
2026-08-15,Rolling 3 months,2026-02-01,2026-04-30,,Country,United States of America,,,,,60.0,528.33,,,114265.0,-0.44,57932.0,4.67,,,luxury,,,,,,,,,,,,,,,,,,,1386733.0,3.1,,,,,,,,,,,,,,,,,,,,,,,,,,,,,,,,,,,,,,,,,,,,Luxury,,,,,,,,,,,,,,,,
2026-08-03,Monthly,2026-04-01,2026-04-30,,Country,National,,,,,,,,,,,,,,,buyers_sellers,Townhouse,,,,,,,,,,,,,,,,,,,,Buyer's Market,71383.0,-1.88,113474.0,7.75,0.63,-6.18,58.97,14.21,,,,,,,,,,,,,,,,,,,,,,,,,,,,,,,,,,,,,,,,,,,,,,,,,,,
2026-08-20,Monthly,2026-04-01,2026-04-30,,Country,National,,,,,,,,,,,,,,,cash_loan,,,,,,,,,,,,,,,,,,,,,,,,,,,,,,26.78,-3.55,63000.0,-2.33,15.0,0.0,14.23,-1.14,7.42,0.26,78.36,0.88,71.62,0.9,6.74,-0.02,,,,,,,,,,,,,,,,,,,,,,,,,,,,,,,,,,,
2026-07-28,Monthly,2026-04-01,2026-04-30,,Country,United States,310461.0,1.83,,,,,,,,,,,,,affordability,All Residential,Homeowner,15.0,104688.0,-1.27,28.83,-1.59,50.35,5.14,10.88,-2.02,2617.0,2085.0,269.0,165.0,99.0,59250.0,108930.0,395000.0,2.07,,,,,,,,,,,,,,,,,,,,,,,,,,,,,,,,,,,,,,,,,,,,,,,,,,,,,,,,,,,,
2026-08-03,Monthly,2026-04-01,2026-04-30,,Country,National,,,,,,,,,,,,,,,buyers_sellers,All Residential,,,,,,,,,,,,,,,,,,,,Buyer's Market,1000479.0,-1.48,1487074.0,3.0,0.67,-3.06,48.64,6.46,,,,,,,,,,,,,,,,,,,,,,,,,,,,,,,,,,,,,,,,,,,,,,,,,,,
2026-07-28,Monthly,2026-04-01,2026-04-30,,Country,United States,310461.0,1.83,,,,,,,,,,,,,affordability,All Residential,Homeowner,10.0,112885.0,-1.21,31.09,-1.69,45.31,5.04,7.25,-2.02,2822.0,2207.0,269.0,165.0,181.0,39500.0,108930.0,395000.0,2.07,,,,,,,,,,,,,,,,,,,,,,,,,,,,,,,,,,,,,,,,,,,,,,,,,,,,,,,,,,,,
2026-07-28,Monthly,2026-04-01,2026-04-30,,Country,United States,310461.0,1.83,,,,,,,,,,,,,affordability,All Residential,Homeowner,5.0,119765.0,-1.19,32.98,-1.79,41.15,5.06,3.63,-2.02,2994.0,2330.0,269.0,165.0,230.0,19750.0,108930.0,395000.0,2.07,,,,,,,,,,,,,,,,,,,,,,,,,,,,,,,,,,,,,,,,,,,,,,,,,,,,,,,,,,,,
2026-07-28,Monthly,2026-04-01,2026-04-30,,Country,United States,310461.0,1.83,,,,,,,,,,,,,affordability,All Residential,Homeowner,20.0,95833.0,-1.36,26.39,-1.48,55.19,4.25,14.5,-2.02,2396.0,1962.0,269.0,165.0,0.0,79000.0,108930.0,395000.0,2.07,,,,,,,,,,,,,,,,,,,,,,,,,,,,,,,,,,,,,,,,,,,,,,,,,,,,,,,,,,,,
2026-07-28,Monthly,2026-04-01,2026-04-30,,Country,United States,310461.0,1.83,,,,,,,,,,,,,affordability,All Residential,Homeowner,3.5,123212.0,-1.15,33.93,-1.83,39.02,5.01,2.54,-2.02,3080.0,2367.0,269.0,165.0,280.0,13825.0,108930.0,395000.0,2.07,,,,,,,,,,,,,,,,,,,,,,,,,,,,,,,,,,,,,,,,,,,,,,,,,,,,,,,,,,,,
2026-08-03,Monthly,2026-04-01,2026-04-30,,Country,National,294826.0,1.66,395000.0,2.07,49.0,400.0,382556.0,0.07,1487074.0,3.0,346739.0,5.09,216.37,0.47,housing_market,,,,,,,,,,,,,,,,,,,,,,,,,,,,,,,,,,,,,,,,,,,,,,,,,,,,,,,,,,,,,,,,,,,,,,,,,,,,,,,,
2026-06-15,Rolling 3-Month,2026-01-01,2026-03-31,,State,,,,,,,,,,,,,,,,migration,,,,,,,,,,,,,,,,,,,,,,,,,,,,,,,,,,,,,,,,,,,,,,,,,,,,,,,,,,,,,,,,,North Carolina,Oregon,,,,131.653230892,-8.08,189.603780815,-22.75,-57.950549923,44.262289355,321.257011707,0.8,0.7,21.0,21.0
2026-06-15,Rolling 3-Month,2026-01-01,2026-03-31,,State,,,,,,,,,,,,,,,,migration,,,,,,,,,,,,,,,,,,,,,,,,,,,,,,,,,,,,,,,,,,,,,,,,,,,,,,,,,,,,,,,,,North Carolina,New Hampshire,,,,55.357237921,-26.32,108.992105455,19.83,-53.634867534,-37.808065413,164.349343375,0.34,0.99,35.0,26.0
2026-06-15,Rolling 3-Month,2026-01-01,2026-03-31,,State,,,,,,,,,,,,,,,,migration,,,,,,,,,,,,,,,,,,,,,,,,,,,,,,,,,,,,,,,,,,,,,,,,,,,,,,,,,,,,,,,,,North Carolina,Minnesota,,,,78.856756515,-21.25,142.55796895,-11.32,-63.701212435,-3.080626414,221.414725465,0.48,1.67,29.0,23.0
2026-06-15,Rolling 3-Month,2026-01-01,2026-03-31,,State,,,,,,,,,,,,,,,,migration,,,,,,,,,,,,,,,,,,,,,,,,,,,,,,,,,,,,,,,,,,,,,,,,,,,,,,,,,,,,,,,,,North Carolina,Mississippi,,,,39.397525504,-18.79,32.997706114,-39.58,6.39981939,12.501768473,72.395231618,0.24,1.3,37.0,41.0
2026-06-15,Rolling 3-Month,2026-01-01,2026-03-31,,State,,,,,,,,,,,,,,,,migration,,,,,,,,,,,,,,,,,,,,,,,,,,,,,,,,,,,,,,,,,,,,,,,,,,,,,,,,,,,,,,,,,North Carolina,Missouri,,,,71.302933776,-17.95,106.157035923,11.89,-34.854102147,-26.882163151,177.459969698,0.43,1.03,33.0,28.0
2026-06-15,Rolling 3-Month,2026-01-01,2026-03-31,,State,,,,,,,,,,,,,,,,migration,,,,,,,,,,,,,,,,,,,,,,,,,,,,,,,,,,,,,,,,,,,,,,,,,,,,,,,,,,,,,,,,,North Carolina,Montana,,,,20.15932887,-47.23,16.0,-26.94,4.15932887,-12.141804709,36.15932887,0.12,0.63,43.0,47.0
2026-06-15,Rolling 3-Month,2026-01-01,2026-03-31,,State,,,,,,,,,,,,,,,,migration,,,,,,,,,,,,,,,,,,,,,,,,,,,,,,,,,,,,,,,,,,,,,,,,,,,,,,,,,,,,,,,,,North Carolina,Nebraska,,,,9.688548033,-33.03,19.778655011,11.05,-10.090106978,-6.747182782,29.467203045,0.06,0.77,47.0,46.0
2026-06-15,Rolling 3-Month,2026-01-01,2026-03-31,,State,,,,,,,,,,,,,,,,migration,,,,,,,,,,,,,,,,,,,,,,,,,,,,,,,,,,,,,,,,,,,,,,,,,,,,,,,,,,,,,,,,,North Carolina,Nevada,,,,87.413845754,26.4,134.37811317,-16.31,-46.964267416,44.448134451,221.791958924,0.53,0.45,28.0,24.0
2026-06-15,Rolling 3-Month,2026-01-01,2026-03-31,,State,,,,,,,,,,,,,,,,migration,,,,,,,,,,,,,,,,,,,,,,,,,,,,,,,,,,,,,,,,,,,,,,,,,,,,,,,,,,,,,,,,,North Carolina,New Jersey,,,,200.586164178,-16.14,638.78983729,15.09,-438.203673112,-122.356621224,839.376001467,1.22,1.33,17.0,13.0
2026-06-15,Rolling 3-Month,2026-01-01,2026-03-31,,State,,,,,,,,,,,,,,,,migration,,,,,,,,,,,,,,,,,,,,,,,,,,,,,,,,,,,,,,,,,,,,,,,,,,,,,,,,,,,,,,,,,North Carolina,New Mexico,,,,36.843601294,-29.57,20.755824016,-39.5,16.087777278,-1.916742907,57.599425311,0.22,1.08,38.0,45.0
2026-06-15,Rolling 3-Month,2026-01-01,2026-03-31,,State,,,,,,,,,,,,,,,,migration,,,,,,,,,,,,,,,,,,,,,,,,,,,,,,,,,,,,,,,,,,,,,,,,,,,,,,,,,,,,,,,,,North Carolina,Massachusetts,,,,242.482394481,-10.63,809.985574905,-11.77,-567.503180424,79.239637307,1052.467969386,1.48,2.46,16.0,11.0
2026-06-15,Rolling 3-Month,2026-01-01,2026-03-31,,State,,,,,,,,,,,,,,,,migration,,,,,,,,,,,,,,,,,,,,,,,,,,,,,,,,,,,,,,,,,,,,,,,,,,,,,,,,,,,,,,,,,North Carolina,New York,,,,485.883749003,-9.57,2002.595974438,-2.48,-1516.712225434,-0.6071757193,2488.479723441,2.96,3.34,9.0,4.0
2026-06-15,Rolling 3-Month,2026-01-01,2026-03-31,,State,,,,,,,,,,,,,,,,migration,,,,,,,,,,,,,,,,,,,,,,,,,,,,,,,,,,,,,,,,,,,,,,,,,,,,,,,,,,,,,,,,,North Dakota,New Mexico,,,,2.0,,1.0,,1.0,,3.0,0.38,0.06,36.0,26.0
2026-06-15,Rolling 3-Month,2026-01-01,2026-03-31,,State,,,,,,,,,,,,,,,,migration,,,,,,,,,,,,,,,,,,,,,,,,,,,,,,,,,,,,,,,,,,,,,,,,,,,,,,,,,,,,,,,,,North Carolina,North Carolina,,,,64816.478272017,-7.39,64816.478272017,-7.39,0.0,0.0,129632.956544034,,,,
2026-06-15,Rolling 3-Month,2026-01-01,2026-03-31,,State,,,,,,,,,,,,,,,,migration,,,,,,,,,,,,,,,,,,,,,,,,,,,,,,,,,,,,,,,,,,,,,,,,,,,,,,,,,,,,,,,,,North Carolina,Ohio,,,,264.996391081,-9.55,581.699769402,11.22,-316.703378321,-86.660448732,846.696160482,1.62,2.98,14.0,14.0
2026-06-15,Rolling 3-Month,2026-01-01,2026-03-31,,State,,,,,,,,,,,,,,,,migration,,,,,,,,,,,,,,,,,,,,,,,,,,,,,,,,,,,,,,,,,,,,,,,,,,,,,,,,,,,,,,,,,North Carolina,Oklahoma,,,,50.025050275,19.31,45.286687085,-7.72,4.738363189,11.885059022,95.31173736,0.3,1.12,36.0,38.0
2026-06-15,Rolling 3-Month,2026-01-01,2026-03-31,,State,,,,,,,,,,,,,,,,migration,,,,,,,,,,,,,,,,,,,,,,,,,,,,,,,,,,,,,,,,,,,,,,,,,,,,,,,,,,,,,,,,,North Carolina,Michigan,,,,184.364790116,-16.16,343.983022328,27.91,-159.618232212,-110.611037971,528.347812444,1.12,1.95,18.0,18.0
2026-06-15,Rolling 3-Month,2026-01-01,2026-03-31,,State,,,,,,,,,,,,,,,,migration,,,,,,,,,,,,,,,,,,,,,,,,,,,,,,,,,,,,,,,,,,,,,,,,,,,,,,,,,,,,,,,,,North Dakota,Georgia,,,,7.972347638,-9.97,1.0,-58.87,6.972347638,0.5485434113,8.972347638,1.52,0.04,15.0,27.0
2026-06-15,Rolling 3-Month,2026-01-01,2026-03-31,,State,,,,,,,,,,,,,,,,migration,,,,,,,,,,,,,,,,,,,,,,,,,,,,,,,,,,,,,,,,,,,,,,,,,,,,,,,,,,,,,,,,,North Dakota,New Hampshire,,,,2.0,,2.848780488,,-0.8487804878,,4.848780488,0.38,0.04,35.0,16.0
2026-06-15,Rolling 3-Month,2026-01-01,2026-03-31,,State,,,,,,,,,,,,,,,,migration,,,,,,,,,,,,,,,,,,,,,,,,,,,,,,,,,,,,,,,,,,,,,,,,,,,,,,,,,,,,,,,,,North Carolina,Georgia,,,,840.864061911,5.85,1209.194063663,-35.44,-368.330001752,710.239904701,2050.058125573,5.12,4.49,5.0,6.0
2026-06-15,Rolling 3-Month,2026-01-01,2026-03-31,,State,,,,,,,,,,,,,,,,migration,,,,,,,,,,,,,,,,,,,,,,,,,,,,,,,,,,,,,,,,,,,,,,,,,,,,,,,,,,,,,,,,,North Carolina,Arizona,,,,256.023954615,6.97,398.38707247,-0.85,-142.363117855,20.100594449,654.411027084,1.56,0.75,15.0,17.0
2026-06-15,Rolling 3-Month,2026-01-01,2026-03-31,,State,,,,,,,,,,,,,,,,migration,,,,,,,,,,,,,,,,,,,,,,,,,,,,,,,,,,,,,,,,,,,,,,,,,,,,,,,,,,,,,,,,,North Carolina,Arkansas,,,,29.427273997,-0.95,42.776802709,58.3,-13.349528713,-16.035196739,72.204076706,0.18,0.7,42.0,39.0
2026-06-15,Rolling 3-Month,2026-01-01,2026-03-31,,State,,,,,,,,,,,,,,,,migration,,,,,,,,,,,,,,,,,,,,,,,,,,,,,,,,,,,,,,,,,,,,,,,,,,,,,,,,,,,,,,,,,North Carolina,California,,,,866.076132491,-5.0,2462.057850312,-23.85,-1595.981717821,725.659658108,3328.133982802,5.28,1.66,4.0,3.0
2026-06-15,Rolling 3-Month,2026-01-01,2026-03-31,,State,,,,,,,,,,,,,,,,migration,,,,,,,,,,,,,,,,,,,,,,,,,,,,,,,,,,,,,,,,,,,,,,,,,,,,,,,,,,,,,,,,,North Carolina,Colorado,,,,268.848759539,-3.76,457.13151688,-21.87,-188.282757341,117.461307724,725.980276418,1.64,1.7,13.0,16.0
2026-06-15,Rolling 3-Month,2026-01-01,2026-03-31,,State,,,,,,,,,,,,,,,,migration,,,,,,,,,,,,,,,,,,,,,,,,,,,,,,,,,,,,,,,,,,,,,,,,,,,,,,,,,,,,,,,,,North Carolina,Columbia,,,,120.682148506,14.49,156.407683369,-16.19,-35.725534864,45.486009282,277.089831875,0.74,2.26,23.0,22.0
2026-06-15,Rolling 3-Month,2026-01-01,2026-03-31,,State,,,,,,,,,,,,,,,,migration,,,,,,,,,,,,,,,,,,,,,,,,,,,,,,,,,,,,,,,,,,,,,,,,,,,,,,,,,,,,,,,,,North Carolina,Connecticut,,,,114.67428393,2.71,252.941317224,-6.79,-138.267033294,21.440946283,367.615601154,0.7,2.16,24.0,19.0
2026-06-15,Rolling 3-Month,2026-01-01,2026-03-31,,State,,,,,,,,,,,,,,,,migration,,,,,,,,,,,,,,,,,,,,,,,,,,,,,,,,,,,,,,,,,,,,,,,,,,,,,,,,,,,,,,,,,North Carolina,Delaware,,,,75.854073045,11.51,61.339895419,4.36,14.514177626,5.268668501,137.193968465,0.46,1.72,32.0,35.0
2026-06-15,Rolling 3-Month,2026-01-01,2026-03-31,,State,,,,,,,,,,,,,,,,migration,,,,,,,,,,,,,,,,,,,,,,,,,,,,,,,,,,,,,,,,,,,,,,,,,,,,,,,,,,,,,,,,,North Carolina,Florida,,,,2228.060878381,16.24,2806.33892387,-15.74,-578.278045488,835.600525055,5034.399802251,13.58,2.73,2.0,1.0
2026-06-15,Rolling 3-Month,2026-01-01,2026-03-31,,State,,,,,,,,,,,,,,,,migration,,,,,,,,,,,,,,,,,,,,,,,,,,,,,,,,,,,,,,,,,,,,,,,,,,,,,,,,,,,,,,,,,North Carolina,Hawaii,,,,76.692878986,-7.08,133.773106786,59.81,-57.0802278,-55.906084727,210.465985772,0.47,0.72,31.0,25.0
2026-06-15,Rolling 3-Month,2026-01-01,2026-03-31,,State,,,,,,,,,,,,,,,,migration,,,,,,,,,,,,,,,,,,,,,,,,,,,,,,,,,,,,,,,,,,,,,,,,,,,,,,,,,,,,,,,,,North Carolina,Maryland,,,,520.702595919,6.97,1219.419097729,0.8,-698.71650181,24.315147314,1740.121693649,3.17,3.01,7.0,5.0
2026-06-15,Rolling 3-Month,2026-01-01,2026-03-31,,State,,,,,,,,,,,,,,,,migration,,,,,,,,,,,,,,,,,,,,,,,,,,,,,,,,,,,,,,,,,,,,,,,,,,,,,,,,,,,,,,,,,North Carolina,Idaho,,,,30.953020818,27.2,29.132561239,49.04,1.820459579,-2.966187545,60.085582058,0.19,0.29,40.0,42.0
2026-06-15,Rolling 3-Month,2026-01-01,2026-03-31,,State,,,,,,,,,,,,,,,,migration,,,,,,,,,,,,,,,,,,,,,,,,,,,,,,,,,,,,,,,,,,,,,,,,,,,,,,,,,,,,,,,,,North Carolina,Illinois,,,,374.176014705,-10.35,777.429397193,-22.73,-403.253382487,185.465841834,1151.605411898,2.28,1.98,11.0,12.0
2026-06-15,Rolling 3-Month,2026-01-01,2026-03-31,,State,,,,,,,,,,,,,,,,migration,,,,,,,,,,,,,,,,,,,,,,,,,,,,,,,,,,,,,,,,,,,,,,,,,,,,,,,,,,,,,,,,,North Carolina,Indiana,,,,128.398625513,45.37,193.901588825,15.73,-65.502963312,13.722341897,322.300214339,0.78,1.44,22.0,20.0
2026-06-15,Rolling 3-Month,2026-01-01,2026-03-31,,State,,,,,,,,,,,,,,,,migration,,,,,,,,,,,,,,,,,,,,,,,,,,,,,,,,,,,,,,,,,,,,,,,,,,,,,,,,,,,,,,,,,North Carolina,Iowa,,,,14.170212766,-32.44,27.148057893,-10.96,-12.977845127,-3.463520092,41.318270659,0.09,0.7,45.0,44.0
2026-06-15,Rolling 3-Month,2026-01-01,2026-03-31,,State,,,,,,,,,,,,,,,,migration,,,,,,,,,,,,,,,,,,,,,,,,,,,,,,,,,,,,,,,,,,,,,,,,,,,,,,,,,,,,,,,,,North Carolina,Kansas,,,,19.157539316,-12.62,53.868935393,47.49,-34.711396078,-20.111850124,73.026474709,0.12,0.81,44.0,36.0
2026-06-15,Rolling 3-Month,2026-01-01,2026-03-31,,State,,,,,,,,,,,,,,,,migration,,,,,,,,,,,,,,,,,,,,,,,,,,,,,,,,,,,,,,,,,,,,,,,,,,,,,,,,,,,,,,,,,North Carolina,Kentucky,,,,105.889418393,-19.8,104.797794219,7.0,1.091624175,-32.998763686,210.687212612,0.65,2.38,25.0,29.0
2026-06-15,Rolling 3-Month,2026-01-01,2026-03-31,,State,,,,,,,,,,,,,,,,migration,,,,,,,,,,,,,,,,,,,,,,,,,,,,,,,,,,,,,,,,,,,,,,,,,,,,,,,,,,,,,,,,,North Carolina,Louisiana,,,,90.501381779,-16.96,81.754489527,-7.02,8.746892252,-12.310874126,172.255871306,0.55,1.52,27.0,33.0
2026-06-15,Rolling 3-Month,2026-01-01,2026-03-31,,State,,,,,,,,,,,,,,,,migration,,,,,,,,,,,,,,,,,,,,,,,,,,,,,,,,,,,,,,,,,,,,,,,,,,,,,,,,,,,,,,,,,North Carolina,Maine,,,,136.823342941,-26.19,72.833847903,0.6,63.989495039,-48.97732875,209.657190844,0.83,2.45,20.0,34.0
2026-06-15,Rolling 3-Month,2026-01-01,2026-03-31,,State,,,,,,,,,,,,,,,,migration,,,,,,,,,,,,,,,,,,,,,,,,,,,,,,,,,,,,,,,,,,,,,,,,,,,,,,,,,,,,,,,,,North Dakota,New Jersey,,,,0.512195122,-34.98,0.084,-91.6,0.428195122,0.6404123826,0.596195122,0.1,0.0,45.0,36.0
2026-06-15,Rolling 3-Month,2026-01-01,2026-03-31,,State,,,,,,,,,,,,,,,,migration,,,,,,,,,,,,,,,,,,,,,,,,,,,,,,,,,,,,,,,,,,,,,,,,,,,,,,,,,,,,,,,,,North Carolina,Rhode Island,,,,31.578376818,-32.96,38.072873223,-19.51,-6.494496404,-6.297796883,69.651250041,0.19,1.42,39.0,40.0
2026-06-15,Rolling 3-Month,2026-01-01,2026-03-31,,State,,,,,,,,,,,,,,,,migration,,,,,,,,,,,,,,,,,,,,,,,,,,,,,,,,,,,,,,,,,,,,,,,,,,,,,,,,,,,,,,,,,North Carolina,Pennsylvania,,,,504.635409787,-3.96,882.921613184,-7.63,-378.286203396,52.14250584,1387.557022971,3.08,3.06,8.0,8.0
2026-06-15,Rolling 3-Month,2026-01-01,2026-03-31,,State,,,,,,,,,,,,,,,,migration,,,,,,,,,,,,,,,,,,,,,,,,,,,,,,,,,,,,,,,,,,,,,,,,,,,,,,,,,,,,,,,,,North Dakota,Kansas,,,,3.0,,0.4110429448,,2.588957055,,3.411042945,0.57,0.13,31.0,34.0
2026-06-15,Rolling 3-Month,2026-01-01,2026-03-31,,State,,,,,,,,,,,,,,,,migration,,,,,,,,,,,,,,,,,,,,,,,,,,,,,,,,,,,,,,,,,,,,,,,,,,,,,,,,,,,,,,,,,North Carolina,Alabama,,,,143.868403771,-1.32,97.252953092,4.27,46.615450679,-5.899219272,241.121356863,0.88,2.15,19.0,31.0
2026-06-15,Rolling 3-Month,2026-01-01,2026-03-31,,State,,,,,,,,,,,,,,,,migration,,,,,,,,,,,,,,,,,,,,,,,,,,,,,,,,,,,,,,,,,,,,,,,,,,,,,,,,,,,,,,,,,North Dakota,Maine,,,,1.49122807,49.12,0.0,,1.49122807,0.4912280702,1.49122807,0.28,0.03,41.0,44.0
2026-06-15,Rolling 3-Month,2026-01-01,2026-03-31,,State,,,,,,,,,,,,,,,,migration,,,,,,,,,,,,,,,,,,,,,,,,,,,,,,,,,,,,,,,,,,,,,,,,,,,,,,,,,,,,,,,,,North Dakota,Louisiana,,,,13.23943662,137.9,1.0,-58.7,12.23943662,9.09527186,14.23943662,2.53,0.22,11.0,32.0
2026-06-15,Rolling 3-Month,2026-01-01,2026-03-31,,State,,,,,,,,,,,,,,,,migration,,,,,,,,,,,,,,,,,,,,,,,,,,,,,,,,,,,,,,,,,,,,,,,,,,,,,,,,,,,,,,,,,North Dakota,Alabama,,,,5.086903027,-42.28,0.0,,5.086903027,-3.725596973,5.086903027,0.97,0.08,20.0,37.0
2026-06-15,Rolling 3-Month,2026-01-01,2026-03-31,,State,,,,,,,,,,,,,,,,migration,,,,,,,,,,,,,,,,,,,,,,,,,,,,,,,,,,,,,,,,,,,,,,,,,,,,,,,,,,,,,,,,,North Dakota,Alaska,,,,1.0,-50.0,0.0,-100.0,1.0,-0.9230028874,1.0,0.19,0.11,43.0,38.0
2026-06-15,Rolling 3-Month,2026-01-01,2026-03-31,,State,,,,,,,,,,,,,,,,migration,,,,,,,,,,,,,,,,,,,,,,,,,,,,,,,,,,,,,,,,,,,,,,,,,,,,,,,,,,,,,,,,,North Dakota,Arizona,,,,64.290298853,-16.21,11.326446281,101.02,52.963852572,-18.128143878,75.616745134,12.28,0.19,2.0,7.0
2026-06-15,Rolling 3-Month,2026-01-01,2026-03-31,,State,,,,,,,,,,,,,,,,migration,,,,,,,,,,,,,,,,,,,,,,,,,,,,,,,,,,,,,,,,,,,,,,,,,,,,,,,,,,,,,,,,,North Dakota,Kentucky,,,,2.0,0.0,1.325980392,,0.6740196078,-1.325980392,3.325980392,0.38,0.05,38.0,24.0
2026-06-15,Rolling 3-Month,2026-01-01,2026-03-31,,State,,,,,,,,,,,,,,,,migration,,,,,,,,,,,,,,,,,,,,,,,,,,,,,,,,,,,,,,,,,,,,,,,,,,,,,,,,,,,,,,,,,North Dakota,Iowa,,,,6.300970874,26.02,2.0,35.21,4.300970874,0.7801375405,8.300970874,1.2,0.31,16.0,20.0
2026-06-15,Rolling 3-Month,2026-01-01,2026-03-31,,State,,,,,,,,,,,,,,,,migration,,,,,,,,,,,,,,,,,,,,,,,,,,,,,,,,,,,,,,,,,,,,,,,,,,,,,,,,,,,,,,,,,North Carolina,Wisconsin,,,,94.043342574,-3.15,97.591334613,0.85,-3.547992039,-3.875372727,191.634677188,0.57,1.08,26.0,30.0
2026-06-15,Rolling 3-Month,2026-01-01,2026-03-31,,State,,,,,,,,,,,,,,,,migration,,,,,,,,,,,,,,,,,,,,,,,,,,,,,,,,,,,,,,,,,,,,,,,,,,,,,,,,,,,,,,,,,North Dakota,Arkansas,,,,4.434210526,-36.65,1.0,,3.434210526,-3.565789474,5.434210526,0.85,0.11,25.0,25.0
2026-06-15,Rolling 3-Month,2026-01-01,2026-03-31,,State,,,,,,,,,,,,,,,,migration,,,,,,,,,,,,,,,,,,,,,,,,,,,,,,,,,,,,,,,,,,,,,,,,,,,,,,,,,,,,,,,,,North Dakota,Indiana,,,,6.0,100.0,4.545454545,80.07,1.454545455,0.9787702607,10.545454545,1.15,0.07,18.0,12.0
2026-06-15,Rolling 3-Month,2026-01-01,2026-03-31,,State,,,,,,,,,,,,,,,,migration,,,,,,,,,,,,,,,,,,,,,,,,,,,,,,,,,,,,,,,,,,,,,,,,,,,,,,,,,,,,,,,,,North Dakota,California,,,,20.059237372,-21.74,33.226033208,3.7,-13.166795837,-6.755662328,53.28527058,3.83,0.04,6.0,3.0
2026-06-15,Rolling 3-Month,2026-01-01,2026-03-31,,State,,,,,,,,,,,,,,,,migration,,,,,,,,,,,,,,,,,,,,,,,,,,,,,,,,,,,,,,,,,,,,,,,,,,,,,,,,,,,,,,,,,North Dakota,Illinois,,,,51.237623762,122.77,20.335806163,69.17,30.901817599,19.922525153,71.573429926,9.79,0.27,4.0,4.0
2026-06-15,Rolling 3-Month,2026-01-01,2026-03-31,,State,,,,,,,,,,,,,,,,migration,,,,,,,,,,,,,,,,,,,,,,,,,,,,,,,,,,,,,,,,,,,,,,,,,,,,,,,,,,,,,,,,,North Dakota,Idaho,,,,6.0,-36.92,1.0,,5.0,-4.512195122,7.0,1.15,0.06,17.0,29.0
2026-06-15,Rolling 3-Month,2026-01-01,2026-03-31,,State,,,,,,,,,,,,,,,,migration,,,,,,,,,,,,,,,,,,,,,,,,,,,,,,,,,,,,,,,,,,,,,,,,,,,,,,,,,,,,,,,,,North Dakota,Hawaii,,,,3.0,-53.97,0.0,-100.0,3.0,-2.332712731,3.0,0.57,0.03,30.0,42.0
2026-06-15,Rolling 3-Month,2026-01-01,2026-03-31,,State,,,,,,,,,,,,,,,,migration,,,,,,,,,,,,,,,,,,,,,,,,,,,,,,,,,,,,,,,,,,,,,,,,,,,,,,,,,,,,,,,,,North Dakota,Colorado,,,,15.362068966,23.45,17.537143826,144.84,-2.175074861,-7.456853209,32.899212792,2.93,0.1,9.0,5.0
2026-06-15,Rolling 3-Month,2026-01-01,2026-03-31,,State,,,,,,,,,,,,,,,,migration,,,,,,,,,,,,,,,,,,,,,,,,,,,,,,,,,,,,,,,,,,,,,,,,,,,,,,,,,,,,,,,,,North Carolina,Wyoming,,,,6.792857143,14.05,3.658064516,-8.55,3.134792627,1.178513644,10.450921659,0.04,0.72,48.0,49.0
2026-06-15,Rolling 3-Month,2026-01-01,2026-03-31,,State,,,,,,,,,,,,,,,,migration,,,,,,,,,,,,,,,,,,,,,,,,,,,,,,,,,,,,,,,,,,,,,,,,,,,,,,,,,,,,,,,,,North Carolina,West Virginia,,,,64.009177681,36.12,107.944706084,59.18,-43.935528404,-23.147442018,171.953883765,0.39,2.3,34.0,27.0
2026-06-15,Rolling 3-Month,2026-01-01,2026-03-31,,State,,,,,,,,,,,,,,,,migration,,,,,,,,,,,,,,,,,,,,,,,,,,,,,,,,,,,,,,,,,,,,,,,,,,,,,,,,,,,,,,,,,North Dakota,Florida,,,,46.440562613,8.08,6.359491887,-36.1,40.081070726,7.064778321,52.800054501,8.87,0.06,5.0,9.0
2026-06-15,Rolling 3-Month,2026-01-01,2026-03-31,,State,,,,,,,,,,,,,,,,migration,,,,,,,,,,,,,,,,,,,,,,,,,,,,,,,,,,,,,,,,,,,,,,,,,,,,,,,,,,,,,,,,,North Carolina,Utah,,,,77.311980287,89.74,90.470170588,-37.99,-13.158190301,91.989168029,167.782150875,0.47,1.43,30.0,32.0
2026-06-15,Rolling 3-Month,2026-01-01,2026-03-31,,State,,,,,,,,,,,,,,,,migration,,,,,,,,,,,,,,,,,,,,,,,,,,,,,,,,,,,,,,,,,,,,,,,,,,,,,,,,,,,,,,,,,North Carolina,South Carolina,,,,4529.593785457,-10.75,847.467464108,2.79,3682.12632135,-568.6603476,5377.061249565,27.61,24.2,1.0,10.0
2026-06-15,Rolling 3-Month,2026-01-01,2026-03-31,,State,,,,,,,,,,,,,,,,migration,,,,,,,,,,,,,,,,,,,,,,,,,,,,,,,,,,,,,,,,,,,,,,,,,,,,,,,,,,,,,,,,,North Carolina,South Dakota,,,,4.0,-11.76,10.0,150.0,-6.0,-6.533333333,14.0,0.02,0.51,49.0,48.0
2026-06-15,Rolling 3-Month,2026-01-01,2026-03-31,,State,,,,,,,,,,,,,,,,migration,,,,,,,,,,,,,,,,,,,,,,,,,,,,,,,,,,,,,,,,,,,,,,,,,,,,,,,,,,,,,,,,,North Dakota,Nevada,,,,5.0,-57.75,6.332056194,27.95,-1.332056194,-8.216486455,11.332056194,0.96,0.03,21.0,10.0
2026-06-15,Rolling 3-Month,2026-01-01,2026-03-31,,State,,,,,,,,,,,,,,,,migration,,,,,,,,,,,,,,,,,,,,,,,,,,,,,,,,,,,,,,,,,,,,,,,,,,,,,,,,,,,,,,,,,North Dakota,Nebraska,,,,2.699029126,34.95,0.0,-100.0,2.699029126,1.699029126,2.699029126,0.52,0.21,32.0,39.0
2026-06-15,Rolling 3-Month,2026-01-01,2026-03-31,,State,,,,,,,,,,,,,,,,migration,,,,,,,,,,,,,,,,,,,,,,,,,,,,,,,,,,,,,,,,,,,,,,,,,,,,,,,,,,,,,,,,,North Dakota,Montana,,,,2.338983051,-32.94,4.351351351,235.42,-2.012368301,-4.202875881,6.690334402,0.45,0.07,34.0,13.0
2026-06-15,Rolling 3-Month,2026-01-01,2026-03-31,,State,,,,,,,,,,,,,,,,migration,,,,,,,,,,,,,,,,,,,,,,,,,,,,,,,,,,,,,,,,,,,,,,,,,,,,,,,,,,,,,,,,,North Carolina,Tennessee,,,,473.963943495,-22.82,537.76339174,-5.37,-63.799448246,-109.631525246,1011.727335235,2.89,2.42,10.0,15.0
2026-06-15,Rolling 3-Month,2026-01-01,2026-03-31,,State,,,,,,,,,,,,,,,,migration,,,,,,,,,,,,,,,,,,,,,,,,,,,,,,,,,,,,,,,,,,,,,,,,,,,,,,,,,,,,,,,,,North Carolina,Texas,,,,752.787696655,5.08,949.347155693,-26.28,-196.559459038,374.743608807,1702.134852349,4.59,1.74,6.0,7.0
2026-06-15,Rolling 3-Month,2026-01-01,2026-03-31,,State,,,,,,,,,,,,,,,,migration,,,,,,,,,,,,,,,,,,,,,,,,,,,,,,,,,,,,,,,,,,,,,,,,,,,,,,,,,,,,,,,,,North Dakota,Missouri,,,,10.565789474,252.19,2.0,,8.565789474,5.565789474,12.565789474,2.02,0.15,12.0,18.0
2026-06-15,Rolling 3-Month,2026-01-01,2026-03-31,,State,,,,,,,,,,,,,,,,migration,,,,,,,,,,,,,,,,,,,,,,,,,,,,,,,,,,,,,,,,,,,,,,,,,,,,,,,,,,,,,,,,,North Dakota,Maryland,,,,1.070986582,-64.3,3.0,50.0,-1.929013418,-2.929013418,4.070986582,0.2,0.01,42.0,15.0
2026-06-15,Rolling 3-Month,2026-01-01,2026-03-31,,State,,,,,,,,,,,,,,,,migration,,,,,,,,,,,,,,,,,,,,,,,,,,,,,,,,,,,,,,,,,,,,,,,,,,,,,,,,,,,,,,,,,North Dakota,Mississippi,,,,4.551821272,25.66,0.0,,4.551821272,0.9295386638,4.551821272,0.87,0.15,24.0,45.0
2026-06-15,Rolling 3-Month,2026-01-01,2026-03-31,,State,,,,,,,,,,,,,,,,migration,,,,,,,,,,,,,,,,,,,,,,,,,,,,,,,,,,,,,,,,,,,,,,,,,,,,,,,,,,,,,,,,,North Dakota,Minnesota,,,,63.952694263,-25.41,120.286046771,21.71,-56.333352508,-43.241430426,184.238741035,12.22,1.35,3.0,1.0
2026-06-15,Rolling 3-Month,2026-01-01,2026-03-31,,State,,,,,,,,,,,,,,,,migration,,,,,,,,,,,,,,,,,,,,,,,,,,,,,,,,,,,,,,,,,,,,,,,,,,,,,,,,,,,,,,,,,North Carolina,Vermont,,,,30.109439371,-22.66,51.691730154,-10.57,-21.582290783,-2.707672103,81.801169525,0.18,1.5,41.0,37.0
2026-06-15,Rolling 3-Month,2026-01-01,2026-03-31,,State,,,,,,,,,,,,,,,,migration,,,,,,,,,,,,,,,,,,,,,,,,,,,,,,,,,,,,,,,,,,,,,,,,,,,,,,,,,,,,,,,,,North Carolina,Virginia,,,,1156.38340474,-4.75,2532.519557294,-21.1,-1376.136152553,619.66130427,3688.902962034,7.05,5.95,3.0,2.0
2026-06-15,Rolling 3-Month,2026-01-01,2026-03-31,,State,,,,,,,,,,,,,,,,migration,,,,,,,,,,,,,,,,,,,,,,,,,,,,,,,,,,,,,,,,,,,,,,,,,,,,,,,,,,,,,,,,,North Carolina,Washington,,,,269.403493873,-23.24,858.758326304,-13.25,-589.354832431,49.576196107,1128.161820177,1.64,0.88,12.0,9.0
2026-06-15,Rolling 3-Month,2026-01-01,2026-03-31,,State,,,,,,,,,,,,,,,,migration,,,,,,,,,,,,,,,,,,,,,,,,,,,,,,,,,,,,,,,,,,,,,,,,,,,,,,,,,,,,,,,,,North Dakota,Michigan,,,,2.475247525,-69.06,0.3618421053,-87.94,2.113405419,-2.886594581,2.83708963,0.47,0.03,33.0,35.0
2026-06-15,Rolling 3-Month,2026-01-01,2026-03-31,,State,,,,,,,,,,,,,,,,migration,,,,,,,,,,,,,,,,,,,,,,,,,,,,,,,,,,,,,,,,,,,,,,,,,,,,,,,,,,,,,,,,,North Dakota,Massachusetts,,,,1.50877193,976.71,2.0,-2.85,-0.4912280702,1.427340193,3.50877193,0.29,0.02,40.0,21.0
2026-06-15,Rolling 3-Month,2026-01-01,2026-03-31,,State,,,,,,,,,,,,,,,,migration,,,,,,,,,,,,,,,,,,,,,,,,,,,,,,,,,,,,,,,,,,,,,,,,,,,,,,,,,,,,,,,,,North Carolina,Alaska,,,,12.052271089,116.02,27.688869404,38.87,-15.636598315,-1.277935544,39.741140492,0.07,1.36,46.0,43.0
2026-06-15,Rolling 3-Month,2026-01-01,2026-03-31,,State,,,,,,,,,,,,,,,,migration,,,,,,,,,,,,,,,,,,,,,,,,,,,,,,,,,,,,,,,,,,,,,,,,,,,,,,,,,,,,,,,,,New York,Mississippi,,,,33.24840025,-41.94,13.139671976,48.18,20.108728274,-28.285226024,46.388072226,0.07,1.09,44.0,44.0
2026-06-15,Rolling 3-Month,2026-01-01,2026-03-31,,State,,,,,,,,,,,,,,,,migration,,,,,,,,,,,,,,,,,,,,,,,,,,,,,,,,,,,,,,,,,,,,,,,,,,,,,,,,,,,,,,,,,New York,Wyoming,,,,8.892882697,-6.89,7.0,35.97,1.892882697,-2.510170944,15.892882697,0.02,0.94,48.0,47.0
2026-06-15,Rolling 3-Month,2026-01-01,2026-03-31,,State,,,,,,,,,,,,,,,,migration,,,,,,,,,,,,,,,,,,,,,,,,,,,,,,,,,,,,,,,,,,,,,,,,,,,,,,,,,,,,,,,,,New York,Alabama,,,,166.17778726,-28.96,50.628589021,-3.66,115.549198239,-65.816293343,216.806376281,0.37,2.49,31.0,31.0
2026-06-15,Rolling 3-Month,2026-01-01,2026-03-31,,State,,,,,,,,,,,,,,,,migration,,,,,,,,,,,,,,,,,,,,,,,,,,,,,,,,,,,,,,,,,,,,,,,,,,,,,,,,,,,,,,,,,New Mexico,Texas,,,,293.164009034,-10.72,504.32712568,-29.05,-211.163116646,171.275507379,797.491134714,14.77,0.68,1.0,2.0
2026-06-15,Rolling 3-Month,2026-01-01,2026-03-31,,State,,,,,,,,,,,,,,,,migration,,,,,,,,,,,,,,,,,,,,,,,,,,,,,,,,,,,,,,,,,,,,,,,,,,,,,,,,,,,,,,,,,New Mexico,Utah,,,,32.034159865,61.66,45.425442059,-9.32,-13.391282194,16.886136264,77.459601924,1.61,0.59,12.0,10.0
2026-06-15,Rolling 3-Month,2026-01-01,2026-03-31,,State,,,,,,,,,,,,,,,,migration,,,,,,,,,,,,,,,,,,,,,,,,,,,,,,,,,,,,,,,,,,,,,,,,,,,,,,,,,,,,,,,,,New Mexico,Vermont,,,,2.81029341,-3.73,5.0,85.83,-2.18970659,-2.418341429,7.81029341,0.14,0.14,44.0,41.0
2026-06-15,Rolling 3-Month,2026-01-01,2026-03-31,,State,,,,,,,,,,,,,,,,migration,,,,,,,,,,,,,,,,,,,,,,,,,,,,,,,,,,,,,,,,,,,,,,,,,,,,,,,,,,,,,,,,,New Mexico,Virginia,,,,29.611978607,-47.94,66.55496962,-0.36,-36.942991013,-27.021723555,96.166948226,1.49,0.15,13.0,9.0
2026-06-15,Rolling 3-Month,2026-01-01,2026-03-31,,State,,,,,,,,,,,,,,,,migration,,,,,,,,,,,,,,,,,,,,,,,,,,,,,,,,,,,,,,,,,,,,,,,,,,,,,,,,,,,,,,,,,New Mexico,Washington,,,,115.186275382,3.89,316.071401408,-13.67,-200.885126025,54.357902648,431.25767679,5.8,0.37,6.0,5.0
2026-06-15,Rolling 3-Month,2026-01-01,2026-03-31,,State,,,,,,,,,,,,,,,,migration,,,,,,,,,,,,,,,,,,,,,,,,,,,,,,,,,,,,,,,,,,,,,,,,,,,,,,,,,,,,,,,,,New Mexico,Wisconsin,,,,6.305790322,-13.04,11.495322642,6.49,-5.18953232,-1.646239231,17.801112964,0.32,0.07,33.0,34.0
2026-06-15,Rolling 3-Month,2026-01-01,2026-03-31,,State,,,,,,,,,,,,,,,,migration,,,,,,,,,,,,,,,,,,,,,,,,,,,,,,,,,,,,,,,,,,,,,,,,,,,,,,,,,,,,,,,,,New Mexico,Wyoming,,,,3.0,200.0,8.0,48.2,-5.0,-0.6018518519,11.0,0.15,0.32,43.0,36.0
2026-06-15,Rolling 3-Month,2026-01-01,2026-03-31,,State,,,,,,,,,,,,,,,,migration,,,,,,,,,,,,,,,,,,,,,,,,,,,,,,,,,,,,,,,,,,,,,,,,,,,,,,,,,,,,,,,,,New York,Alaska,,,,16.607776332,-44.95,15.454545455,46.06,1.153230877,-18.43642963,32.062321786,0.04,1.87,47.0,42.0
2026-06-15,Rolling 3-Month,2026-01-01,2026-03-31,,State,,,,,,,,,,,,,,,,migration,,,,,,,,,,,,,,,,,,,,,,,,,,,,,,,,,,,,,,,,,,,,,,,,,,,,,,,,,,,,,,,,,New Mexico,South Dakota,,,,1.534482759,460.42,2.0,-50.0,-0.4655172414,3.260673235,3.534482759,0.08,0.2,46.0,47.0
2026-06-15,Rolling 3-Month,2026-01-01,2026-03-31,,State,,,,,,,,,,,,,,,,migration,,,,,,,,,,,,,,,,,,,,,,,,,,,,,,,,,,,,,,,,,,,,,,,,,,,,,,,,,,,,,,,,,New York,Arizona,,,,529.810509407,-5.01,211.638734233,-33.16,318.171775175,77.077673418,741.44924364,1.19,1.55,16.0,16.0
2026-06-15,Rolling 3-Month,2026-01-01,2026-03-31,,State,,,,,,,,,,,,,,,,migration,,,,,,,,,,,,,,,,,,,,,,,,,,,,,,,,,,,,,,,,,,,,,,,,,,,,,,,,,,,,,,,,,New York,Arkansas,,,,60.026953472,-24.16,18.752990863,46.87,41.273962609,-25.112075872,78.779944335,0.14,1.43,39.0,41.0
2026-06-15,Rolling 3-Month,2026-01-01,2026-03-31,,State,,,,,,,,,,,,,,,,migration,,,,,,,,,,,,,,,,,,,,,,,,,,,,,,,,,,,,,,,,,,,,,,,,,,,,,,,,,,,,,,,,,New York,California,,,,2740.452354291,-3.18,2319.84657486,-32.33,420.605779431,1017.985212775,5060.298929152,6.17,5.25,4.0,1.0
2026-06-15,Rolling 3-Month,2026-01-01,2026-03-31,,State,,,,,,,,,,,,,,,,migration,,,,,,,,,,,,,,,,,,,,,,,,,,,,,,,,,,,,,,,,,,,,,,,,,,,,,,,,,,,,,,,,,New York,Colorado,,,,453.952910276,16.25,279.322624744,-27.9,174.630285532,171.553428169,733.27553502,1.02,2.87,18.0,14.0
2026-06-15,Rolling 3-Month,2026-01-01,2026-03-31,,State,,,,,,,,,,,,,,,,migration,,,,,,,,,,,,,,,,,,,,,,,,,,,,,,,,,,,,,,,,,,,,,,,,,,,,,,,,,,,,,,,,,New York,Columbia,,,,283.171318652,-30.19,141.943217305,-43.71,141.228101347,-12.213628957,425.114535957,0.64,5.29,22.0,22.0
2026-06-15,Rolling 3-Month,2026-01-01,2026-03-31,,State,,,,,,,,,,,,,,,,migration,,,,,,,,,,,,,,,,,,,,,,,,,,,,,,,,,,,,,,,,,,,,,,,,,,,,,,,,,,,,,,,,,New York,Connecticut,,,,2085.640910579,-37.61,684.266891161,-9.05,1401.374019419,-1189.118995423,2769.90780174,4.7,39.37,5.0,7.0
2026-06-15,Rolling 3-Month,2026-01-01,2026-03-31,,State,,,,,,,,,,,,,,,,migration,,,,,,,,,,,,,,,,,,,,,,,,,,,,,,,,,,,,,,,,,,,,,,,,,,,,,,,,,,,,,,,,,New York,Delaware,,,,428.475828967,-30.58,52.574814946,18.39,375.901014021,-196.881242356,481.050643914,0.97,9.7,19.0,30.0
2026-06-15,Rolling 3-Month,2026-01-01,2026-03-31,,State,,,,,,,,,,,,,,,,migration,,,,,,,,,,,,,,,,,,,,,,,,,,,,,,,,,,,,,,,,,,,,,,,,,,,,,,,,,,,,,,,,,New Mexico,Tennessee,,,,27.993720197,11.97,27.369746869,-6.35,0.6239733285,4.849979406,55.363467066,1.41,0.14,16.0,20.0
2026-06-15,Rolling 3-Month,2026-01-01,2026-03-31,,State,,,,,,,,,,,,,,,,migration,,,,,,,,,,,,,,,,,,,,,,,,,,,,,,,,,,,,,,,,,,,,,,,,,,,,,,,,,,,,,,,,,New Mexico,South Carolina,,,,16.686757846,-36.91,7.477272727,12.01,9.209485119,-10.563015704,24.164030573,0.84,0.09,24.0,37.0
2026-06-15,Rolling 3-Month,2026-01-01,2026-03-31,,State,,,,,,,,,,,,,,,,migration,,,,,,,,,,,,,,,,,,,,,,,,,,,,,,,,,,,,,,,,,,,,,,,,,,,,,,,,,,,,,,,,,New York,Georgia,,,,1587.959646392,-0.1,404.387664787,-14.54,1183.571981605,67.265283053,1992.347311179,3.58,8.47,9.0,13.0
2026-06-15,Rolling 3-Month,2026-01-01,2026-03-31,,State,,,,,,,,,,,,,,,,migration,,,,,,,,,,,,,,,,,,,,,,,,,,,,,,,,,,,,,,,,,,,,,,,,,,,,,,,,,,,,,,,,,New Mexico,New Jersey,,,,6.0,-50.64,16.4741133,-11.33,-10.4741133,-4.05027942,22.4741133,0.3,0.04,34.0,30.0
2026-06-15,Rolling 3-Month,2026-01-01,2026-03-31,,State,,,,,,,,,,,,,,,,migration,,,,,,,,,,,,,,,,,,,,,,,,,,,,,,,,,,,,,,,,,,,,,,,,,,,,,,,,,,,,,,,,,New Mexico,Minnesota,,,,10.44465729,-39.48,34.722615597,-12.79,-24.277958307,-1.723859763,45.167272887,0.53,0.22,31.0,16.0
2026-06-15,Rolling 3-Month,2026-01-01,2026-03-31,,State,,,,,,,,,,,,,,,,migration,,,,,,,,,,,,,,,,,,,,,,,,,,,,,,,,,,,,,,,,,,,,,,,,,,,,,,,,,,,,,,,,,New Mexico,Mississippi,,,,4.752617655,18.82,1.950902728,-65.96,2.801714928,4.532211381,6.703520383,0.24,0.16,39.0,48.0
2026-06-15,Rolling 3-Month,2026-01-01,2026-03-31,,State,,,,,,,,,,,,,,,,migration,,,,,,,,,,,,,,,,,,,,,,,,,,,,,,,,,,,,,,,,,,,,,,,,,,,,,,,,,,,,,,,,,New Mexico,Missouri,,,,21.269594023,-32.08,22.225125091,-7.59,-0.9555310681,-8.222091654,43.494719114,1.07,0.31,21.0,24.0
2026-06-15,Rolling 3-Month,2026-01-01,2026-03-31,,State,,,,,,,,,,,,,,,,migration,,,,,,,,,,,,,,,,,,,,,,,,,,,,,,,,,,,,,,,,,,,,,,,,,,,,,,,,,,,,,,,,,New Mexico,Montana,,,,14.839110264,1.74,26.504004004,119.55,-11.66489374,-14.178042686,41.343114268,0.75,0.46,26.0,21.0
2026-06-15,Rolling 3-Month,2026-01-01,2026-03-31,,State,,,,,,,,,,,,,,,,migration,,,,,,,,,,,,,,,,,,,,,,,,,,,,,,,,,,,,,,,,,,,,,,,,,,,,,,,,,,,,,,,,,New Mexico,Nebraska,,,,0.09975062344,-98.0,3.0,-69.21,-2.900249377,1.841626729,3.099750623,0.01,0.01,49.0,45.0
2026-06-15,Rolling 3-Month,2026-01-01,2026-03-31,,State,,,,,,,,,,,,,,,,migration,,,,,,,,,,,,,,,,,,,,,,,,,,,,,,,,,,,,,,,,,,,,,,,,,,,,,,,,,,,,,,,,,New Mexico,Nevada,,,,36.293519297,-27.22,39.080597929,-34.85,-2.787078632,7.32492122,75.374117226,1.83,0.19,11.0,12.0
2026-06-15,Rolling 3-Month,2026-01-01,2026-03-31,,State,,,,,,,,,,,,,,,,migration,,,,,,,,,,,,,,,,,,,,,,,,,,,,,,,,,,,,,,,,,,,,,,,,,,,,,,,,,,,,,,,,,New Mexico,New Hampshire,,,,5.688883639,54.07,3.743699279,-51.33,1.945184359,5.944234692,9.432582918,0.29,0.1,35.0,43.0
2026-06-15,Rolling 3-Month,2026-01-01,2026-03-31,,State,,,,,,,,,,,,,,,,migration,,,,,,,,,,,,,,,,,,,,,,,,,,,,,,,,,,,,,,,,,,,,,,,,,,,,,,,,,,,,,,,,,New Mexico,New Mexico,,,,2957.976258185,-11.47,2957.976258185,-11.47,0.0,0.0,5915.952516369,,,,
2026-06-15,Rolling 3-Month,2026-01-01,2026-03-31,,State,,,,,,,,,,,,,,,,migration,,,,,,,,,,,,,,,,,,,,,,,,,,,,,,,,,,,,,,,,,,,,,,,,,,,,,,,,,,,,,,,,,New Mexico,Rhode Island,,,,1.0,-61.4,1.0,-67.51,0.0,0.4869466179,2.0,0.05,0.04,48.0,49.0
2026-06-15,Rolling 3-Month,2026-01-01,2026-03-31,,State,,,,,,,,,,,,,,,,migration,,,,,,,,,,,,,,,,,,,,,,,,,,,,,,,,,,,,,,,,,,,,,,,,,,,,,,,,,,,,,,,,,New Mexico,New York,,,,29.093730527,2.31,36.888562441,-42.42,-7.794831914,27.83515426,65.982292968,1.47,0.2,15.0,13.0
2026-06-15,Rolling 3-Month,2026-01-01,2026-03-31,,State,,,,,,,,,,,,,,,,migration,,,,,,,,,,,,,,,,,,,,,,,,,,,,,,,,,,,,,,,,,,,,,,,,,,,,,,,,,,,,,,,,,New Mexico,North Carolina,,,,20.755824016,-39.5,36.843601294,-29.57,-16.087777278,1.916742907,57.599425311,1.05,0.09,22.0,14.0
2026-06-15,Rolling 3-Month,2026-01-01,2026-03-31,,State,,,,,,,,,,,,,,,,migration,,,,,,,,,,,,,,,,,,,,,,,,,,,,,,,,,,,,,,,,,,,,,,,,,,,,,,,,,,,,,,,,,New Mexico,North Dakota,,,,1.0,0.0,2.0,,-1.0,-2.0,3.0,0.05,0.31,47.0,46.0
2026-06-15,Rolling 3-Month,2026-01-01,2026-03-31,,State,,,,,,,,,,,,,,,,migration,,,,,,,,,,,,,,,,,,,,,,,,,,,,,,,,,,,,,,,,,,,,,,,,,,,,,,,,,,,,,,,,,New Mexico,Ohio,,,,11.688425008,-42.77,36.725843821,14.34,-25.037418813,-13.343070183,48.414268829,0.59,0.13,29.0,15.0
2026-06-15,Rolling 3-Month,2026-01-01,2026-03-31,,State,,,,,,,,,,,,,,,,migration,,,,,,,,,,,,,,,,,,,,,,,,,,,,,,,,,,,,,,,,,,,,,,,,,,,,,,,,,,,,,,,,,New Mexico,Oklahoma,,,,18.167049723,-50.71,28.59526384,-26.17,-10.428214117,-8.555016593,46.762313563,0.92,0.41,23.0,19.0
2026-06-15,Rolling 3-Month,2026-01-01,2026-03-31,,State,,,,,,,,,,,,,,,,migration,,,,,,,,,,,,,,,,,,,,,,,,,,,,,,,,,,,,,,,,,,,,,,,,,,,,,,,,,,,,,,,,,New Mexico,Oregon,,,,58.503836681,-6.37,91.280646013,-27.47,-32.776809332,30.594688805,149.784482694,2.95,0.31,7.0,7.0
2026-06-15,Rolling 3-Month,2026-01-01,2026-03-31,,State,,,,,,,,,,,,,,,,migration,,,,,,,,,,,,,,,,,,,,,,,,,,,,,,,,,,,,,,,,,,,,,,,,,,,,,,,,,,,,,,,,,New Mexico,Pennsylvania,,,,47.180266828,40.89,20.121076485,-47.89,27.059190342,32.185270552,67.301343313,2.38,0.29,8.0,26.0
2026-06-15,Rolling 3-Month,2026-01-01,2026-03-31,,State,,,,,,,,,,,,,,,,migration,,,,,,,,,,,,,,,,,,,,,,,,,,,,,,,,,,,,,,,,,,,,,,,,,,,,,,,,,,,,,,,,,New York,Florida,,,,10383.026161016,6.87,1883.401624384,-12.89,8499.624536632,946.035827345,12266.427785401,23.39,12.73,1.0,2.0
2026-06-15,Rolling 3-Month,2026-01-01,2026-03-31,,State,,,,,,,,,,,,,,,,migration,,,,,,,,,,,,,,,,,,,,,,,,,,,,,,,,,,,,,,,,,,,,,,,,,,,,,,,,,,,,,,,,,New York,Hawaii,,,,194.42115545,-26.04,71.388745048,7.26,123.032410402,-73.293536177,265.809900498,0.44,1.83,27.0,27.0
2026-06-15,Rolling 3-Month,2026-01-01,2026-03-31,,State,,,,,,,,,,,,,,,,migration,,,,,,,,,,,,,,,,,,,,,,,,,,,,,,,,,,,,,,,,,,,,,,,,,,,,,,,,,,,,,,,,,New York,Wisconsin,,,,98.070094341,-13.43,32.817086752,-2.98,65.253007589,-14.203248911,130.887181093,0.22,1.13,35.0,37.0
2026-06-15,Rolling 3-Month,2026-01-01,2026-03-31,,State,,,,,,,,,,,,,,,,migration,,,,,,,,,,,,,,,,,,,,,,,,,,,,,,,,,,,,,,,,,,,,,,,,,,,,,,,,,,,,,,,,,New York,South Carolina,,,,1614.466449053,-11.88,160.725271097,9.06,1453.741177956,-231.055616401,1775.19172015,3.64,8.63,8.0,20.0
2026-06-15,Rolling 3-Month,2026-01-01,2026-03-31,,State,,,,,,,,,,,,,,,,migration,,,,,,,,,,,,,,,,,,,,,,,,,,,,,,,,,,,,,,,,,,,,,,,,,,,,,,,,,,,,,,,,,New York,North Carolina,,,,2002.595974438,-2.48,485.883749003,-9.57,1516.712225434,0.6071757193,2488.479723441,4.51,8.76,6.0,10.0
2026-06-15,Rolling 3-Month,2026-01-01,2026-03-31,,State,,,,,,,,,,,,,,,,migration,,,,,,,,,,,,,,,,,,,,,,,,,,,,,,,,,,,,,,,,,,,,,,,,,,,,,,,,,,,,,,,,,New York,North Dakota,,,,0.5762711864,-80.79,4.917804878,-8.88,-4.341533692,-1.944490246,5.494076064,0.0,0.18,50.0,48.0
2026-06-15,Rolling 3-Month,2026-01-01,2026-03-31,,State,,,,,,,,,,,,,,,,migration,,,,,,,,,,,,,,,,,,,,,,,,,,,,,,,,,,,,,,,,,,,,,,,,,,,,,,,,,,,,,,,,,New York,Ohio,,,,466.693329843,-19.04,235.376302091,-5.65,231.317027752,-95.665347016,702.069631934,1.05,5.25,17.0,15.0
2026-06-15,Rolling 3-Month,2026-01-01,2026-03-31,,State,,,,,,,,,,,,,,,,migration,,,,,,,,,,,,,,,,,,,,,,,,,,,,,,,,,,,,,,,,,,,,,,,,,,,,,,,,,,,,,,,,,New York,Oklahoma,,,,82.009752848,-11.97,37.035598346,-28.82,44.974154502,3.843707648,119.045351194,0.18,1.83,36.0,35.0
2026-06-15,Rolling 3-Month,2026-01-01,2026-03-31,,State,,,,,,,,,,,,,,,,migration,,,,,,,,,,,,,,,,,,,,,,,,,,,,,,,,,,,,,,,,,,,,,,,,,,,,,,,,,,,,,,,,,New York,Oregon,,,,229.736953899,-0.48,163.482318064,-25.98,66.254635836,56.273656203,393.219271963,0.52,1.21,26.0,19.0
2026-06-15,Rolling 3-Month,2026-01-01,2026-03-31,,State,,,,,,,,,,,,,,,,migration,,,,,,,,,,,,,,,,,,,,,,,,,,,,,,,,,,,,,,,,,,,,,,,,,,,,,,,,,,,,,,,,,New York,Pennsylvania,,,,3380.328687902,-26.72,704.649899997,-18.93,2675.678787906,-1068.15376949,4084.978587899,7.61,20.49,3.0,5.0
2026-06-15,Rolling 3-Month,2026-01-01,2026-03-31,,State,,,,,,,,,,,,,,,,migration,,,,,,,,,,,,,,,,,,,,,,,,,,,,,,,,,,,,,,,,,,,,,,,,,,,,,,,,,,,,,,,,,New York,Rhode Island,,,,152.972848224,-1.36,39.008192594,-1.82,113.96465563,-1.394771192,191.981040818,0.34,6.86,32.0,34.0
2026-06-15,Rolling 3-Month,2026-01-01,2026-03-31,,State,,,,,,,,,,,,,,,,migration,,,,,,,,,,,,,,,,,,,,,,,,,,,,,,,,,,,,,,,,,,,,,,,,,,,,,,,,,,,,,,,,,New York,South Dakota,,,,4.70802005,-36.28,3.088495575,-26.27,1.619524475,-1.57981622,7.796515625,0.01,0.6,49.0,50.0
2026-06-15,Rolling 3-Month,2026-01-01,2026-03-31,,State,,,,,,,,,,,,,,,,migration,,,,,,,,,,,,,,,,,,,,,,,,,,,,,,,,,,,,,,,,,,,,,,,,,,,,,,,,,,,,,,,,,New York,New Mexico,,,,36.888562441,-42.42,29.093730527,2.31,7.794831914,-27.83515426,65.982292968,0.08,1.08,43.0,38.0
2026-06-15,Rolling 3-Month,2026-01-01,2026-03-31,,State,,,,,,,,,,,,,,,,migration,,,,,,,,,,,,,,,,,,,,,,,,,,,,,,,,,,,,,,,,,,,,,,,,,,,,,,,,,,,,,,,,,New York,Tennessee,,,,714.526203001,-1.54,168.222428872,-16.48,546.303774129,22.001726277,882.748631874,1.61,3.65,14.0,18.0
2026-06-15,Rolling 3-Month,2026-01-01,2026-03-31,,State,,,,,,,,,,,,,,,,migration,,,,,,,,,,,,,,,,,,,,,,,,,,,,,,,,,,,,,,,,,,,,,,,,,,,,,,,,,,,,,,,,,New York,Texas,,,,1736.378009258,-12.31,674.609219893,-29.94,1061.768789364,44.552721737,2410.987229151,3.91,4.0,7.0,8.0
2026-06-15,Rolling 3-Month,2026-01-01,2026-03-31,,State,,,,,,,,,,,,,,,,migration,,,,,,,,,,,,,,,,,,,,,,,,,,,,,,,,,,,,,,,,,,,,,,,,,,,,,,,,,,,,,,,,,New York,Utah,,,,81.127069647,12.4,48.727748543,-53.96,32.399321103,66.064563005,129.85481819,0.18,1.5,37.0,32.0
2026-06-15,Rolling 3-Month,2026-01-01,2026-03-31,,State,,,,,,,,,,,,,,,,migration,,,,,,,,,,,,,,,,,,,,,,,,,,,,,,,,,,,,,,,,,,,,,,,,,,,,,,,,,,,,,,,,,New York,Vermont,,,,241.782018643,-33.15,80.426855039,65.28,161.355163604,-151.669670602,322.208873682,0.54,12.03,24.0,24.0
2026-06-15,Rolling 3-Month,2026-01-01,2026-03-31,,State,,,,,,,,,,,,,,,,migration,,,,,,,,,,,,,,,,,,,,,,,,,,,,,,,,,,,,,,,,,,,,,,,,,,,,,,,,,,,,,,,,,New York,Virginia,,,,1403.123179923,-33.75,701.311473716,-26.78,701.811706206,-458.339488468,2104.434653639,3.16,7.22,11.0,6.0
2026-06-15,Rolling 3-Month,2026-01-01,2026-03-31,,State,,,,,,,,,,,,,,,,migration,,,,,,,,,,,,,,,,,,,,,,,,,,,,,,,,,,,,,,,,,,,,,,,,,,,,,,,,,,,,,,,,,New York,Washington,,,,605.40981483,-15.88,604.341249704,-34.84,1.068565126,208.788282081,1209.751064534,1.36,1.97,15.0,9.0
2026-06-15,Rolling 3-Month,2026-01-01,2026-03-31,,State,,,,,,,,,,,,,,,,migration,,,,,,,,,,,,,,,,,,,,,,,,,,,,,,,,,,,,,,,,,,,,,,,,,,,,,,,,,,,,,,,,,New York,West Virginia,,,,63.868668092,-12.02,25.384615385,23.46,38.484052707,-13.547327745,89.253283476,0.14,2.3,38.0,39.0
2026-06-15,Rolling 3-Month,2026-01-01,2026-03-31,,State,,,,,,,,,,,,,,,,migration,,,,,,,,,,,,,,,,,,,,,,,,,,,,,,,,,,,,,,,,,,,,,,,,,,,,,,,,,,,,,,,,,New York,New York,,,,95654.991871077,-21.15,95654.991871077,-21.15,0.0,0.0,191309.983742154,,,,
2026-06-15,Rolling 3-Month,2026-01-01,2026-03-31,,State,,,,,,,,,,,,,,,,migration,,,,,,,,,,,,,,,,,,,,,,,,,,,,,,,,,,,,,,,,,,,,,,,,,,,,,,,,,,,,,,,,,New York,New Jersey,,,,6862.469055319,-28.02,1561.878933004,-12.68,5300.590122315,-2444.99195034,8424.347988323,15.46,45.6,2.0,3.0
2026-06-15,Rolling 3-Month,2026-01-01,2026-03-31,,State,,,,,,,,,,,,,,,,migration,,,,,,,,,,,,,,,,,,,,,,,,,,,,,,,,,,,,,,,,,,,,,,,,,,,,,,,,,,,,,,,,,New York,Idaho,,,,37.969996423,-17.15,11.941659016,-7.93,26.028337407,-6.831432792,49.911655439,0.09,0.36,42.0,45.0
2026-06-15,Rolling 3-Month,2026-01-01,2026-03-31,,State,,,,,,,,,,,,,,,,migration,,,,,,,,,,,,,,,,,,,,,,,,,,,,,,,,,,,,,,,,,,,,,,,,,,,,,,,,,,,,,,,,,New York,Maryland,,,,1501.002682953,-21.56,458.364746721,-20.99,1042.637936232,-290.796899666,1959.367429674,3.38,8.66,10.0,11.0
2026-06-15,Rolling 3-Month,2026-01-01,2026-03-31,,State,,,,,,,,,,,,,,,,migration,,,,,,,,,,,,,,,,,,,,,,,,,,,,,,,,,,,,,,,,,,,,,,,,,,,,,,,,,,,,,,,,,New York,Illinois,,,,770.711999875,-20.08,441.284993754,-26.93,329.427006121,-30.962313259,1211.996993629,1.74,4.08,13.0,12.0
2026-06-15,Rolling 3-Month,2026-01-01,2026-03-31,,State,,,,,,,,,,,,,,,,migration,,,,,,,,,,,,,,,,,,,,,,,,,,,,,,,,,,,,,,,,,,,,,,,,,,,,,,,,,,,,,,,,,New York,Indiana,,,,178.102267803,-12.82,144.726593091,50.68,33.375674712,-74.860708198,322.828860893,0.4,1.99,29.0,21.0
2026-06-15,Rolling 3-Month,2026-01-01,2026-03-31,,State,,,,,,,,,,,,,,,,migration,,,,,,,,,,,,,,,,,,,,,,,,,,,,,,,,,,,,,,,,,,,,,,,,,,,,,,,,,,,,,,,,,New York,Iowa,,,,26.181067289,-2.85,14.062811565,82.53,12.118255723,-7.125109063,40.243878854,0.06,1.29,45.0,43.0
2026-06-15,Rolling 3-Month,2026-01-01,2026-03-31,,State,,,,,,,,,,,,,,,,migration,,,,,,,,,,,,,,,,,,,,,,,,,,,,,,,,,,,,,,,,,,,,,,,,,,,,,,,,,,,,,,,,,New York,Kansas,,,,38.006154436,22.53,24.701840612,-17.6,13.304313824,12.265377057,62.707995048,0.09,1.6,41.0,40.0
2026-06-15,Rolling 3-Month,2026-01-01,2026-03-31,,State,,,,,,,,,,,,,,,,migration,,,,,,,,,,,,,,,,,,,,,,,,,,,,,,,,,,,,,,,,,,,,,,,,,,,,,,,,,,,,,,,,,New York,Kentucky,,,,143.782758869,10.6,65.998382986,54.04,77.784375882,-9.378230467,209.781141855,0.32,3.24,33.0,29.0
2026-06-15,Rolling 3-Month,2026-01-01,2026-03-31,,State,,,,,,,,,,,,,,,,migration,,,,,,,,,,,,,,,,,,,,,,,,,,,,,,,,,,,,,,,,,,,,,,,,,,,,,,,,,,,,,,,,,New York,Louisiana,,,,192.728560804,-10.25,42.968031826,-6.82,149.760528978,-18.855371491,235.69659263,0.43,3.24,28.0,33.0
2026-06-15,Rolling 3-Month,2026-01-01,2026-03-31,,State,,,,,,,,,,,,,,,,migration,,,,,,,,,,,,,,,,,,,,,,,,,,,,,,,,,,,,,,,,,,,,,,,,,,,,,,,,,,,,,,,,,New York,Maine,,,,294.783787345,-41.45,72.595882085,51.59,222.18790526,-233.406783416,367.37966943,0.66,5.28,21.0,26.0
2026-06-15,Rolling 3-Month,2026-01-01,2026-03-31,,State,,,,,,,,,,,,,,,,migration,,,,,,,,,,,,,,,,,,,,,,,,,,,,,,,,,,,,,,,,,,,,,,,,,,,,,,,,,,,,,,,,,New York,Massachusetts,,,,1292.301057843,-18.02,820.47492767,-35.75,471.826130173,172.497903126,2112.775985514,2.91,13.09,12.0,4.0
2026-06-15,Rolling 3-Month,2026-01-01,2026-03-31,,State,,,,,,,,,,,,,,,,migration,,,,,,,,,,,,,,,,,,,,,,,,,,,,,,,,,,,,,,,,,,,,,,,,,,,,,,,,,,,,,,,,,New York,New Hampshire,,,,237.523768922,-25.68,75.079570512,-16.0,162.44419841,-67.765993728,312.603339434,0.53,4.23,25.0,25.0
2026-06-15,Rolling 3-Month,2026-01-01,2026-03-31,,State,,,,,,,,,,,,,,,,migration,,,,,,,,,,,,,,,,,,,,,,,,,,,,,,,,,,,,,,,,,,,,,,,,,,,,,,,,,,,,,,,,,New York,Michigan,,,,317.952721175,-21.12,210.049168561,17.45,107.903552614,-116.324275997,528.001889736,0.72,3.36,20.0,17.0
2026-06-15,Rolling 3-Month,2026-01-01,2026-03-31,,State,,,,,,,,,,,,,,,,migration,,,,,,,,,,,,,,,,,,,,,,,,,,,,,,,,,,,,,,,,,,,,,,,,,,,,,,,,,,,,,,,,,New York,Minnesota,,,,102.05555801,-29.22,68.789032823,-5.26,33.266525187,-38.314262214,170.844590833,0.23,2.16,34.0,28.0
2026-06-15,Rolling 3-Month,2026-01-01,2026-03-31,,State,,,,,,,,,,,,,,,,migration,,,,,,,,,,,,,,,,,,,,,,,,,,,,,,,,,,,,,,,,,,,,,,,,,,,,,,,,,,,,,,,,,North Dakota,North Carolina,,,,4.4092827,-26.51,0.0,-100.0,4.4092827,-0.5907172996,4.4092827,0.84,0.02,26.0,40.0
2026-06-15,Rolling 3-Month,2026-01-01,2026-03-31,,State,,,,,,,,,,,,,,,,migration,,,,,,,,,,,,,,,,,,,,,,,,,,,,,,,,,,,,,,,,,,,,,,,,,,,,,,,,,,,,,,,,,New York,Missouri,,,,167.275918605,-6.85,34.14818097,-40.82,133.127737635,11.245986214,201.424099575,0.38,2.43,30.0,36.0
2026-06-15,Rolling 3-Month,2026-01-01,2026-03-31,,State,,,,,,,,,,,,,,,,migration,,,,,,,,,,,,,,,,,,,,,,,,,,,,,,,,,,,,,,,,,,,,,,,,,,,,,,,,,,,,,,,,,New York,Montana,,,,45.307968774,88.25,3.313432836,-6.63,41.994535938,21.475795702,48.62140161,0.1,1.41,40.0,49.0
2026-06-15,Rolling 3-Month,2026-01-01,2026-03-31,,State,,,,,,,,,,,,,,,,migration,,,,,,,,,,,,,,,,,,,,,,,,,,,,,,,,,,,,,,,,,,,,,,,,,,,,,,,,,,,,,,,,,New York,Nebraska,,,,22.090708601,24.74,8.193333333,-67.04,13.897375267,21.049881145,30.284041934,0.05,1.76,46.0,46.0
2026-06-15,Rolling 3-Month,2026-01-01,2026-03-31,,State,,,,,,,,,,,,,,,,migration,,,,,,,,,,,,,,,,,,,,,,,,,,,,,,,,,,,,,,,,,,,,,,,,,,,,,,,,,,,,,,,,,New York,Nevada,,,,282.635593214,-17.02,116.416207365,-22.5,166.219385849,-24.198316332,399.051800579,0.64,1.44,23.0,23.0
2026-06-15,Rolling 3-Month,2026-01-01,2026-03-31,,State,,,,,,,,,,,,,,,,migration,,,,,,,,,,,,,,,,,,,,,,,,,,,,,,,,,,,,,,,,,,,,,,,,,,,,,,,,,,,,,,,,,North Dakota,New York,,,,4.917804878,-8.88,0.5762711864,-80.79,4.341533692,1.944490246,5.494076064,0.94,0.03,23.0,33.0
2026-06-15,Rolling 3-Month,2026-01-01,2026-03-31,,State,,,,,,,,,,,,,,,,migration,,,,,,,,,,,,,,,,,,,,,,,,,,,,,,,,,,,,,,,,,,,,,,,,,,,,,,,,,,,,,,,,,Ohio,Idaho,,,,27.547662151,76.97,28.628753035,154.57,-1.081090884,-5.401051658,56.176415186,0.24,0.26,40.0,35.0
2026-06-15,Rolling 3-Month,2026-01-01,2026-03-31,,State,,,,,,,,,,,,,,,,migration,,,,,,,,,,,,,,,,,,,,,,,,,,,,,,,,,,,,,,,,,,,,,,,,,,,,,,,,,,,,,,,,,North Dakota,North Dakota,,,,164.53479426,-2.15,164.53479426,-2.15,0.0,0.0,329.06958852,,,,
2026-06-15,Rolling 3-Month,2026-01-01,2026-03-31,,State,,,,,,,,,,,,,,,,migration,,,,,,,,,,,,,,,,,,,,,,,,,,,,,,,,,,,,,,,,,,,,,,,,,,,,,,,,,,,,,,,,,North Dakota,Ohio,,,,3.0,0.0,1.0,-86.63,2.0,6.48,4.0,0.57,0.03,29.0,28.0
2026-06-15,Rolling 3-Month,2026-01-01,2026-03-31,,State,,,,,,,,,,,,,,,,migration,,,,,,,,,,,,,,,,,,,,,,,,,,,,,,,,,,,,,,,,,,,,,,,,,,,,,,,,,,,,,,,,,Oklahoma,Oregon,,,,49.649526484,-17.12,55.63841228,-42.34,-5.988885796,30.592938887,105.287938763,1.62,0.26,14.0,14.0
2026-06-15,Rolling 3-Month,2026-01-01,2026-03-31,,State,,,,,,,,,,,,,,,,migration,,,,,,,,,,,,,,,,,,,,,,,,,,,,,,,,,,,,,,,,,,,,,,,,,,,,,,,,,,,,,,,,,Oklahoma,Pennsylvania,,,,22.964994408,-22.57,34.988547711,-13.19,-12.023553303,-1.379615961,57.953542119,0.75,0.14,28.0,22.0
2026-06-15,Rolling 3-Month,2026-01-01,2026-03-31,,State,,,,,,,,,,,,,,,,migration,,,,,,,,,,,,,,,,,,,,,,,,,,,,,,,,,,,,,,,,,,,,,,,,,,,,,,,,,,,,,,,,,Oklahoma,Rhode Island,,,,3.700729927,199.58,0.0,-100.0,3.700729927,3.465435809,3.700729927,0.12,0.17,45.0,49.0
2026-06-15,Rolling 3-Month,2026-01-01,2026-03-31,,State,,,,,,,,,,,,,,,,migration,,,,,,,,,,,,,,,,,,,,,,,,,,,,,,,,,,,,,,,,,,,,,,,,,,,,,,,,,,,,,,,,,Oklahoma,South Carolina,,,,25.911120946,27.15,21.601680822,-7.2,4.309440123,7.209119524,47.512801768,0.85,0.14,25.0,27.0
2026-06-15,Rolling 3-Month,2026-01-01,2026-03-31,,State,,,,,,,,,,,,,,,,migration,,,,,,,,,,,,,,,,,,,,,,,,,,,,,,,,,,,,,,,,,,,,,,,,,,,,,,,,,,,,,,,,,Oklahoma,South Dakota,,,,5.227074236,385.81,7.136884137,-10.79,-1.909809901,5.014240732,12.363958373,0.17,0.67,41.0,41.0
2026-06-15,Rolling 3-Month,2026-01-01,2026-03-31,,State,,,,,,,,,,,,,,,,migration,,,,,,,,,,,,,,,,,,,,,,,,,,,,,,,,,,,,,,,,,,,,,,,,,,,,,,,,,,,,,,,,,Oklahoma,Tennessee,,,,70.442368405,-15.52,47.420837117,-13.78,23.021531288,-5.360102859,117.863205522,2.31,0.36,11.0,17.0
2026-06-15,Rolling 3-Month,2026-01-01,2026-03-31,,State,,,,,,,,,,,,,,,,migration,,,,,,,,,,,,,,,,,,,,,,,,,,,,,,,,,,,,,,,,,,,,,,,,,,,,,,,,,,,,,,,,,Oklahoma,Texas,,,,597.164884603,26.16,1289.151496311,-25.44,-691.986611708,563.700959594,1886.316380914,19.54,1.38,1.0,1.0
2026-06-15,Rolling 3-Month,2026-01-01,2026-03-31,,State,,,,,,,,,,,,,,,,migration,,,,,,,,,,,,,,,,,,,,,,,,,,,,,,,,,,,,,,,,,,,,,,,,,,,,,,,,,,,,,,,,,Oklahoma,Utah,,,,14.082354913,-29.5,32.130335695,-31.69,-18.047980782,9.013548996,46.212690608,0.46,0.26,35.0,24.0
2026-06-15,Rolling 3-Month,2026-01-01,2026-03-31,,State,,,,,,,,,,,,,,,,migration,,,,,,,,,,,,,,,,,,,,,,,,,,,,,,,,,,,,,,,,,,,,,,,,,,,,,,,,,,,,,,,,,Oklahoma,Vermont,,,,0.6173913043,-75.12,2.0,-33.33,-1.382608696,-0.8637155659,2.617391304,0.02,0.03,49.0,45.0
2026-06-15,Rolling 3-Month,2026-01-01,2026-03-31,,State,,,,,,,,,,,,,,,,migration,,,,,,,,,,,,,,,,,,,,,,,,,,,,,,,,,,,,,,,,,,,,,,,,,,,,,,,,,,,,,,,,,Oklahoma,Virginia,,,,38.958274158,-15.78,63.302815749,-25.42,-24.344541592,14.272776876,102.261089907,1.27,0.2,17.0,12.0
2026-06-15,Rolling 3-Month,2026-01-01,2026-03-31,,State,,,,,,,,,,,,,,,,migration,,,,,,,,,,,,,,,,,,,,,,,,,,,,,,,,,,,,,,,,,,,,,,,,,,,,,,,,,,,,,,,,,Oklahoma,Washington,,,,145.621047709,6.92,412.448171174,5.52,-266.827123465,-12.150084477,558.069218883,4.77,0.47,8.0,3.0
2026-06-15,Rolling 3-Month,2026-01-01,2026-03-31,,State,,,,,,,,,,,,,,,,migration,,,,,,,,,,,,,,,,,,,,,,,,,,,,,,,,,,,,,,,,,,,,,,,,,,,,,,,,,,,,,,,,,Oklahoma,West Virginia,,,,2.553333333,-48.93,8.139662059,108.11,-5.586328726,-6.675179,10.692995392,0.08,0.09,48.0,40.0
2026-06-15,Rolling 3-Month,2026-01-01,2026-03-31,,State,,,,,,,,,,,,,,,,migration,,,,,,,,,,,,,,,,,,,,,,,,,,,,,,,,,,,,,,,,,,,,,,,,,,,,,,,,,,,,,,,,,Oklahoma,Wisconsin,,,,27.510638298,62.7,19.868809628,2.02,7.64182867,10.209320035,47.379447926,0.9,0.32,23.0,28.0
2026-06-15,Rolling 3-Month,2026-01-01,2026-03-31,,State,,,,,,,,,,,,,,,,migration,,,,,,,,,,,,,,,,,,,,,,,,,,,,,,,,,,,,,,,,,,,,,,,,,,,,,,,,,,,,,,,,,Oklahoma,Wyoming,,,,3.0,-25.0,7.0,133.33,-4.0,-5.0,10.0,0.1,0.32,47.0,42.0
2026-06-15,Rolling 3-Month,2026-01-01,2026-03-31,,State,,,,,,,,,,,,,,,,migration,,,,,,,,,,,,,,,,,,,,,,,,,,,,,,,,,,,,,,,,,,,,,,,,,,,,,,,,,,,,,,,,,Oregon,Alabama,,,,58.91722815,-32.73,41.920503863,34.73,16.996724287,-39.476372096,100.837732013,0.35,0.88,30.0,32.0
2026-06-15,Rolling 3-Month,2026-01-01,2026-03-31,,State,,,,,,,,,,,,,,,,migration,,,,,,,,,,,,,,,,,,,,,,,,,,,,,,,,,,,,,,,,,,,,,,,,,,,,,,,,,,,,,,,,,Oregon,Alaska,,,,29.785011881,-36.29,113.574035472,37.18,-83.789023591,-47.752599321,143.359047353,0.18,3.35,40.0,16.0
2026-06-15,Rolling 3-Month,2026-01-01,2026-03-31,,State,,,,,,,,,,,,,,,,migration,,,,,,,,,,,,,,,,,,,,,,,,,,,,,,,,,,,,,,,,,,,,,,,,,,,,,,,,,,,,,,,,,Oregon,Arizona,,,,1489.373278679,-4.11,823.936757854,-10.71,665.436520825,35.054939917,2313.310036534,8.84,4.36,3.0,3.0
2026-06-15,Rolling 3-Month,2026-01-01,2026-03-31,,State,,,,,,,,,,,,,,,,migration,,,,,,,,,,,,,,,,,,,,,,,,,,,,,,,,,,,,,,,,,,,,,,,,,,,,,,,,,,,,,,,,,Oklahoma,Oklahoma,,,,9032.072631547,-11.47,9032.072631547,-11.47,0.0,0.0,18064.145263095,,,,
2026-06-15,Rolling 3-Month,2026-01-01,2026-03-31,,State,,,,,,,,,,,,,,,,migration,,,,,,,,,,,,,,,,,,,,,,,,,,,,,,,,,,,,,,,,,,,,,,,,,,,,,,,,,,,,,,,,,Oklahoma,Ohio,,,,35.378093995,27.01,35.543607491,-14.01,-0.1655134955,13.312581041,70.921701486,1.16,0.4,20.0,21.0
2026-06-15,Rolling 3-Month,2026-01-01,2026-03-31,,State,,,,,,,,,,,,,,,,migration,,,,,,,,,,,,,,,,,,,,,,,,,,,,,,,,,,,,,,,,,,,,,,,,,,,,,,,,,,,,,,,,,Oklahoma,North Carolina,,,,45.286687085,-7.72,50.025050275,19.31,-4.738363189,-11.885059022,95.31173736,1.48,0.2,15.0,16.0
2026-06-15,Rolling 3-Month,2026-01-01,2026-03-31,,State,,,,,,,,,,,,,,,,migration,,,,,,,,,,,,,,,,,,,,,,,,,,,,,,,,,,,,,,,,,,,,,,,,,,,,,,,,,,,,,,,,,Oklahoma,Minnesota,,,,25.845591615,-29.61,51.899680312,33.2,-26.054088697,-23.806857145,77.745271926,0.85,0.55,26.0,15.0
2026-06-15,Rolling 3-Month,2026-01-01,2026-03-31,,State,,,,,,,,,,,,,,,,migration,,,,,,,,,,,,,,,,,,,,,,,,,,,,,,,,,,,,,,,,,,,,,,,,,,,,,,,,,,,,,,,,,Oklahoma,Kansas,,,,153.243111664,-3.8,90.49387059,49.2,62.749241074,-35.89163207,243.736982255,5.01,6.46,7.0,9.0
2026-06-15,Rolling 3-Month,2026-01-01,2026-03-31,,State,,,,,,,,,,,,,,,,migration,,,,,,,,,,,,,,,,,,,,,,,,,,,,,,,,,,,,,,,,,,,,,,,,,,,,,,,,,,,,,,,,,Oklahoma,Kentucky,,,,15.704508316,40.8,17.839844545,-7.06,-2.135336229,5.904802317,33.54435286,0.51,0.35,33.0,32.0
2026-06-15,Rolling 3-Month,2026-01-01,2026-03-31,,State,,,,,,,,,,,,,,,,migration,,,,,,,,,,,,,,,,,,,,,,,,,,,,,,,,,,,,,,,,,,,,,,,,,,,,,,,,,,,,,,,,,Oklahoma,Louisiana,,,,39.227710503,26.07,26.24273873,-35.35,12.984971773,22.463604357,65.470449234,1.28,0.66,16.0,26.0
2026-06-15,Rolling 3-Month,2026-01-01,2026-03-31,,State,,,,,,,,,,,,,,,,migration,,,,,,,,,,,,,,,,,,,,,,,,,,,,,,,,,,,,,,,,,,,,,,,,,,,,,,,,,,,,,,,,,Oklahoma,Maine,,,,12.631022989,1.71,2.315436242,-61.41,10.315586748,3.896982096,14.946459231,0.41,0.23,38.0,44.0
2026-06-15,Rolling 3-Month,2026-01-01,2026-03-31,,State,,,,,,,,,,,,,,,,migration,,,,,,,,,,,,,,,,,,,,,,,,,,,,,,,,,,,,,,,,,,,,,,,,,,,,,,,,,,,,,,,,,Oklahoma,Maryland,,,,29.261789578,-7.18,39.600008857,-21.59,-10.338219279,8.642572457,68.861798435,0.96,0.17,21.0,20.0
2026-06-15,Rolling 3-Month,2026-01-01,2026-03-31,,State,,,,,,,,,,,,,,,,migration,,,,,,,,,,,,,,,,,,,,,,,,,,,,,,,,,,,,,,,,,,,,,,,,,,,,,,,,,,,,,,,,,Oklahoma,Massachusetts,,,,14.577513855,-33.0,39.800068946,18.71,-25.22255509,-13.454435271,54.377582801,0.48,0.15,34.0,19.0
2026-06-15,Rolling 3-Month,2026-01-01,2026-03-31,,State,,,,,,,,,,,,,,,,migration,,,,,,,,,,,,,,,,,,,,,,,,,,,,,,,,,,,,,,,,,,,,,,,,,,,,,,,,,,,,,,,,,Oklahoma,Michigan,,,,22.029640752,-29.44,17.663316815,-0.98,4.366323937,-9.018284008,39.692957567,0.72,0.23,29.0,33.0
2026-06-15,Rolling 3-Month,2026-01-01,2026-03-31,,State,,,,,,,,,,,,,,,,migration,,,,,,,,,,,,,,,,,,,,,,,,,,,,,,,,,,,,,,,,,,,,,,,,,,,,,,,,,,,,,,,,,Oklahoma,Mississippi,,,,17.726799077,10.42,19.0,10.49,-1.273200923,-0.1321581394,36.726799077,0.58,0.58,31.0,30.0
2026-06-15,Rolling 3-Month,2026-01-01,2026-03-31,,State,,,,,,,,,,,,,,,,migration,,,,,,,,,,,,,,,,,,,,,,,,,,,,,,,,,,,,,,,,,,,,,,,,,,,,,,,,,,,,,,,,,Oklahoma,New York,,,,37.035598346,-28.82,82.009752848,-11.97,-44.974154502,-3.843707648,119.045351194,1.21,0.25,18.0,10.0
2026-06-15,Rolling 3-Month,2026-01-01,2026-03-31,,State,,,,,,,,,,,,,,,,migration,,,,,,,,,,,,,,,,,,,,,,,,,,,,,,,,,,,,,,,,,,,,,,,,,,,,,,,,,,,,,,,,,Oklahoma,Missouri,,,,120.302967544,44.95,58.372550281,-28.4,61.930417263,60.462919932,178.675517825,3.94,1.75,10.0,13.0
2026-06-15,Rolling 3-Month,2026-01-01,2026-03-31,,State,,,,,,,,,,,,,,,,migration,,,,,,,,,,,,,,,,,,,,,,,,,,,,,,,,,,,,,,,,,,,,,,,,,,,,,,,,,,,,,,,,,Oklahoma,Montana,,,,18.316112042,104.24,4.545454545,13.64,13.770657497,8.802914146,22.861566588,0.6,0.57,30.0,43.0
2026-06-15,Rolling 3-Month,2026-01-01,2026-03-31,,State,,,,,,,,,,,,,,,,migration,,,,,,,,,,,,,,,,,,,,,,,,,,,,,,,,,,,,,,,,,,,,,,,,,,,,,,,,,,,,,,,,,Oklahoma,Nebraska,,,,14.0,-9.45,13.0,-41.49,1.0,7.758278559,27.0,0.46,1.11,36.0,37.0
2026-06-15,Rolling 3-Month,2026-01-01,2026-03-31,,State,,,,,,,,,,,,,,,,migration,,,,,,,,,,,,,,,,,,,,,,,,,,,,,,,,,,,,,,,,,,,,,,,,,,,,,,,,,,,,,,,,,Oklahoma,Nevada,,,,36.73111264,-27.78,69.547154664,-21.23,-32.816042024,4.619573709,106.278267303,1.2,0.19,19.0,11.0
2026-06-15,Rolling 3-Month,2026-01-01,2026-03-31,,State,,,,,,,,,,,,,,,,migration,,,,,,,,,,,,,,,,,,,,,,,,,,,,,,,,,,,,,,,,,,,,,,,,,,,,,,,,,,,,,,,,,Oklahoma,New Hampshire,,,,5.0,-28.57,0.1904761905,-93.65,4.80952381,0.8095238095,5.19047619,0.16,0.09,42.0,48.0
2026-06-15,Rolling 3-Month,2026-01-01,2026-03-31,,State,,,,,,,,,,,,,,,,migration,,,,,,,,,,,,,,,,,,,,,,,,,,,,,,,,,,,,,,,,,,,,,,,,,,,,,,,,,,,,,,,,,Oklahoma,New Jersey,,,,3.100378788,-66.31,13.548077444,-22.75,-10.447698656,-2.111542689,16.648456231,0.1,0.02,46.0,35.0
2026-06-15,Rolling 3-Month,2026-01-01,2026-03-31,,State,,,,,,,,,,,,,,,,migration,,,,,,,,,,,,,,,,,,,,,,,,,,,,,,,,,,,,,,,,,,,,,,,,,,,,,,,,,,,,,,,,,Oklahoma,New Mexico,,,,28.59526384,-26.17,18.167049723,-50.71,10.428214117,8.555016593,46.762313563,0.94,0.84,22.0,31.0
2026-06-15,Rolling 3-Month,2026-01-01,2026-03-31,,State,,,,,,,,,,,,,,,,migration,,,,,,,,,,,,,,,,,,,,,,,,,,,,,,,,,,,,,,,,,,,,,,,,,,,,,,,,,,,,,,,,,Oregon,Arkansas,,,,50.350209819,-46.78,16.587376518,-4.56,33.762833301,-43.459192201,66.937586337,0.3,1.2,32.0,42.0
2026-06-15,Rolling 3-Month,2026-01-01,2026-03-31,,State,,,,,,,,,,,,,,,,migration,,,,,,,,,,,,,,,,,,,,,,,,,,,,,,,,,,,,,,,,,,,,,,,,,,,,,,,,,,,,,,,,,Oregon,California,,,,3116.662050257,-8.72,7289.861662472,-16.44,-4173.199612215,1136.111727214,10406.523712729,18.51,5.97,2.0,1.0
2026-06-15,Rolling 3-Month,2026-01-01,2026-03-31,,State,,,,,,,,,,,,,,,,migration,,,,,,,,,,,,,,,,,,,,,,,,,,,,,,,,,,,,,,,,,,,,,,,,,,,,,,,,,,,,,,,,,Oregon,Colorado,,,,323.149219693,2.24,463.012001982,-10.47,-139.862782289,61.196449271,786.161221674,1.92,2.04,10.0,5.0
2026-06-15,Rolling 3-Month,2026-01-01,2026-03-31,,State,,,,,,,,,,,,,,,,migration,,,,,,,,,,,,,,,,,,,,,,,,,,,,,,,,,,,,,,,,,,,,,,,,,,,,,,,,,,,,,,,,,Oregon,North Dakota,,,,1.403846154,-81.47,9.089494052,496.92,-7.685647898,-13.737118601,10.493340206,0.01,0.43,50.0,46.0
2026-06-15,Rolling 3-Month,2026-01-01,2026-03-31,,State,,,,,,,,,,,,,,,,migration,,,,,,,,,,,,,,,,,,,,,,,,,,,,,,,,,,,,,,,,,,,,,,,,,,,,,,,,,,,,,,,,,Oregon,Nebraska,,,,19.927791148,-18.29,22.0,-29.17,-2.072208852,4.598816775,41.927791148,0.12,1.59,44.0,39.0
2026-06-15,Rolling 3-Month,2026-01-01,2026-03-31,,State,,,,,,,,,,,,,,,,migration,,,,,,,,,,,,,,,,,,,,,,,,,,,,,,,,,,,,,,,,,,,,,,,,,,,,,,,,,,,,,,,,,Oregon,Nevada,,,,379.098713504,-32.04,443.532878604,26.53,-64.4341651,-271.697195567,822.631592109,2.25,1.93,7.0,6.0
2026-06-15,Rolling 3-Month,2026-01-01,2026-03-31,,State,,,,,,,,,,,,,,,,migration,,,,,,,,,,,,,,,,,,,,,,,,,,,,,,,,,,,,,,,,,,,,,,,,,,,,,,,,,,,,,,,,,Oregon,New Hampshire,,,,30.776885196,47.63,22.898167079,-36.96,7.878718116,23.356483044,53.675052275,0.18,0.55,39.0,38.0
2026-06-15,Rolling 3-Month,2026-01-01,2026-03-31,,State,,,,,,,,,,,,,,,,migration,,,,,,,,,,,,,,,,,,,,,,,,,,,,,,,,,,,,,,,,,,,,,,,,,,,,,,,,,,,,,,,,,Oregon,New Jersey,,,,32.889717357,-24.15,61.528037791,57.6,-28.638320434,-32.959761919,94.417755148,0.2,0.22,38.0,27.0
2026-06-15,Rolling 3-Month,2026-01-01,2026-03-31,,State,,,,,,,,,,,,,,,,migration,,,,,,,,,,,,,,,,,,,,,,,,,,,,,,,,,,,,,,,,,,,,,,,,,,,,,,,,,,,,,,,,,Oregon,New Mexico,,,,91.280646013,-27.47,58.503836681,-6.37,32.776809332,-30.594688805,149.784482694,0.54,2.67,25.0,28.0
2026-06-15,Rolling 3-Month,2026-01-01,2026-03-31,,State,,,,,,,,,,,,,,,,migration,,,,,,,,,,,,,,,,,,,,,,,,,,,,,,,,,,,,,,,,,,,,,,,,,,,,,,,,,,,,,,,,,Oregon,New York,,,,163.482318064,-25.98,229.736953899,-0.48,-66.254635836,-56.273656203,393.219271963,0.97,1.13,14.0,12.0
2026-06-15,Rolling 3-Month,2026-01-01,2026-03-31,,State,,,,,,,,,,,,,,,,migration,,,,,,,,,,,,,,,,,,,,,,,,,,,,,,,,,,,,,,,,,,,,,,,,,,,,,,,,,,,,,,,,,Oregon,North Carolina,,,,189.603780815,-22.75,131.653230892,-8.08,57.950549923,-44.262289355,321.257011707,1.13,0.83,12.0,14.0
2026-06-15,Rolling 3-Month,2026-01-01,2026-03-31,,State,,,,,,,,,,,,,,,,migration,,,,,,,,,,,,,,,,,,,,,,,,,,,,,,,,,,,,,,,,,,,,,,,,,,,,,,,,,,,,,,,,,Oregon,Ohio,,,,93.067920414,-44.7,97.460059732,-14.9,-4.392139319,-58.173183951,190.527980146,0.55,1.05,22.0,21.0
2026-06-15,Rolling 3-Month,2026-01-01,2026-03-31,,State,,,,,,,,,,,,,,,,migration,,,,,,,,,,,,,,,,,,,,,,,,,,,,,,,,,,,,,,,,,,,,,,,,,,,,,,,,,,,,,,,,,Oregon,Missouri,,,,92.374934588,-26.54,80.38598854,-12.88,11.988946048,-21.491379561,172.760923128,0.55,1.34,23.0,24.0
2026-06-15,Rolling 3-Month,2026-01-01,2026-03-31,,State,,,,,,,,,,,,,,,,migration,,,,,,,,,,,,,,,,,,,,,,,,,,,,,,,,,,,,,,,,,,,,,,,,,,,,,,,,,,,,,,,,,Oregon,Oklahoma,,,,55.63841228,-42.34,49.649526484,-17.12,5.988885796,-30.592938887,105.287938763,0.33,1.24,31.0,30.0
2026-06-15,Rolling 3-Month,2026-01-01,2026-03-31,,State,,,,,,,,,,,,,,,,migration,,,,,,,,,,,,,,,,,,,,,,,,,,,,,,,,,,,,,,,,,,,,,,,,,,,,,,,,,,,,,,,,,Oregon,Oregon,,,,73345.939664394,-15.5,73345.939664394,-15.5,0.0,0.0,146691.879328788,,,,
2026-06-15,Rolling 3-Month,2026-01-01,2026-03-31,,State,,,,,,,,,,,,,,,,migration,,,,,,,,,,,,,,,,,,,,,,,,,,,,,,,,,,,,,,,,,,,,,,,,,,,,,,,,,,,,,,,,,Oregon,Pennsylvania,,,,104.225999246,-40.57,122.510215092,-15.92,-18.284215846,-47.959361115,226.736214338,0.62,0.63,20.0,15.0
2026-06-15,Rolling 3-Month,2026-01-01,2026-03-31,,State,,,,,,,,,,,,,,,,migration,,,,,,,,,,,,,,,,,,,,,,,,,,,,,,,,,,,,,,,,,,,,,,,,,,,,,,,,,,,,,,,,,Oregon,Rhode Island,,,,6.095830738,-25.68,1.0,-73.14,5.095830738,0.6163415385,7.095830738,0.04,0.27,49.0,50.0
2026-06-15,Rolling 3-Month,2026-01-01,2026-03-31,,State,,,,,,,,,,,,,,,,migration,,,,,,,,,,,,,,,,,,,,,,,,,,,,,,,,,,,,,,,,,,,,,,,,,,,,,,,,,,,,,,,,,Oregon,South Carolina,,,,146.061079912,29.32,46.000507318,100.77,100.060572594,10.031695585,192.06158723,0.87,0.78,16.0,31.0
2026-06-15,Rolling 3-Month,2026-01-01,2026-03-31,,State,,,,,,,,,,,,,,,,migration,,,,,,,,,,,,,,,,,,,,,,,,,,,,,,,,,,,,,,,,,,,,,,,,,,,,,,,,,,,,,,,,,Oregon,South Dakota,,,,15.606547123,-0.23,7.0,0.0,8.606547123,-0.03628815038,22.606547123,0.09,2.0,45.0,48.0
2026-06-15,Rolling 3-Month,2026-01-01,2026-03-31,,State,,,,,,,,,,,,,,,,migration,,,,,,,,,,,,,,,,,,,,,,,,,,,,,,,,,,,,,,,,,,,,,,,,,,,,,,,,,,,,,,,,,Oregon,Tennessee,,,,252.696747813,-1.59,97.821002329,-15.89,154.875745483,14.393784236,350.517750142,1.5,1.29,11.0,20.0
2026-06-15,Rolling 3-Month,2026-01-01,2026-03-31,,State,,,,,,,,,,,,,,,,migration,,,,,,,,,,,,,,,,,,,,,,,,,,,,,,,,,,,,,,,,,,,,,,,,,,,,,,,,,,,,,,,,,Oregon,Montana,,,,152.254368508,7.98,68.368796223,4.34,83.885572285,8.40294634,220.623164731,0.9,4.74,15.0,26.0
2026-06-15,Rolling 3-Month,2026-01-01,2026-03-31,,State,,,,,,,,,,,,,,,,migration,,,,,,,,,,,,,,,,,,,,,,,,,,,,,,,,,,,,,,,,,,,,,,,,,,,,,,,,,,,,,,,,,Oregon,Mississippi,,,,35.614303007,0.96,7.208695652,260.43,28.405607355,-4.868835275,42.82299866,0.21,1.17,35.0,47.0
2026-06-15,Rolling 3-Month,2026-01-01,2026-03-31,,State,,,,,,,,,,,,,,,,migration,,,,,,,,,,,,,,,,,,,,,,,,,,,,,,,,,,,,,,,,,,,,,,,,,,,,,,,,,,,,,,,,,Oregon,Columbia,,,,21.25667122,-49.99,29.543836819,-40.18,-8.287165599,-1.406510021,50.800508039,0.13,0.4,42.0,34.0
2026-06-15,Rolling 3-Month,2026-01-01,2026-03-31,,State,,,,,,,,,,,,,,,,migration,,,,,,,,,,,,,,,,,,,,,,,,,,,,,,,,,,,,,,,,,,,,,,,,,,,,,,,,,,,,,,,,,Oregon,Indiana,,,,81.677087205,-18.91,50.354489003,-1.92,31.322598202,-18.061673818,132.031576208,0.49,0.91,26.0,29.0
2026-06-15,Rolling 3-Month,2026-01-01,2026-03-31,,State,,,,,,,,,,,,,,,,migration,,,,,,,,,,,,,,,,,,,,,,,,,,,,,,,,,,,,,,,,,,,,,,,,,,,,,,,,,,,,,,,,,Oregon,Connecticut,,,,34.57118354,-7.87,25.269815749,-14.33,9.301367791,1.274612953,59.840999289,0.21,0.65,36.0,37.0
2026-06-15,Rolling 3-Month,2026-01-01,2026-03-31,,State,,,,,,,,,,,,,,,,migration,,,,,,,,,,,,,,,,,,,,,,,,,,,,,,,,,,,,,,,,,,,,,,,,,,,,,,,,,,,,,,,,,Oregon,Delaware,,,,6.977059747,-41.85,3.0,-49.85,3.977059747,-2.03981048,9.977059747,0.04,0.16,48.0,49.0
2026-06-15,Rolling 3-Month,2026-01-01,2026-03-31,,State,,,,,,,,,,,,,,,,migration,,,,,,,,,,,,,,,,,,,,,,,,,,,,,,,,,,,,,,,,,,,,,,,,,,,,,,,,,,,,,,,,,Oregon,Florida,,,,605.038207742,-1.22,288.046460179,-21.95,316.991747563,73.556663514,893.08466792,3.59,0.74,6.0,9.0
2026-06-15,Rolling 3-Month,2026-01-01,2026-03-31,,State,,,,,,,,,,,,,,,,migration,,,,,,,,,,,,,,,,,,,,,,,,,,,,,,,,,,,,,,,,,,,,,,,,,,,,,,,,,,,,,,,,,Oregon,Georgia,,,,136.853631395,-21.68,106.626766962,-25.15,30.226864433,-2.055846987,243.480398356,0.81,0.73,18.0,19.0
2026-06-15,Rolling 3-Month,2026-01-01,2026-03-31,,State,,,,,,,,,,,,,,,,migration,,,,,,,,,,,,,,,,,,,,,,,,,,,,,,,,,,,,,,,,,,,,,,,,,,,,,,,,,,,,,,,,,Oregon,Hawaii,,,,358.138366234,-39.18,348.366957694,-0.72,9.77140854,-228.167984678,706.505323928,2.13,3.37,8.0,7.0
2026-06-15,Rolling 3-Month,2026-01-01,2026-03-31,,State,,,,,,,,,,,,,,,,migration,,,,,,,,,,,,,,,,,,,,,,,,,,,,,,,,,,,,,,,,,,,,,,,,,,,,,,,,,,,,,,,,,Oregon,Idaho,,,,607.115043686,3.53,239.283979364,12.68,367.831064321,-6.206512097,846.39902305,3.61,5.7,5.0,11.0
2026-06-15,Rolling 3-Month,2026-01-01,2026-03-31,,State,,,,,,,,,,,,,,,,migration,,,,,,,,,,,,,,,,,,,,,,,,,,,,,,,,,,,,,,,,,,,,,,,,,,,,,,,,,,,,,,,,,Oregon,Illinois,,,,332.352563903,33.87,330.451082927,-2.53,1.901480976,92.684213119,662.80364683,1.97,1.76,9.0,8.0
2026-06-15,Rolling 3-Month,2026-01-01,2026-03-31,,State,,,,,,,,,,,,,,,,migration,,,,,,,,,,,,,,,,,,,,,,,,,,,,,,,,,,,,,,,,,,,,,,,,,,,,,,,,,,,,,,,,,Oregon,Iowa,,,,27.094723588,-42.59,18.240549376,-43.91,8.854174212,-5.818508072,45.335272964,0.16,1.33,41.0,41.0
2026-06-15,Rolling 3-Month,2026-01-01,2026-03-31,,State,,,,,,,,,,,,,,,,migration,,,,,,,,,,,,,,,,,,,,,,,,,,,,,,,,,,,,,,,,,,,,,,,,,,,,,,,,,,,,,,,,,Oregon,Minnesota,,,,104.956652636,-32.46,109.071822569,19.11,-4.115169934,-67.944441469,214.028475205,0.62,2.22,19.0,18.0
2026-06-15,Rolling 3-Month,2026-01-01,2026-03-31,,State,,,,,,,,,,,,,,,,migration,,,,,,,,,,,,,,,,,,,,,,,,,,,,,,,,,,,,,,,,,,,,,,,,,,,,,,,,,,,,,,,,,Oregon,Kansas,,,,20.947574147,-48.31,27.34375,-10.77,-6.396175853,-16.275871729,48.291324147,0.12,0.88,43.0,36.0
2026-06-15,Rolling 3-Month,2026-01-01,2026-03-31,,State,,,,,,,,,,,,,,,,migration,,,,,,,,,,,,,,,,,,,,,,,,,,,,,,,,,,,,,,,,,,,,,,,,,,,,,,,,,,,,,,,,,Oregon,Kentucky,,,,36.234507021,-50.88,27.852080355,18.64,8.382426666,-41.914926616,64.086587376,0.22,0.82,34.0,35.0
2026-06-15,Rolling 3-Month,2026-01-01,2026-03-31,,State,,,,,,,,,,,,,,,,migration,,,,,,,,,,,,,,,,,,,,,,,,,,,,,,,,,,,,,,,,,,,,,,,,,,,,,,,,,,,,,,,,,Oregon,Louisiana,,,,65.615821594,-4.67,38.12198329,25.42,27.493838303,-10.941161219,103.737804884,0.39,1.1,29.0,33.0
2026-06-15,Rolling 3-Month,2026-01-01,2026-03-31,,State,,,,,,,,,,,,,,,,migration,,,,,,,,,,,,,,,,,,,,,,,,,,,,,,,,,,,,,,,,,,,,,,,,,,,,,,,,,,,,,,,,,Oregon,Maine,,,,45.901823704,-45.92,18.694058275,192.92,27.207765429,-51.28079725,64.595881978,0.27,0.82,33.0,40.0
2026-06-15,Rolling 3-Month,2026-01-01,2026-03-31,,State,,,,,,,,,,,,,,,,migration,,,,,,,,,,,,,,,,,,,,,,,,,,,,,,,,,,,,,,,,,,,,,,,,,,,,,,,,,,,,,,,,,Oregon,Maryland,,,,73.765129828,13.93,110.291750909,16.41,-36.526621081,-6.525476136,184.056880737,0.44,0.43,28.0,17.0
2026-06-15,Rolling 3-Month,2026-01-01,2026-03-31,,State,,,,,,,,,,,,,,,,migration,,,,,,,,,,,,,,,,,,,,,,,,,,,,,,,,,,,,,,,,,,,,,,,,,,,,,,,,,,,,,,,,,Oregon,Massachusetts,,,,78.0427637,-41.06,88.373546326,-22.94,-10.330782626,-28.050472727,166.416310026,0.46,0.79,27.0,23.0
2026-06-15,Rolling 3-Month,2026-01-01,2026-03-31,,State,,,,,,,,,,,,,,,,migration,,,,,,,,,,,,,,,,,,,,,,,,,,,,,,,,,,,,,,,,,,,,,,,,,,,,,,,,,,,,,,,,,Oregon,Michigan,,,,146.017577997,-25.81,91.193538589,11.25,54.824039408,-60.018362669,237.211116585,0.87,1.55,17.0,22.0
2026-06-15,Rolling 3-Month,2026-01-01,2026-03-31,,State,,,,,,,,,,,,,,,,migration,,,,,,,,,,,,,,,,,,,,,,,,,,,,,,,,,,,,,,,,,,,,,,,,,,,,,,,,,,,,,,,,,Oklahoma,Iowa,,,,17.179752759,71.13,40.214198816,-27.36,-23.034446056,22.284467066,57.393951575,0.56,0.84,32.0,18.0
2026-06-15,Rolling 3-Month,2026-01-01,2026-03-31,,State,,,,,,,,,,,,,,,,migration,,,,,,,,,,,,,,,,,,,,,,,,,,,,,,,,,,,,,,,,,,,,,,,,,,,,,,,,,,,,,,,,,Oklahoma,Indiana,,,,25.109703476,-0.38,13.436039528,11.08,11.673663947,-1.435644177,38.545743004,0.82,0.28,27.0,36.0
2026-06-15,Rolling 3-Month,2026-01-01,2026-03-31,,State,,,,,,,,,,,,,,,,migration,,,,,,,,,,,,,,,,,,,,,,,,,,,,,,,,,,,,,,,,,,,,,,,,,,,,,,,,,,,,,,,,,Oklahoma,Illinois,,,,225.448183414,52.65,170.42498212,-32.56,55.023201294,160.05048261,395.873165533,7.38,1.19,3.0,6.0
2026-06-15,Rolling 3-Month,2026-01-01,2026-03-31,,State,,,,,,,,,,,,,,,,migration,,,,,,,,,,,,,,,,,,,,,,,,,,,,,,,,,,,,,,,,,,,,,,,,,,,,,,,,,,,,,,,,,Ohio,Indiana,,,,310.844995399,-3.36,261.002990276,27.84,49.842005124,-67.640624637,571.847985675,2.73,3.48,14.0,11.0
2026-06-15,Rolling 3-Month,2026-01-01,2026-03-31,,State,,,,,,,,,,,,,,,,migration,,,,,,,,,,,,,,,,,,,,,,,,,,,,,,,,,,,,,,,,,,,,,,,,,,,,,,,,,,,,,,,,,Ohio,Connecticut,,,,49.113245189,-9.88,45.845927103,19.56,3.267318086,-12.885414763,94.959172292,0.43,0.93,32.0,28.0
2026-06-15,Rolling 3-Month,2026-01-01,2026-03-31,,State,,,,,,,,,,,,,,,,migration,,,,,,,,,,,,,,,,,,,,,,,,,,,,,,,,,,,,,,,,,,,,,,,,,,,,,,,,,,,,,,,,,Ohio,Delaware,,,,31.658997031,22.39,7.451612903,-54.52,24.207384128,14.723182017,39.110609934,0.28,0.72,36.0,46.0
2026-06-15,Rolling 3-Month,2026-01-01,2026-03-31,,State,,,,,,,,,,,,,,,,migration,,,,,,,,,,,,,,,,,,,,,,,,,,,,,,,,,,,,,,,,,,,,,,,,,,,,,,,,,,,,,,,,,Ohio,Florida,,,,2696.917704984,8.61,896.44820941,-21.61,1800.469495574,460.884025349,3593.365914394,23.65,3.31,1.0,2.0
2026-06-15,Rolling 3-Month,2026-01-01,2026-03-31,,State,,,,,,,,,,,,,,,,migration,,,,,,,,,,,,,,,,,,,,,,,,,,,,,,,,,,,,,,,,,,,,,,,,,,,,,,,,,,,,,,,,,Ohio,Georgia,,,,395.271333621,-4.92,241.506480433,-14.0,153.764853187,18.882402481,636.777814054,3.47,2.11,10.0,13.0
2026-06-15,Rolling 3-Month,2026-01-01,2026-03-31,,State,,,,,,,,,,,,,,,,migration,,,,,,,,,,,,,,,,,,,,,,,,,,,,,,,,,,,,,,,,,,,,,,,,,,,,,,,,,,,,,,,,,Ohio,Hawaii,,,,76.717314542,24.91,36.952327357,-21.8,39.764987185,25.601820007,113.669641899,0.67,0.72,25.0,31.0
2026-06-15,Rolling 3-Month,2026-01-01,2026-03-31,,State,,,,,,,,,,,,,,,,migration,,,,,,,,,,,,,,,,,,,,,,,,,,,,,,,,,,,,,,,,,,,,,,,,,,,,,,,,,,,,,,,,,New Mexico,Massachusetts,,,,38.90802668,124.95,22.477660451,-52.89,16.43036623,46.848906534,61.385687131,1.96,0.39,10.0,23.0
2026-06-15,Rolling 3-Month,2026-01-01,2026-03-31,,State,,,,,,,,,,,,,,,,migration,,,,,,,,,,,,,,,,,,,,,,,,,,,,,,,,,,,,,,,,,,,,,,,,,,,,,,,,,,,,,,,,,Ohio,Illinois,,,,450.488052995,-18.8,631.879215264,-28.43,-181.391162269,146.660811308,1082.367268259,3.95,2.39,7.0,3.0
2026-06-15,Rolling 3-Month,2026-01-01,2026-03-31,,State,,,,,,,,,,,,,,,,migration,,,,,,,,,,,,,,,,,,,,,,,,,,,,,,,,,,,,,,,,,,,,,,,,,,,,,,,,,,,,,,,,,Ohio,Iowa,,,,16.615807066,-24.55,13.459024306,43.0,3.15678276,-9.452537361,30.074831371,0.15,0.82,45.0,41.0
2026-06-15,Rolling 3-Month,2026-01-01,2026-03-31,,State,,,,,,,,,,,,,,,,migration,,,,,,,,,,,,,,,,,,,,,,,,,,,,,,,,,,,,,,,,,,,,,,,,,,,,,,,,,,,,,,,,,Ohio,Colorado,,,,270.980173879,55.17,186.294649478,-41.38,84.6855244,227.845361385,457.274823357,2.38,1.71,15.0,17.0
2026-06-15,Rolling 3-Month,2026-01-01,2026-03-31,,State,,,,,,,,,,,,,,,,migration,,,,,,,,,,,,,,,,,,,,,,,,,,,,,,,,,,,,,,,,,,,,,,,,,,,,,,,,,,,,,,,,,Ohio,Kansas,,,,22.025437392,83.62,17.350766657,-37.57,4.674670735,20.470947585,39.376204049,0.19,0.93,42.0,37.0
2026-06-15,Rolling 3-Month,2026-01-01,2026-03-31,,State,,,,,,,,,,,,,,,,migration,,,,,,,,,,,,,,,,,,,,,,,,,,,,,,,,,,,,,,,,,,,,,,,,,,,,,,,,,,,,,,,,,Ohio,Kentucky,,,,597.936121006,17.03,242.24250631,-1.07,355.693614696,89.621939046,840.178627316,5.24,13.45,3.0,12.0
2026-06-15,Rolling 3-Month,2026-01-01,2026-03-31,,State,,,,,,,,,,,,,,,,migration,,,,,,,,,,,,,,,,,,,,,,,,,,,,,,,,,,,,,,,,,,,,,,,,,,,,,,,,,,,,,,,,,Ohio,Louisiana,,,,65.593848986,-17.63,30.642058528,-18.86,34.951790458,-6.919263678,96.235907514,0.58,1.1,27.0,33.0
2026-06-15,Rolling 3-Month,2026-01-01,2026-03-31,,State,,,,,,,,,,,,,,,,migration,,,,,,,,,,,,,,,,,,,,,,,,,,,,,,,,,,,,,,,,,,,,,,,,,,,,,,,,,,,,,,,,,Ohio,Maine,,,,58.249662887,7.13,29.986338637,212.18,28.26332425,-16.505088251,88.236001524,0.51,1.04,29.0,34.0
2026-06-15,Rolling 3-Month,2026-01-01,2026-03-31,,State,,,,,,,,,,,,,,,,migration,,,,,,,,,,,,,,,,,,,,,,,,,,,,,,,,,,,,,,,,,,,,,,,,,,,,,,,,,,,,,,,,,Ohio,Maryland,,,,260.16958489,23.41,190.010303766,-27.92,70.159281125,122.940405696,450.179888656,2.28,1.5,16.0,16.0
2026-06-15,Rolling 3-Month,2026-01-01,2026-03-31,,State,,,,,,,,,,,,,,,,migration,,,,,,,,,,,,,,,,,,,,,,,,,,,,,,,,,,,,,,,,,,,,,,,,,,,,,,,,,,,,,,,,,Ohio,Massachusetts,,,,141.584813136,3.47,145.844584445,-18.69,-4.259771309,38.277437757,287.42939758,1.24,1.43,19.0,18.0
2026-06-15,Rolling 3-Month,2026-01-01,2026-03-31,,State,,,,,,,,,,,,,,,,migration,,,,,,,,,,,,,,,,,,,,,,,,,,,,,,,,,,,,,,,,,,,,,,,,,,,,,,,,,,,,,,,,,Ohio,Michigan,,,,445.104327122,-8.41,491.950415391,-14.4,-46.846088269,41.89404638,937.054742513,3.9,4.71,8.0,4.0
2026-06-15,Rolling 3-Month,2026-01-01,2026-03-31,,State,,,,,,,,,,,,,,,,migration,,,,,,,,,,,,,,,,,,,,,,,,,,,,,,,,,,,,,,,,,,,,,,,,,,,,,,,,,,,,,,,,,Ohio,Columbia,,,,54.042206356,-4.76,40.313491639,-24.98,13.728714717,10.720846267,94.355697996,0.47,1.01,31.0,30.0
2026-06-15,Rolling 3-Month,2026-01-01,2026-03-31,,State,,,,,,,,,,,,,,,,migration,,,,,,,,,,,,,,,,,,,,,,,,,,,,,,,,,,,,,,,,,,,,,,,,,,,,,,,,,,,,,,,,,Ohio,California,,,,786.074048783,10.37,1558.679289567,-26.19,-772.605240784,626.982076701,2344.75333835,6.89,1.51,2.0,1.0
2026-06-15,Rolling 3-Month,2026-01-01,2026-03-31,,State,,,,,,,,,,,,,,,,migration,,,,,,,,,,,,,,,,,,,,,,,,,,,,,,,,,,,,,,,,,,,,,,,,,,,,,,,,,,,,,,,,,Ohio,Mississippi,,,,29.276674275,-46.96,3.270094086,-23.7,26.006580189,-24.902424443,32.546768361,0.26,0.96,38.0,47.0
2026-06-15,Rolling 3-Month,2026-01-01,2026-03-31,,State,,,,,,,,,,,,,,,,migration,,,,,,,,,,,,,,,,,,,,,,,,,,,,,,,,,,,,,,,,,,,,,,,,,,,,,,,,,,,,,,,,,North Dakota,Texas,,,,66.406779661,109.74,14.914877876,32.96,51.491901785,31.048302059,81.321657537,12.69,0.15,1.0,6.0
2026-06-15,Rolling 3-Month,2026-01-01,2026-03-31,,State,,,,,,,,,,,,,,,,migration,,,,,,,,,,,,,,,,,,,,,,,,,,,,,,,,,,,,,,,,,,,,,,,,,,,,,,,,,,,,,,,,,North Dakota,Oklahoma,,,,8.0,60.0,0.0,-100.0,8.0,4.0,8.0,1.53,0.18,14.0,41.0
2026-06-15,Rolling 3-Month,2026-01-01,2026-03-31,,State,,,,,,,,,,,,,,,,migration,,,,,,,,,,,,,,,,,,,,,,,,,,,,,,,,,,,,,,,,,,,,,,,,,,,,,,,,,,,,,,,,,North Dakota,Oregon,,,,9.089494052,496.92,1.403846154,-81.47,7.685647898,13.737118601,10.493340206,1.74,0.05,13.0,23.0
2026-06-15,Rolling 3-Month,2026-01-01,2026-03-31,,State,,,,,,,,,,,,,,,,migration,,,,,,,,,,,,,,,,,,,,,,,,,,,,,,,,,,,,,,,,,,,,,,,,,,,,,,,,,,,,,,,,,North Dakota,Pennsylvania,,,,2.0,-52.52,2.203539823,61.27,-0.203539823,-3.04942045,4.203539823,0.38,0.01,37.0,17.0
2026-06-15,Rolling 3-Month,2026-01-01,2026-03-31,,State,,,,,,,,,,,,,,,,migration,,,,,,,,,,,,,,,,,,,,,,,,,,,,,,,,,,,,,,,,,,,,,,,,,,,,,,,,,,,,,,,,,North Dakota,Rhode Island,,,,1.0,,1.0,,0.0,,2.0,0.19,0.04,44.0,30.0
2026-06-15,Rolling 3-Month,2026-01-01,2026-03-31,,State,,,,,,,,,,,,,,,,migration,,,,,,,,,,,,,,,,,,,,,,,,,,,,,,,,,,,,,,,,,,,,,,,,,,,,,,,,,,,,,,,,,North Dakota,South Carolina,,,,5.0,25.0,2.0,,3.0,-1.0,7.0,0.96,0.03,22.0,19.0
2026-06-15,Rolling 3-Month,2026-01-01,2026-03-31,,State,,,,,,,,,,,,,,,,migration,,,,,,,,,,,,,,,,,,,,,,,,,,,,,,,,,,,,,,,,,,,,,,,,,,,,,,,,,,,,,,,,,North Dakota,South Dakota,,,,5.129485418,-18.88,3.0,16.28,2.129485418,-1.614043994,8.129485418,0.98,0.66,19.0,14.0
2026-06-15,Rolling 3-Month,2026-01-01,2026-03-31,,State,,,,,,,,,,,,,,,,migration,,,,,,,,,,,,,,,,,,,,,,,,,,,,,,,,,,,,,,,,,,,,,,,,,,,,,,,,,,,,,,,,,North Dakota,Tennessee,,,,14.0,72.47,1.903921569,-36.54,12.096078431,6.978794481,15.903921569,2.67,0.07,10.0,22.0
2026-06-15,Rolling 3-Month,2026-01-01,2026-03-31,,State,,,,,,,,,,,,,,,,migration,,,,,,,,,,,,,,,,,,,,,,,,,,,,,,,,,,,,,,,,,,,,,,,,,,,,,,,,,,,,,,,,,North Dakota,Utah,,,,3.598290598,-10.04,1.0,-33.78,2.598290598,0.1084946799,4.598290598,0.69,0.07,28.0,31.0
2026-06-15,Rolling 3-Month,2026-01-01,2026-03-31,,State,,,,,,,,,,,,,,,,migration,,,,,,,,,,,,,,,,,,,,,,,,,,,,,,,,,,,,,,,,,,,,,,,,,,,,,,,,,,,,,,,,,Ohio,Arkansas,,,,31.265171608,26.11,13.0,-31.65,18.265171608,12.492261884,44.265171608,0.27,0.74,37.0,42.0
2026-06-15,Rolling 3-Month,2026-01-01,2026-03-31,,State,,,,,,,,,,,,,,,,migration,,,,,,,,,,,,,,,,,,,,,,,,,,,,,,,,,,,,,,,,,,,,,,,,,,,,,,,,,,,,,,,,,North Dakota,Vermont,,,,1.671232877,,0.0,,1.671232877,,1.671232877,0.32,0.08,39.0,43.0
2026-06-15,Rolling 3-Month,2026-01-01,2026-03-31,,State,,,,,,,,,,,,,,,,migration,,,,,,,,,,,,,,,,,,,,,,,,,,,,,,,,,,,,,,,,,,,,,,,,,,,,,,,,,,,,,,,,,North Dakota,Virginia,,,,3.929013418,96.45,9.0,50.0,-5.070986582,-1.070986582,12.929013418,0.75,0.02,27.0,8.0
2026-06-15,Rolling 3-Month,2026-01-01,2026-03-31,,State,,,,,,,,,,,,,,,,migration,,,,,,,,,,,,,,,,,,,,,,,,,,,,,,,,,,,,,,,,,,,,,,,,,,,,,,,,,,,,,,,,,North Dakota,Washington,,,,16.822460817,-34.24,37.975952558,16.35,-21.153491741,-14.095860506,54.798413375,3.21,0.05,8.0,2.0
2026-06-15,Rolling 3-Month,2026-01-01,2026-03-31,,State,,,,,,,,,,,,,,,,migration,,,,,,,,,,,,,,,,,,,,,,,,,,,,,,,,,,,,,,,,,,,,,,,,,,,,,,,,,,,,,,,,,North Dakota,Wisconsin,,,,18.900954654,101.29,5.434911243,81.16,13.466043411,7.076212903,24.335865897,3.61,0.22,7.0,11.0
2026-06-15,Rolling 3-Month,2026-01-01,2026-03-31,,State,,,,,,,,,,,,,,,,migration,,,,,,,,,,,,,,,,,,,,,,,,,,,,,,,,,,,,,,,,,,,,,,,,,,,,,,,,,,,,,,,,,Ohio,Alabama,,,,129.059034761,4.53,40.577436024,58.35,88.481598737,-9.355594042,169.636470785,1.13,1.93,20.0,29.0
2026-06-15,Rolling 3-Month,2026-01-01,2026-03-31,,State,,,,,,,,,,,,,,,,migration,,,,,,,,,,,,,,,,,,,,,,,,,,,,,,,,,,,,,,,,,,,,,,,,,,,,,,,,,,,,,,,,,Ohio,Alaska,,,,6.833333333,-13.2,10.636082345,-37.93,-3.802749011,5.459010571,17.469415678,0.06,0.77,49.0,44.0
2026-06-15,Rolling 3-Month,2026-01-01,2026-03-31,,State,,,,,,,,,,,,,,,,migration,,,,,,,,,,,,,,,,,,,,,,,,,,,,,,,,,,,,,,,,,,,,,,,,,,,,,,,,,,,,,,,,,Ohio,Arizona,,,,360.840113674,4.61,227.744989806,-38.09,133.095123868,156.01514684,588.585103481,3.16,1.06,12.0,14.0
2026-06-15,Rolling 3-Month,2026-01-01,2026-03-31,,State,,,,,,,,,,,,,,,,migration,,,,,,,,,,,,,,,,,,,,,,,,,,,,,,,,,,,,,,,,,,,,,,,,,,,,,,,,,,,,,,,,,Ohio,Minnesota,,,,36.448014367,-51.75,61.549422531,37.11,-25.101408165,-55.75061698,97.997436898,0.32,0.77,34.0,24.0
2026-06-15,Rolling 3-Month,2026-01-01,2026-03-31,,State,,,,,,,,,,,,,,,,migration,,,,,,,,,,,,,,,,,,,,,,,,,,,,,,,,,,,,,,,,,,,,,,,,,,,,,,,,,,,,,,,,,Ohio,Missouri,,,,62.412334883,39.42,52.259855806,-13.18,10.152479077,25.580946659,114.672190689,0.55,0.91,28.0,25.0
2026-06-15,Rolling 3-Month,2026-01-01,2026-03-31,,State,,,,,,,,,,,,,,,,migration,,,,,,,,,,,,,,,,,,,,,,,,,,,,,,,,,,,,,,,,,,,,,,,,,,,,,,,,,,,,,,,,,Oklahoma,Idaho,,,,7.238711289,-42.15,8.682467162,10.67,-1.443755873,-6.111827101,15.92117845,0.24,0.07,39.0,38.0
2026-06-15,Rolling 3-Month,2026-01-01,2026-03-31,,State,,,,,,,,,,,,,,,,migration,,,,,,,,,,,,,,,,,,,,,,,,,,,,,,,,,,,,,,,,,,,,,,,,,,,,,,,,,,,,,,,,,Oklahoma,Arkansas,,,,174.11821783,9.42,93.714768593,22.53,80.403449237,-2.24084608,267.832986422,5.7,4.15,5.0,8.0
2026-06-15,Rolling 3-Month,2026-01-01,2026-03-31,,State,,,,,,,,,,,,,,,,migration,,,,,,,,,,,,,,,,,,,,,,,,,,,,,,,,,,,,,,,,,,,,,,,,,,,,,,,,,,,,,,,,,Ohio,Washington,,,,247.947059233,-1.98,436.586725654,-29.39,-188.639666421,176.67569736,684.533784887,2.17,0.81,17.0,7.0
2026-06-15,Rolling 3-Month,2026-01-01,2026-03-31,,State,,,,,,,,,,,,,,,,migration,,,,,,,,,,,,,,,,,,,,,,,,,,,,,,,,,,,,,,,,,,,,,,,,,,,,,,,,,,,,,,,,,Ohio,West Virginia,,,,74.371862783,23.45,67.688422226,8.9,6.683440557,8.599441304,142.06028501,0.65,2.68,26.0,23.0
2026-06-15,Rolling 3-Month,2026-01-01,2026-03-31,,State,,,,,,,,,,,,,,,,migration,,,,,,,,,,,,,,,,,,,,,,,,,,,,,,,,,,,,,,,,,,,,,,,,,,,,,,,,,,,,,,,,,Ohio,Wisconsin,,,,84.959383178,-6.41,49.176617716,-5.81,35.782765462,-2.789620416,134.136000893,0.75,0.98,24.0,27.0
2026-06-15,Rolling 3-Month,2026-01-01,2026-03-31,,State,,,,,,,,,,,,,,,,migration,,,,,,,,,,,,,,,,,,,,,,,,,,,,,,,,,,,,,,,,,,,,,,,,,,,,,,,,,,,,,,,,,Ohio,Wyoming,,,,10.582975498,39.73,2.0,-60.0,8.582975498,6.009109981,12.582975498,0.09,1.12,47.0,50.0
2026-06-15,Rolling 3-Month,2026-01-01,2026-03-31,,State,,,,,,,,,,,,,,,,migration,,,,,,,,,,,,,,,,,,,,,,,,,,,,,,,,,,,,,,,,,,,,,,,,,,,,,,,,,,,,,,,,,Oklahoma,Alabama,,,,51.997276081,84.3,19.260917276,-37.17,32.736358806,35.178267692,71.258193357,1.7,0.78,13.0,29.0
2026-06-15,Rolling 3-Month,2026-01-01,2026-03-31,,State,,,,,,,,,,,,,,,,migration,,,,,,,,,,,,,,,,,,,,,,,,,,,,,,,,,,,,,,,,,,,,,,,,,,,,,,,,,,,,,,,,,Oklahoma,Alaska,,,,6.0,-36.44,15.371307521,20.53,-9.371307521,-6.058314337,21.371307521,0.2,0.68,40.0,34.0
2026-06-15,Rolling 3-Month,2026-01-01,2026-03-31,,State,,,,,,,,,,,,,,,,migration,,,,,,,,,,,,,,,,,,,,,,,,,,,,,,,,,,,,,,,,,,,,,,,,,,,,,,,,,,,,,,,,,Oklahoma,Arizona,,,,123.948999494,9.71,158.389243291,-29.48,-34.440243796,77.179905518,282.338242785,4.06,0.36,9.0,7.0
2026-06-15,Rolling 3-Month,2026-01-01,2026-03-31,,State,,,,,,,,,,,,,,,,migration,,,,,,,,,,,,,,,,,,,,,,,,,,,,,,,,,,,,,,,,,,,,,,,,,,,,,,,,,,,,,,,,,Oklahoma,California,,,,254.559824558,20.89,799.212880862,-29.01,-544.653056304,370.596454887,1053.772705421,8.33,0.49,2.0,2.0
2026-06-15,Rolling 3-Month,2026-01-01,2026-03-31,,State,,,,,,,,,,,,,,,,migration,,,,,,,,,,,,,,,,,,,,,,,,,,,,,,,,,,,,,,,,,,,,,,,,,,,,,,,,,,,,,,,,,Ohio,Vermont,,,,17.572536549,-22.45,15.0,114.29,2.572536549,-13.087470177,32.572536549,0.15,0.87,44.0,38.0
2026-06-15,Rolling 3-Month,2026-01-01,2026-03-31,,State,,,,,,,,,,,,,,,,migration,,,,,,,,,,,,,,,,,,,,,,,,,,,,,,,,,,,,,,,,,,,,,,,,,,,,,,,,,,,,,,,,,Oklahoma,Colorado,,,,157.039028315,-9.56,239.828895868,-29.76,-82.789867554,85.015518469,396.867924183,5.14,0.99,6.0,4.0
2026-06-15,Rolling 3-Month,2026-01-01,2026-03-31,,State,,,,,,,,,,,,,,,,migration,,,,,,,,,,,,,,,,,,,,,,,,,,,,,,,,,,,,,,,,,,,,,,,,,,,,,,,,,,,,,,,,,Oklahoma,Columbia,,,,13.3930949,-34.36,1.215686275,-90.05,12.177408625,3.994122806,14.608781174,0.44,0.25,37.0,46.0
2026-06-15,Rolling 3-Month,2026-01-01,2026-03-31,,State,,,,,,,,,,,,,,,,migration,,,,,,,,,,,,,,,,,,,,,,,,,,,,,,,,,,,,,,,,,,,,,,,,,,,,,,,,,,,,,,,,,Oklahoma,Connecticut,,,,4.496120467,-56.03,8.444830824,-43.16,-3.948710358,0.682523056,12.940951291,0.15,0.08,44.0,39.0
2026-06-15,Rolling 3-Month,2026-01-01,2026-03-31,,State,,,,,,,,,,,,,,,,migration,,,,,,,,,,,,,,,,,,,,,,,,,,,,,,,,,,,,,,,,,,,,,,,,,,,,,,,,,,,,,,,,,Oklahoma,Delaware,,,,5.0,-11.8,1.0,-66.67,4.0,1.331156419,6.0,0.16,0.11,43.0,47.0
2026-06-15,Rolling 3-Month,2026-01-01,2026-03-31,,State,,,,,,,,,,,,,,,,migration,,,,,,,,,,,,,,,,,,,,,,,,,,,,,,,,,,,,,,,,,,,,,,,,,,,,,,,,,,,,,,,,,Oklahoma,Florida,,,,223.37369072,-0.93,177.410665569,-19.64,45.963025151,41.253099697,400.784356289,7.31,0.27,4.0,5.0
2026-06-15,Rolling 3-Month,2026-01-01,2026-03-31,,State,,,,,,,,,,,,,,,,migration,,,,,,,,,,,,,,,,,,,,,,,,,,,,,,,,,,,,,,,,,,,,,,,,,,,,,,,,,,,,,,,,,Oklahoma,Georgia,,,,58.28330509,2.64,31.524585233,-37.71,26.758719856,20.583177149,89.807890323,1.91,0.31,12.0,25.0
2026-06-15,Rolling 3-Month,2026-01-01,2026-03-31,,State,,,,,,,,,,,,,,,,migration,,,,,,,,,,,,,,,,,,,,,,,,,,,,,,,,,,,,,,,,,,,,,,,,,,,,,,,,,,,,,,,,,Oklahoma,Hawaii,,,,27.343818707,-23.95,34.598916278,28.34,-7.255097571,-16.251416265,61.942734986,0.89,0.26,24.0,23.0
2026-06-15,Rolling 3-Month,2026-01-01,2026-03-31,,State,,,,,,,,,,,,,,,,migration,,,,,,,,,,,,,,,,,,,,,,,,,,,,,,,,,,,,,,,,,,,,,,,,,,,,,,,,,,,,,,,,,Ohio,Virginia,,,,355.236201836,20.75,397.226557249,-62.95,-41.990355412,735.918005556,752.462759085,3.12,1.83,13.0,9.0
2026-06-15,Rolling 3-Month,2026-01-01,2026-03-31,,State,,,,,,,,,,,,,,,,migration,,,,,,,,,,,,,,,,,,,,,,,,,,,,,,,,,,,,,,,,,,,,,,,,,,,,,,,,,,,,,,,,,Ohio,Utah,,,,54.928779108,31.19,49.847625455,-25.03,5.081153652,29.704488881,104.776404563,0.48,1.02,30.0,26.0
2026-06-15,Rolling 3-Month,2026-01-01,2026-03-31,,State,,,,,,,,,,,,,,,,migration,,,,,,,,,,,,,,,,,,,,,,,,,,,,,,,,,,,,,,,,,,,,,,,,,,,,,,,,,,,,,,,,,Ohio,Montana,,,,24.436997351,32.57,13.574480349,-3.59,10.862517002,6.508992968,38.0114777,0.21,0.76,41.0,39.0
2026-06-15,Rolling 3-Month,2026-01-01,2026-03-31,,State,,,,,,,,,,,,,,,,migration,,,,,,,,,,,,,,,,,,,,,,,,,,,,,,,,,,,,,,,,,,,,,,,,,,,,,,,,,,,,,,,,,Ohio,North Dakota,,,,1.0,-86.63,3.0,0.0,-2.0,-6.48,4.0,0.01,0.31,50.0,48.0
2026-06-15,Rolling 3-Month,2026-01-01,2026-03-31,,State,,,,,,,,,,,,,,,,migration,,,,,,,,,,,,,,,,,,,,,,,,,,,,,,,,,,,,,,,,,,,,,,,,,,,,,,,,,,,,,,,,,Ohio,Nebraska,,,,13.02739726,117.12,10.0,-27.22,3.02739726,10.767995267,23.02739726,0.11,1.04,46.0,45.0
2026-06-15,Rolling 3-Month,2026-01-01,2026-03-31,,State,,,,,,,,,,,,,,,,migration,,,,,,,,,,,,,,,,,,,,,,,,,,,,,,,,,,,,,,,,,,,,,,,,,,,,,,,,,,,,,,,,,Ohio,Nevada,,,,125.192152757,-6.78,129.623576367,-15.83,-4.431423609,15.277010475,254.815729124,1.1,0.64,21.0,19.0
2026-06-15,Rolling 3-Month,2026-01-01,2026-03-31,,State,,,,,,,,,,,,,,,,migration,,,,,,,,,,,,,,,,,,,,,,,,,,,,,,,,,,,,,,,,,,,,,,,,,,,,,,,,,,,,,,,,,Ohio,New Hampshire,,,,28.121492749,56.17,23.918518519,-7.7,4.20297423,12.109028544,52.040011267,0.25,0.5,39.0,36.0
2026-06-15,Rolling 3-Month,2026-01-01,2026-03-31,,State,,,,,,,,,,,,,,,,migration,,,,,,,,,,,,,,,,,,,,,,,,,,,,,,,,,,,,,,,,,,,,,,,,,,,,,,,,,,,,,,,,,Ohio,New Jersey,,,,94.516339524,11.44,101.519815977,-19.34,-7.003476453,34.040871133,196.036155501,0.83,0.63,23.0,21.0
2026-06-15,Rolling 3-Month,2026-01-01,2026-03-31,,State,,,,,,,,,,,,,,,,migration,,,,,,,,,,,,,,,,,,,,,,,,,,,,,,,,,,,,,,,,,,,,,,,,,,,,,,,,,,,,,,,,,Ohio,New Mexico,,,,36.725843821,14.34,11.688425008,-42.77,25.037418813,13.343070183,48.414268829,0.32,1.07,33.0,43.0
2026-06-15,Rolling 3-Month,2026-01-01,2026-03-31,,State,,,,,,,,,,,,,,,,migration,,,,,,,,,,,,,,,,,,,,,,,,,,,,,,,,,,,,,,,,,,,,,,,,,,,,,,,,,,,,,,,,,Ohio,New York,,,,235.376302091,-5.65,466.693329843,-19.04,-231.317027752,95.665347016,702.069631934,2.06,1.62,18.0,6.0
2026-06-15,Rolling 3-Month,2026-01-01,2026-03-31,,State,,,,,,,,,,,,,,,,migration,,,,,,,,,,,,,,,,,,,,,,,,,,,,,,,,,,,,,,,,,,,,,,,,,,,,,,,,,,,,,,,,,Ohio,North Carolina,,,,581.699769402,11.22,264.996391081,-9.55,316.703378321,86.660448732,846.696160482,5.1,2.54,4.0,10.0
2026-06-15,Rolling 3-Month,2026-01-01,2026-03-31,,State,,,,,,,,,,,,,,,,migration,,,,,,,,,,,,,,,,,,,,,,,,,,,,,,,,,,,,,,,,,,,,,,,,,,,,,,,,,,,,,,,,,Ohio,Ohio,,,,49985.950171223,-6.61,49985.950171223,-6.61,0.0,0.0,99971.900342445,,,,
2026-06-15,Rolling 3-Month,2026-01-01,2026-03-31,,State,,,,,,,,,,,,,,,,migration,,,,,,,,,,,,,,,,,,,,,,,,,,,,,,,,,,,,,,,,,,,,,,,,,,,,,,,,,,,,,,,,,Ohio,Texas,,,,531.312117879,-13.1,469.724886918,-20.8,61.58723096,43.286224219,1001.037004797,4.66,1.23,5.0,5.0
2026-06-15,Rolling 3-Month,2026-01-01,2026-03-31,,State,,,,,,,,,,,,,,,,migration,,,,,,,,,,,,,,,,,,,,,,,,,,,,,,,,,,,,,,,,,,,,,,,,,,,,,,,,,,,,,,,,,Ohio,Oklahoma,,,,35.543607491,-14.01,35.378093995,27.01,0.1655134955,-13.312581041,70.921701486,0.31,0.79,35.0,32.0
2026-06-15,Rolling 3-Month,2026-01-01,2026-03-31,,State,,,,,,,,,,,,,,,,migration,,,,,,,,,,,,,,,,,,,,,,,,,,,,,,,,,,,,,,,,,,,,,,,,,,,,,,,,,,,,,,,,,Ohio,Oregon,,,,97.460059732,-14.9,93.067920414,-44.7,4.392139319,58.173183951,190.527980146,0.85,0.51,22.0,22.0
2026-06-15,Rolling 3-Month,2026-01-01,2026-03-31,,State,,,,,,,,,,,,,,,,migration,,,,,,,,,,,,,,,,,,,,,,,,,,,,,,,,,,,,,,,,,,,,,,,,,,,,,,,,,,,,,,,,,Ohio,Pennsylvania,,,,421.068518815,0.23,412.273841123,-31.07,8.794677692,186.815113319,833.342359938,3.69,2.55,9.0,8.0
2026-06-15,Rolling 3-Month,2026-01-01,2026-03-31,,State,,,,,,,,,,,,,,,,migration,,,,,,,,,,,,,,,,,,,,,,,,,,,,,,,,,,,,,,,,,,,,,,,,,,,,,,,,,,,,,,,,,Ohio,Rhode Island,,,,19.447384011,40.94,13.483014049,7.92,5.964369963,4.659454411,32.93039806,0.17,0.87,43.0,40.0
2026-06-15,Rolling 3-Month,2026-01-01,2026-03-31,,State,,,,,,,,,,,,,,,,migration,,,,,,,,,,,,,,,,,,,,,,,,,,,,,,,,,,,,,,,,,,,,,,,,,,,,,,,,,,,,,,,,,Ohio,South Carolina,,,,505.717484441,-1.53,117.010900113,2.73,388.706584327,-10.971932271,622.728384554,4.44,2.7,6.0,20.0
2026-06-15,Rolling 3-Month,2026-01-01,2026-03-31,,State,,,,,,,,,,,,,,,,migration,,,,,,,,,,,,,,,,,,,,,,,,,,,,,,,,,,,,,,,,,,,,,,,,,,,,,,,,,,,,,,,,,Ohio,South Dakota,,,,9.0,41.87,2.458333333,-50.83,6.541666667,5.197693531,11.458333333,0.08,1.15,48.0,49.0
2026-06-15,Rolling 3-Month,2026-01-01,2026-03-31,,State,,,,,,,,,,,,,,,,migration,,,,,,,,,,,,,,,,,,,,,,,,,,,,,,,,,,,,,,,,,,,,,,,,,,,,,,,,,,,,,,,,,Ohio,Tennessee,,,,382.73554895,-4.01,192.365036494,-19.72,190.370512456,31.29148977,575.100585444,3.36,1.95,11.0,15.0
2026-06-15,Rolling 3-Month,2026-01-01,2026-03-31,,State,,,,,,,,,,,,,,,,migration,,,,,,,,,,,,,,,,,,,,,,,,,,,,,,,,,,,,,,,,,,,,,,,,,,,,,,,,,,,,,,,,,New Mexico,Michigan,,,,22.168307323,12.89,30.836942349,31.05,-8.668635027,-4.775250567,53.005249672,1.12,0.23,19.0,18.0
2026-06-15,Rolling 3-Month,2026-01-01,2026-03-31,,State,,,,,,,,,,,,,,,,migration,,,,,,,,,,,,,,,,,,,,,,,,,,,,,,,,,,,,,,,,,,,,,,,,,,,,,,,,,,,,,,,,,New Jersey,Utah,,,,15.609408247,-12.01,17.930058589,104.34,-2.320650342,-11.286128638,33.539466836,0.12,0.29,38.0,33.0
2026-06-15,Rolling 3-Month,2026-01-01,2026-03-31,,State,,,,,,,,,,,,,,,,migration,,,,,,,,,,,,,,,,,,,,,,,,,,,,,,,,,,,,,,,,,,,,,,,,,,,,,,,,,,,,,,,,,New Mexico,Maryland,,,,15.567164179,-28.27,40.092407205,-14.92,-24.525243026,0.8980506541,55.659571384,0.78,0.09,25.0,11.0
2026-06-15,Rolling 3-Month,2026-01-01,2026-03-31,,State,,,,,,,,,,,,,,,,migration,,,,,,,,,,,,,,,,,,,,,,,,,,,,,,,,,,,,,,,,,,,,,,,,,,,,,,,,,,,,,,,,,Nevada,Georgia,,,,131.479577514,-20.02,108.037791278,-24.8,23.441786235,2.729639155,239.517368792,1.38,0.7,14.0,17.0
2026-06-15,Rolling 3-Month,2026-01-01,2026-03-31,,State,,,,,,,,,,,,,,,,migration,,,,,,,,,,,,,,,,,,,,,,,,,,,,,,,,,,,,,,,,,,,,,,,,,,,,,,,,,,,,,,,,,Nebraska,Alaska,,,,1.0,-50.0,3.298701299,-38.23,-2.298701299,1.041364439,4.298701299,0.07,0.11,45.0,36.0
2026-06-15,Rolling 3-Month,2026-01-01,2026-03-31,,State,,,,,,,,,,,,,,,,migration,,,,,,,,,,,,,,,,,,,,,,,,,,,,,,,,,,,,,,,,,,,,,,,,,,,,,,,,,,,,,,,,,Nebraska,Arizona,,,,124.505255726,-2.05,64.293324981,4.33,60.211930745,-5.277924162,188.798580707,9.08,0.36,2.0,8.0
2026-06-15,Rolling 3-Month,2026-01-01,2026-03-31,,State,,,,,,,,,,,,,,,,migration,,,,,,,,,,,,,,,,,,,,,,,,,,,,,,,,,,,,,,,,,,,,,,,,,,,,,,,,,,,,,,,,,Nebraska,Arkansas,,,,21.618202216,-26.85,7.361563518,47.23,14.256638698,-10.297783396,28.979765733,1.58,0.51,17.0,26.0
2026-06-15,Rolling 3-Month,2026-01-01,2026-03-31,,State,,,,,,,,,,,,,,,,migration,,,,,,,,,,,,,,,,,,,,,,,,,,,,,,,,,,,,,,,,,,,,,,,,,,,,,,,,,,,,,,,,,Nebraska,California,,,,101.825704076,-27.06,129.279674841,-43.75,-27.453970765,62.793177423,231.105378916,7.43,0.2,6.0,2.0
2026-06-15,Rolling 3-Month,2026-01-01,2026-03-31,,State,,,,,,,,,,,,,,,,migration,,,,,,,,,,,,,,,,,,,,,,,,,,,,,,,,,,,,,,,,,,,,,,,,,,,,,,,,,,,,,,,,,Nebraska,Colorado,,,,90.9123805,-34.31,133.623757877,-25.2,-42.711377377,-2.454236944,224.536138378,6.63,0.57,7.0,1.0
2026-06-15,Rolling 3-Month,2026-01-01,2026-03-31,,State,,,,,,,,,,,,,,,,migration,,,,,,,,,,,,,,,,,,,,,,,,,,,,,,,,,,,,,,,,,,,,,,,,,,,,,,,,,,,,,,,,,Nebraska,Columbia,,,,1.0,-82.63,6.264150943,-24.19,-5.264150943,-2.758484725,7.264150943,0.07,0.02,48.0,29.0
2026-06-15,Rolling 3-Month,2026-01-01,2026-03-31,,State,,,,,,,,,,,,,,,,migration,,,,,,,,,,,,,,,,,,,,,,,,,,,,,,,,,,,,,,,,,,,,,,,,,,,,,,,,,,,,,,,,,Nebraska,Delaware,,,,1.0,,0.0,,1.0,,1.0,0.07,0.02,47.0,46.0
2026-06-15,Rolling 3-Month,2026-01-01,2026-03-31,,State,,,,,,,,,,,,,,,,migration,,,,,,,,,,,,,,,,,,,,,,,,,,,,,,,,,,,,,,,,,,,,,,,,,,,,,,,,,,,,,,,,,Nebraska,Florida,,,,104.155422867,-39.19,51.303603444,-23.68,52.851819423,-51.205853667,155.45902631,7.6,0.13,5.0,11.0
2026-06-15,Rolling 3-Month,2026-01-01,2026-03-31,,State,,,,,,,,,,,,,,,,migration,,,,,,,,,,,,,,,,,,,,,,,,,,,,,,,,,,,,,,,,,,,,,,,,,,,,,,,,,,,,,,,,,Nebraska,Georgia,,,,22.710743802,-1.26,16.71102514,-19.26,5.999718662,3.695847149,39.421768942,1.66,0.12,14.0,16.0
2026-06-15,Rolling 3-Month,2026-01-01,2026-03-31,,State,,,,,,,,,,,,,,,,migration,,,,,,,,,,,,,,,,,,,,,,,,,,,,,,,,,,,,,,,,,,,,,,,,,,,,,,,,,,,,,,,,,Nebraska,Hawaii,,,,9.554923609,-45.77,6.85098765,-73.15,2.703935959,10.600645237,16.405911259,0.7,0.09,30.0,27.0
2026-06-15,Rolling 3-Month,2026-01-01,2026-03-31,,State,,,,,,,,,,,,,,,,migration,,,,,,,,,,,,,,,,,,,,,,,,,,,,,,,,,,,,,,,,,,,,,,,,,,,,,,,,,,,,,,,,,Nebraska,Idaho,,,,7.203389831,-32.07,2.0,-50.0,5.203389831,-1.400584206,9.203389831,0.53,0.07,35.0,40.0
2026-06-15,Rolling 3-Month,2026-01-01,2026-03-31,,State,,,,,,,,,,,,,,,,migration,,,,,,,,,,,,,,,,,,,,,,,,,,,,,,,,,,,,,,,,,,,,,,,,,,,,,,,,,,,,,,,,,Nebraska,Illinois,,,,121.955399948,44.83,114.98535095,-22.44,6.970048998,71.023331942,236.940750897,8.89,0.65,3.0,3.0
2026-06-15,Rolling 3-Month,2026-01-01,2026-03-31,,State,,,,,,,,,,,,,,,,migration,,,,,,,,,,,,,,,,,,,,,,,,,,,,,,,,,,,,,,,,,,,,,,,,,,,,,,,,,,,,,,,,,Nebraska,Indiana,,,,8.063305322,61.27,3.593484572,-22.53,4.469820751,4.108230353,11.656789894,0.59,0.09,34.0,35.0
2026-06-15,Rolling 3-Month,2026-01-01,2026-03-31,,State,,,,,,,,,,,,,,,,migration,,,,,,,,,,,,,,,,,,,,,,,,,,,,,,,,,,,,,,,,,,,,,,,,,,,,,,,,,,,,,,,,,Nebraska,Iowa,,,,106.522809282,-50.07,80.655375598,-19.94,25.867433683,-86.740419294,187.17818488,7.77,5.23,4.0,6.0
2026-06-15,Rolling 3-Month,2026-01-01,2026-03-31,,State,,,,,,,,,,,,,,,,migration,,,,,,,,,,,,,,,,,,,,,,,,,,,,,,,,,,,,,,,,,,,,,,,,,,,,,,,,,,,,,,,,,Nebraska,Kansas,,,,23.476831767,-17.56,90.0,3.0,-66.523168233,-7.617247012,113.476831767,1.71,0.99,13.0,5.0
2026-06-15,Rolling 3-Month,2026-01-01,2026-03-31,,State,,,,,,,,,,,,,,,,migration,,,,,,,,,,,,,,,,,,,,,,,,,,,,,,,,,,,,,,,,,,,,,,,,,,,,,,,,,,,,,,,,,Nebraska,Kentucky,,,,4.0,-42.86,2.551020408,-33.19,1.448979592,-1.73283859,6.551020408,0.29,0.09,37.0,39.0
2026-06-15,Rolling 3-Month,2026-01-01,2026-03-31,,State,,,,,,,,,,,,,,,,migration,,,,,,,,,,,,,,,,,,,,,,,,,,,,,,,,,,,,,,,,,,,,,,,,,,,,,,,,,,,,,,,,,Nebraska,Louisiana,,,,24.0,56.1,3.637931034,-16.91,20.362068966,9.365307307,27.637931034,1.75,0.4,12.0,34.0
2026-06-15,Rolling 3-Month,2026-01-01,2026-03-31,,State,,,,,,,,,,,,,,,,migration,,,,,,,,,,,,,,,,,,,,,,,,,,,,,,,,,,,,,,,,,,,,,,,,,,,,,,,,,,,,,,,,,Nebraska,Alabama,,,,12.82002246,200.76,10.04357691,29.02,2.776445549,6.298259275,22.86359937,0.93,0.19,25.0,22.0
2026-06-15,Rolling 3-Month,2026-01-01,2026-03-31,,State,,,,,,,,,,,,,,,,migration,,,,,,,,,,,,,,,,,,,,,,,,,,,,,,,,,,,,,,,,,,,,,,,,,,,,,,,,,,,,,,,,,Montana,Wyoming,,,,7.070121951,-22.96,11.107598978,-4.71,-4.037477027,-1.558680508,18.17772093,0.61,0.75,26.0,26.0
2026-06-15,Rolling 3-Month,2026-01-01,2026-03-31,,State,,,,,,,,,,,,,,,,migration,,,,,,,,,,,,,,,,,,,,,,,,,,,,,,,,,,,,,,,,,,,,,,,,,,,,,,,,,,,,,,,,,Montana,Wisconsin,,,,8.631075461,-21.48,23.023434483,40.39,-14.392359022,-8.985244582,31.654509944,0.74,0.1,24.0,19.0
2026-06-15,Rolling 3-Month,2026-01-01,2026-03-31,,State,,,,,,,,,,,,,,,,migration,,,,,,,,,,,,,,,,,,,,,,,,,,,,,,,,,,,,,,,,,,,,,,,,,,,,,,,,,,,,,,,,,Montana,Pennsylvania,,,,13.549295775,-0.58,24.289792219,-3.51,-10.740496445,0.8029857403,37.839087994,1.16,0.08,17.0,18.0
2026-06-15,Rolling 3-Month,2026-01-01,2026-03-31,,State,,,,,,,,,,,,,,,,migration,,,,,,,,,,,,,,,,,,,,,,,,,,,,,,,,,,,,,,,,,,,,,,,,,,,,,,,,,,,,,,,,,Montana,New Mexico,,,,26.504004004,119.55,14.839110264,1.74,11.66489374,14.178042686,41.343114268,2.27,0.77,10.0,24.0
2026-06-15,Rolling 3-Month,2026-01-01,2026-03-31,,State,,,,,,,,,,,,,,,,migration,,,,,,,,,,,,,,,,,,,,,,,,,,,,,,,,,,,,,,,,,,,,,,,,,,,,,,,,,,,,,,,,,Montana,New York,,,,3.313432836,-6.63,45.307968774,88.25,-41.994535938,-21.475795702,48.62140161,0.28,0.02,35.0,11.0
2026-06-15,Rolling 3-Month,2026-01-01,2026-03-31,,State,,,,,,,,,,,,,,,,migration,,,,,,,,,,,,,,,,,,,,,,,,,,,,,,,,,,,,,,,,,,,,,,,,,,,,,,,,,,,,,,,,,Montana,North Carolina,,,,16.0,-26.94,20.15932887,-47.23,-4.15932887,12.141804709,36.15932887,1.37,0.07,14.0,20.0
2026-06-15,Rolling 3-Month,2026-01-01,2026-03-31,,State,,,,,,,,,,,,,,,,migration,,,,,,,,,,,,,,,,,,,,,,,,,,,,,,,,,,,,,,,,,,,,,,,,,,,,,,,,,,,,,,,,,Montana,North Dakota,,,,4.351351351,235.42,2.338983051,-32.94,2.012368301,4.202875881,6.690334402,0.37,1.33,31.0,42.0
2026-06-15,Rolling 3-Month,2026-01-01,2026-03-31,,State,,,,,,,,,,,,,,,,migration,,,,,,,,,,,,,,,,,,,,,,,,,,,,,,,,,,,,,,,,,,,,,,,,,,,,,,,,,,,,,,,,,Montana,Ohio,,,,13.574480349,-3.59,24.436997351,32.57,-10.862517002,-6.508992968,38.0114777,1.16,0.15,16.0,17.0
2026-06-15,Rolling 3-Month,2026-01-01,2026-03-31,,State,,,,,,,,,,,,,,,,migration,,,,,,,,,,,,,,,,,,,,,,,,,,,,,,,,,,,,,,,,,,,,,,,,,,,,,,,,,,,,,,,,,Montana,Oklahoma,,,,4.545454545,13.64,18.316112042,104.24,-13.770657497,-8.802914146,22.861566588,0.39,0.1,30.0,22.0
2026-06-15,Rolling 3-Month,2026-01-01,2026-03-31,,State,,,,,,,,,,,,,,,,migration,,,,,,,,,,,,,,,,,,,,,,,,,,,,,,,,,,,,,,,,,,,,,,,,,,,,,,,,,,,,,,,,,Montana,Oregon,,,,68.368796223,4.34,152.254368508,7.98,-83.885572285,-8.40294634,220.623164731,5.86,0.36,6.0,5.0
2026-06-15,Rolling 3-Month,2026-01-01,2026-03-31,,State,,,,,,,,,,,,,,,,migration,,,,,,,,,,,,,,,,,,,,,,,,,,,,,,,,,,,,,,,,,,,,,,,,,,,,,,,,,,,,,,,,,Montana,South Carolina,,,,13.586206897,127.76,6.268536843,6.31,7.317670054,7.249143035,19.854743739,1.16,0.07,15.0,34.0
2026-06-15,Rolling 3-Month,2026-01-01,2026-03-31,,State,,,,,,,,,,,,,,,,migration,,,,,,,,,,,,,,,,,,,,,,,,,,,,,,,,,,,,,,,,,,,,,,,,,,,,,,,,,,,,,,,,,Montana,West Virginia,,,,1.0,0.0,0.6990003835,-73.29,0.3009996165,1.918283567,1.699000384,0.09,0.04,47.0,47.0
2026-06-15,Rolling 3-Month,2026-01-01,2026-03-31,,State,,,,,,,,,,,,,,,,migration,,,,,,,,,,,,,,,,,,,,,,,,,,,,,,,,,,,,,,,,,,,,,,,,,,,,,,,,,,,,,,,,,Montana,South Dakota,,,,3.715641569,-53.3,2.568783069,156.88,1.146858501,-5.809540555,6.284424638,0.32,0.48,33.0,40.0
2026-06-15,Rolling 3-Month,2026-01-01,2026-03-31,,State,,,,,,,,,,,,,,,,migration,,,,,,,,,,,,,,,,,,,,,,,,,,,,,,,,,,,,,,,,,,,,,,,,,,,,,,,,,,,,,,,,,Montana,Tennessee,,,,19.87532798,-22.89,18.771130593,-15.05,1.104197387,-2.575326004,38.646458573,1.7,0.1,12.0,21.0
2026-06-15,Rolling 3-Month,2026-01-01,2026-03-31,,State,,,,,,,,,,,,,,,,migration,,,,,,,,,,,,,,,,,,,,,,,,,,,,,,,,,,,,,,,,,,,,,,,,,,,,,,,,,,,,,,,,,Montana,Texas,,,,73.855548448,44.41,170.500561094,32.72,-96.645012646,-19.320327885,244.356109541,6.32,0.17,5.0,4.0
2026-06-15,Rolling 3-Month,2026-01-01,2026-03-31,,State,,,,,,,,,,,,,,,,migration,,,,,,,,,,,,,,,,,,,,,,,,,,,,,,,,,,,,,,,,,,,,,,,,,,,,,,,,,,,,,,,,,Montana,Utah,,,,41.735706541,49.06,59.573393241,-25.61,-17.8376867,34.242921535,101.309099782,3.57,0.77,9.0,9.0
2026-06-15,Rolling 3-Month,2026-01-01,2026-03-31,,State,,,,,,,,,,,,,,,,migration,,,,,,,,,,,,,,,,,,,,,,,,,,,,,,,,,,,,,,,,,,,,,,,,,,,,,,,,,,,,,,,,,Montana,Vermont,,,,2.0,0.41,3.0,,-1.0,-2.991901108,5.0,0.17,0.1,40.0,38.0
2026-06-15,Rolling 3-Month,2026-01-01,2026-03-31,,State,,,,,,,,,,,,,,,,migration,,,,,,,,,,,,,,,,,,,,,,,,,,,,,,,,,,,,,,,,,,,,,,,,,,,,,,,,,,,,,,,,,Montana,Virginia,,,,3.0,-72.99,48.094563806,60.57,-45.094563806,-26.250804198,51.094563806,0.26,0.02,38.0,10.0
2026-06-15,Rolling 3-Month,2026-01-01,2026-03-31,,State,,,,,,,,,,,,,,,,migration,,,,,,,,,,,,,,,,,,,,,,,,,,,,,,,,,,,,,,,,,,,,,,,,,,,,,,,,,,,,,,,,,Montana,Washington,,,,142.240845501,9.93,1060.000624416,-1.44,-917.759778915,28.324109785,1202.241469917,12.18,0.46,2.0,1.0
2026-06-15,Rolling 3-Month,2026-01-01,2026-03-31,,State,,,,,,,,,,,,,,,,migration,,,,,,,,,,,,,,,,,,,,,,,,,,,,,,,,,,,,,,,,,,,,,,,,,,,,,,,,,,,,,,,,,Nebraska,Maine,,,,3.488372093,1993.02,0.0,-100.0,3.488372093,4.321705426,3.488372093,0.25,0.06,41.0,48.0
2026-06-15,Rolling 3-Month,2026-01-01,2026-03-31,,State,,,,,,,,,,,,,,,,migration,,,,,,,,,,,,,,,,,,,,,,,,,,,,,,,,,,,,,,,,,,,,,,,,,,,,,,,,,,,,,,,,,Nebraska,Maryland,,,,12.326869081,-10.08,22.01620019,45.45,-9.689331109,-8.261212052,34.343069271,0.9,0.07,26.0,14.0
2026-06-15,Rolling 3-Month,2026-01-01,2026-03-31,,State,,,,,,,,,,,,,,,,migration,,,,,,,,,,,,,,,,,,,,,,,,,,,,,,,,,,,,,,,,,,,,,,,,,,,,,,,,,,,,,,,,,Nebraska,Massachusetts,,,,9.0,12.9,6.330491694,-32.76,2.669508306,4.112246026,15.330491694,0.66,0.09,31.0,28.0
2026-06-15,Rolling 3-Month,2026-01-01,2026-03-31,,State,,,,,,,,,,,,,,,,migration,,,,,,,,,,,,,,,,,,,,,,,,,,,,,,,,,,,,,,,,,,,,,,,,,,,,,,,,,,,,,,,,,Nevada,Alabama,,,,54.254936668,21.5,39.35154123,50.09,14.903395438,-3.532056124,93.606477898,0.57,0.81,26.0,28.0
2026-06-15,Rolling 3-Month,2026-01-01,2026-03-31,,State,,,,,,,,,,,,,,,,migration,,,,,,,,,,,,,,,,,,,,,,,,,,,,,,,,,,,,,,,,,,,,,,,,,,,,,,,,,,,,,,,,,Nebraska,Utah,,,,10.683673469,13.45,9.232,-5.71,1.451673469,1.825541552,19.915673469,0.78,0.2,28.0,24.0
2026-06-15,Rolling 3-Month,2026-01-01,2026-03-31,,State,,,,,,,,,,,,,,,,migration,,,,,,,,,,,,,,,,,,,,,,,,,,,,,,,,,,,,,,,,,,,,,,,,,,,,,,,,,,,,,,,,,Nebraska,Vermont,,,,2.0,277.45,0.0,,2.0,1.470132783,2.0,0.15,0.1,44.0,47.0
2026-06-15,Rolling 3-Month,2026-01-01,2026-03-31,,State,,,,,,,,,,,,,,,,migration,,,,,,,,,,,,,,,,,,,,,,,,,,,,,,,,,,,,,,,,,,,,,,,,,,,,,,,,,,,,,,,,,Nebraska,Virginia,,,,17.565460669,-41.06,48.03512083,50.59,-30.46966016,-28.372417391,65.600581499,1.28,0.09,20.0,12.0
2026-06-15,Rolling 3-Month,2026-01-01,2026-03-31,,State,,,,,,,,,,,,,,,,migration,,,,,,,,,,,,,,,,,,,,,,,,,,,,,,,,,,,,,,,,,,,,,,,,,,,,,,,,,,,,,,,,,Nebraska,Washington,,,,39.723150149,-23.38,79.160187203,-17.78,-39.437037055,5.003052752,118.883337352,2.9,0.13,9.0,7.0
2026-06-15,Rolling 3-Month,2026-01-01,2026-03-31,,State,,,,,,,,,,,,,,,,migration,,,,,,,,,,,,,,,,,,,,,,,,,,,,,,,,,,,,,,,,,,,,,,,,,,,,,,,,,,,,,,,,,Nebraska,West Virginia,,,,3.728813559,3715.82,1.0,0.0,2.728813559,3.63109369,4.728813559,0.27,0.13,39.0,44.0
2026-06-15,Rolling 3-Month,2026-01-01,2026-03-31,,State,,,,,,,,,,,,,,,,migration,,,,,,,,,,,,,,,,,,,,,,,,,,,,,,,,,,,,,,,,,,,,,,,,,,,,,,,,,,,,,,,,,Nebraska,Wisconsin,,,,17.0,21.04,14.0,75.0,3.0,-3.044709389,31.0,1.24,0.2,22.0,19.0
2026-06-15,Rolling 3-Month,2026-01-01,2026-03-31,,State,,,,,,,,,,,,,,,,migration,,,,,,,,,,,,,,,,,,,,,,,,,,,,,,,,,,,,,,,,,,,,,,,,,,,,,,,,,,,,,,,,,Nebraska,Wyoming,,,,4.0,-74.06,3.063768116,-68.55,0.9362318841,-4.739322363,7.063768116,0.29,0.42,38.0,37.0
2026-06-15,Rolling 3-Month,2026-01-01,2026-03-31,,State,,,,,,,,,,,,,,,,migration,,,,,,,,,,,,,,,,,,,,,,,,,,,,,,,,,,,,,,,,,,,,,,,,,,,,,,,,,,,,,,,,,Nevada,Alaska,,,,12.907792208,-15.28,50.709308021,2.99,-37.801515813,-3.79858474,63.617100229,0.14,1.45,44.0,27.0
2026-06-15,Rolling 3-Month,2026-01-01,2026-03-31,,State,,,,,,,,,,,,,,,,migration,,,,,,,,,,,,,,,,,,,,,,,,,,,,,,,,,,,,,,,,,,,,,,,,,,,,,,,,,,,,,,,,,Nebraska,Tennessee,,,,22.69039727,-44.24,8.788736341,-17.44,13.901660929,-16.145316059,31.479133611,1.65,0.12,15.0,25.0
2026-06-15,Rolling 3-Month,2026-01-01,2026-03-31,,State,,,,,,,,,,,,,,,,migration,,,,,,,,,,,,,,,,,,,,,,,,,,,,,,,,,,,,,,,,,,,,,,,,,,,,,,,,,,,,,,,,,Nevada,Arizona,,,,1095.333299237,12.47,483.038936961,-3.22,612.294362276,137.561055756,1578.372236199,11.53,3.21,2.0,5.0
2026-06-15,Rolling 3-Month,2026-01-01,2026-03-31,,State,,,,,,,,,,,,,,,,migration,,,,,,,,,,,,,,,,,,,,,,,,,,,,,,,,,,,,,,,,,,,,,,,,,,,,,,,,,,,,,,,,,Nevada,Arkansas,,,,47.838847867,-42.45,7.663837129,-41.05,40.175010738,-29.946556782,55.502684996,0.5,1.14,29.0,45.0
2026-06-15,Rolling 3-Month,2026-01-01,2026-03-31,,State,,,,,,,,,,,,,,,,migration,,,,,,,,,,,,,,,,,,,,,,,,,,,,,,,,,,,,,,,,,,,,,,,,,,,,,,,,,,,,,,,,,Nevada,California,,,,2783.536313955,5.09,12203.027215951,-23.89,-9419.490901996,3965.418643961,14986.563529905,29.3,5.33,1.0,1.0
2026-06-15,Rolling 3-Month,2026-01-01,2026-03-31,,State,,,,,,,,,,,,,,,,migration,,,,,,,,,,,,,,,,,,,,,,,,,,,,,,,,,,,,,,,,,,,,,,,,,,,,,,,,,,,,,,,,,Nevada,Colorado,,,,254.319676158,2.23,255.258928678,-37.12,-0.9392525206,156.250945881,509.578604836,2.68,1.61,8.0,10.0
2026-06-15,Rolling 3-Month,2026-01-01,2026-03-31,,State,,,,,,,,,,,,,,,,migration,,,,,,,,,,,,,,,,,,,,,,,,,,,,,,,,,,,,,,,,,,,,,,,,,,,,,,,,,,,,,,,,,Nevada,Columbia,,,,9.781914307,-52.52,21.878076236,-26.23,-12.096161929,-3.037840793,31.659990543,0.1,0.18,46.0,35.0
2026-06-15,Rolling 3-Month,2026-01-01,2026-03-31,,State,,,,,,,,,,,,,,,,migration,,,,,,,,,,,,,,,,,,,,,,,,,,,,,,,,,,,,,,,,,,,,,,,,,,,,,,,,,,,,,,,,,Nevada,Connecticut,,,,20.648566576,-0.5,32.822101745,7.85,-12.173535169,-2.493317881,53.47066832,0.22,0.39,38.0,32.0
2026-06-15,Rolling 3-Month,2026-01-01,2026-03-31,,State,,,,,,,,,,,,,,,,migration,,,,,,,,,,,,,,,,,,,,,,,,,,,,,,,,,,,,,,,,,,,,,,,,,,,,,,,,,,,,,,,,,Nevada,Delaware,,,,11.894105094,-35.04,4.38028169,-27.0,7.513823404,-4.796003335,16.274386784,0.13,0.27,45.0,49.0
2026-06-15,Rolling 3-Month,2026-01-01,2026-03-31,,State,,,,,,,,,,,,,,,,migration,,,,,,,,,,,,,,,,,,,,,,,,,,,,,,,,,,,,,,,,,,,,,,,,,,,,,,,,,,,,,,,,,Nebraska,Texas,,,,154.036359793,-6.43,94.419241998,-15.87,59.617117795,7.222802227,248.455601791,11.23,0.36,1.0,4.0
2026-06-15,Rolling 3-Month,2026-01-01,2026-03-31,,State,,,,,,,,,,,,,,,,migration,,,,,,,,,,,,,,,,,,,,,,,,,,,,,,,,,,,,,,,,,,,,,,,,,,,,,,,,,,,,,,,,,Nebraska,South Dakota,,,,33.673685242,-53.79,5.537037037,-29.85,28.136648205,-36.838222588,39.210722279,2.46,4.31,10.0,31.0
2026-06-15,Rolling 3-Month,2026-01-01,2026-03-31,,State,,,,,,,,,,,,,,,,migration,,,,,,,,,,,,,,,,,,,,,,,,,,,,,,,,,,,,,,,,,,,,,,,,,,,,,,,,,,,,,,,,,Nebraska,Michigan,,,,11.643396809,-48.87,11.0,7.68,0.6433968094,-11.913010463,22.643396809,0.85,0.12,27.0,21.0
2026-06-15,Rolling 3-Month,2026-01-01,2026-03-31,,State,,,,,,,,,,,,,,,,migration,,,,,,,,,,,,,,,,,,,,,,,,,,,,,,,,,,,,,,,,,,,,,,,,,,,,,,,,,,,,,,,,,Nebraska,New Jersey,,,,3.489738506,-66.89,4.414722152,341.47,-0.9249836455,-10.464983646,7.904460658,0.25,0.02,40.0,33.0
2026-06-15,Rolling 3-Month,2026-01-01,2026-03-31,,State,,,,,,,,,,,,,,,,migration,,,,,,,,,,,,,,,,,,,,,,,,,,,,,,,,,,,,,,,,,,,,,,,,,,,,,,,,,,,,,,,,,Nebraska,Minnesota,,,,29.792685847,-38.15,52.874792269,58.47,-23.082106422,-37.889731311,82.667478116,2.17,0.63,11.0,9.0
2026-06-15,Rolling 3-Month,2026-01-01,2026-03-31,,State,,,,,,,,,,,,,,,,migration,,,,,,,,,,,,,,,,,,,,,,,,,,,,,,,,,,,,,,,,,,,,,,,,,,,,,,,,,,,,,,,,,Nebraska,Mississippi,,,,6.0,-34.07,2.0,-17.81,4.0,-2.666561625,8.0,0.44,0.2,36.0,42.0
2026-06-15,Rolling 3-Month,2026-01-01,2026-03-31,,State,,,,,,,,,,,,,,,,migration,,,,,,,,,,,,,,,,,,,,,,,,,,,,,,,,,,,,,,,,,,,,,,,,,,,,,,,,,,,,,,,,,Nebraska,Missouri,,,,63.756480697,-6.75,52.219716176,95.96,11.536764521,-30.18595714,115.976196873,4.65,0.93,8.0,10.0
2026-06-15,Rolling 3-Month,2026-01-01,2026-03-31,,State,,,,,,,,,,,,,,,,migration,,,,,,,,,,,,,,,,,,,,,,,,,,,,,,,,,,,,,,,,,,,,,,,,,,,,,,,,,,,,,,,,,Nebraska,Montana,,,,8.249351872,81.22,3.0,-40.0,5.249351872,5.697113066,11.249351872,0.6,0.26,32.0,38.0
2026-06-15,Rolling 3-Month,2026-01-01,2026-03-31,,State,,,,,,,,,,,,,,,,migration,,,,,,,,,,,,,,,,,,,,,,,,,,,,,,,,,,,,,,,,,,,,,,,,,,,,,,,,,,,,,,,,,Nebraska,Nebraska,,,,2384.705133129,-27.92,2384.705133129,-27.92,0.0,0.0,4769.410266258,,,,
2026-06-15,Rolling 3-Month,2026-01-01,2026-03-31,,State,,,,,,,,,,,,,,,,migration,,,,,,,,,,,,,,,,,,,,,,,,,,,,,,,,,,,,,,,,,,,,,,,,,,,,,,,,,,,,,,,,,Nebraska,Nevada,,,,17.145999246,64.09,16.51322548,9.72,0.6327737659,5.233636223,33.659224726,1.25,0.09,21.0,17.0
2026-06-15,Rolling 3-Month,2026-01-01,2026-03-31,,State,,,,,,,,,,,,,,,,migration,,,,,,,,,,,,,,,,,,,,,,,,,,,,,,,,,,,,,,,,,,,,,,,,,,,,,,,,,,,,,,,,,Nebraska,New Hampshire,,,,1.0,-50.0,1.393442623,,-0.393442623,-2.393442623,2.393442623,0.07,0.02,46.0,43.0
2026-06-15,Rolling 3-Month,2026-01-01,2026-03-31,,State,,,,,,,,,,,,,,,,migration,,,,,,,,,,,,,,,,,,,,,,,,,,,,,,,,,,,,,,,,,,,,,,,,,,,,,,,,,,,,,,,,,Nebraska,New Mexico,,,,3.0,-69.21,0.09975062344,-98.0,2.900249377,-1.841626729,3.099750623,0.22,0.09,42.0,45.0
2026-06-15,Rolling 3-Month,2026-01-01,2026-03-31,,State,,,,,,,,,,,,,,,,migration,,,,,,,,,,,,,,,,,,,,,,,,,,,,,,,,,,,,,,,,,,,,,,,,,,,,,,,,,,,,,,,,,Nebraska,South Carolina,,,,16.707630719,-38.24,5.0,-11.34,11.707630719,-9.707416523,21.707630719,1.22,0.09,23.0,32.0
2026-06-15,Rolling 3-Month,2026-01-01,2026-03-31,,State,,,,,,,,,,,,,,,,migration,,,,,,,,,,,,,,,,,,,,,,,,,,,,,,,,,,,,,,,,,,,,,,,,,,,,,,,,,,,,,,,,,Nebraska,New York,,,,8.193333333,-67.04,22.090708601,24.74,-13.897375267,-21.049881145,30.284041934,0.6,0.06,33.0,13.0
2026-06-15,Rolling 3-Month,2026-01-01,2026-03-31,,State,,,,,,,,,,,,,,,,migration,,,,,,,,,,,,,,,,,,,,,,,,,,,,,,,,,,,,,,,,,,,,,,,,,,,,,,,,,,,,,,,,,Nebraska,North Carolina,,,,19.778655011,11.05,9.688548033,-33.03,10.090106978,6.747182782,29.467203045,1.44,0.09,18.0,23.0
2026-06-15,Rolling 3-Month,2026-01-01,2026-03-31,,State,,,,,,,,,,,,,,,,migration,,,,,,,,,,,,,,,,,,,,,,,,,,,,,,,,,,,,,,,,,,,,,,,,,,,,,,,,,,,,,,,,,Nebraska,Ohio,,,,10.0,-27.22,13.02739726,117.12,-3.02739726,-10.767995267,23.02739726,0.73,0.11,29.0,20.0
2026-06-15,Rolling 3-Month,2026-01-01,2026-03-31,,State,,,,,,,,,,,,,,,,migration,,,,,,,,,,,,,,,,,,,,,,,,,,,,,,,,,,,,,,,,,,,,,,,,,,,,,,,,,,,,,,,,,Nebraska,Oklahoma,,,,13.0,-41.49,14.0,-9.45,-1.0,-7.758278559,27.0,0.95,0.29,24.0,18.0
2026-06-15,Rolling 3-Month,2026-01-01,2026-03-31,,State,,,,,,,,,,,,,,,,migration,,,,,,,,,,,,,,,,,,,,,,,,,,,,,,,,,,,,,,,,,,,,,,,,,,,,,,,,,,,,,,,,,Nebraska,Oregon,,,,22.0,-29.17,19.927791148,-18.29,2.072208852,-4.598816775,41.927791148,1.6,0.12,16.0,15.0
2026-06-15,Rolling 3-Month,2026-01-01,2026-03-31,,State,,,,,,,,,,,,,,,,migration,,,,,,,,,,,,,,,,,,,,,,,,,,,,,,,,,,,,,,,,,,,,,,,,,,,,,,,,,,,,,,,,,Nebraska,Pennsylvania,,,,19.296422101,460.57,5.869256987,-34.64,13.427165114,18.96489372,25.165679088,1.41,0.12,19.0,30.0
2026-06-15,Rolling 3-Month,2026-01-01,2026-03-31,,State,,,,,,,,,,,,,,,,migration,,,,,,,,,,,,,,,,,,,,,,,,,,,,,,,,,,,,,,,,,,,,,,,,,,,,,,,,,,,,,,,,,Nebraska,Rhode Island,,,,2.0,-25.42,2.0,,0.0,-2.681681682,4.0,0.15,0.09,43.0,41.0
2026-06-15,Rolling 3-Month,2026-01-01,2026-03-31,,State,,,,,,,,,,,,,,,,migration,,,,,,,,,,,,,,,,,,,,,,,,,,,,,,,,,,,,,,,,,,,,,,,,,,,,,,,,,,,,,,,,,Montana,New Jersey,,,,1.0,-45.17,7.122491994,50.63,-6.122491994,-3.217755812,8.122491994,0.09,0.01,43.0,31.0
2026-06-15,Rolling 3-Month,2026-01-01,2026-03-31,,State,,,,,,,,,,,,,,,,migration,,,,,,,,,,,,,,,,,,,,,,,,,,,,,,,,,,,,,,,,,,,,,,,,,,,,,,,,,,,,,,,,,Montana,Nevada,,,,19.448275862,-16.22,42.407501402,12.61,-22.95922554,-8.51333285,61.855777264,1.67,0.1,13.0,12.0
2026-06-15,Rolling 3-Month,2026-01-01,2026-03-31,,State,,,,,,,,,,,,,,,,migration,,,,,,,,,,,,,,,,,,,,,,,,,,,,,,,,,,,,,,,,,,,,,,,,,,,,,,,,,,,,,,,,,Montana,Nebraska,,,,3.0,-40.0,8.249351872,81.22,-5.249351872,-5.697113066,11.249351872,0.26,0.24,36.0,29.0
2026-06-15,Rolling 3-Month,2026-01-01,2026-03-31,,State,,,,,,,,,,,,,,,,migration,,,,,,,,,,,,,,,,,,,,,,,,,,,,,,,,,,,,,,,,,,,,,,,,,,,,,,,,,,,,,,,,,Missouri,Nebraska,,,,52.219716176,95.96,63.756480697,-6.75,-11.536764521,30.18595714,115.976196873,0.93,4.15,24.0,24.0
2026-06-15,Rolling 3-Month,2026-01-01,2026-03-31,,State,,,,,,,,,,,,,,,,migration,,,,,,,,,,,,,,,,,,,,,,,,,,,,,,,,,,,,,,,,,,,,,,,,,,,,,,,,,,,,,,,,,Missouri,Maryland,,,,51.944494668,-17.9,53.787545847,-28.27,-1.84305118,9.875563651,105.732040515,0.93,0.3,25.0,28.0
2026-06-15,Rolling 3-Month,2026-01-01,2026-03-31,,State,,,,,,,,,,,,,,,,migration,,,,,,,,,,,,,,,,,,,,,,,,,,,,,,,,,,,,,,,,,,,,,,,,,,,,,,,,,,,,,,,,,Missouri,Massachusetts,,,,35.515670694,-34.51,46.259780486,-30.89,-10.744109792,1.960594843,81.77545118,0.63,0.36,31.0,30.0
2026-06-15,Rolling 3-Month,2026-01-01,2026-03-31,,State,,,,,,,,,,,,,,,,migration,,,,,,,,,,,,,,,,,,,,,,,,,,,,,,,,,,,,,,,,,,,,,,,,,,,,,,,,,,,,,,,,,Missouri,Michigan,,,,51.469973217,-34.1,71.186920835,-12.33,-19.716947617,-16.626680839,122.656894052,0.92,0.54,26.0,21.0
2026-06-15,Rolling 3-Month,2026-01-01,2026-03-31,,State,,,,,,,,,,,,,,,,migration,,,,,,,,,,,,,,,,,,,,,,,,,,,,,,,,,,,,,,,,,,,,,,,,,,,,,,,,,,,,,,,,,Missouri,Minnesota,,,,62.880744881,-42.33,130.785606942,11.18,-67.904862061,-59.30240176,193.666351823,1.12,1.33,20.0,11.0
2026-06-15,Rolling 3-Month,2026-01-01,2026-03-31,,State,,,,,,,,,,,,,,,,migration,,,,,,,,,,,,,,,,,,,,,,,,,,,,,,,,,,,,,,,,,,,,,,,,,,,,,,,,,,,,,,,,,Missouri,Mississippi,,,,40.905570453,-18.99,25.198237885,60.33,15.707332568,-19.069037679,66.103808339,0.73,1.35,28.0,33.0
2026-06-15,Rolling 3-Month,2026-01-01,2026-03-31,,State,,,,,,,,,,,,,,,,migration,,,,,,,,,,,,,,,,,,,,,,,,,,,,,,,,,,,,,,,,,,,,,,,,,,,,,,,,,,,,,,,,,Missouri,Missouri,,,,15858.057185496,-6.47,15858.057185496,-6.47,0.0,0.0,31716.114370992,,,,
2026-06-15,Rolling 3-Month,2026-01-01,2026-03-31,,State,,,,,,,,,,,,,,,,migration,,,,,,,,,,,,,,,,,,,,,,,,,,,,,,,,,,,,,,,,,,,,,,,,,,,,,,,,,,,,,,,,,Missouri,Montana,,,,12.975899025,101.5,10.376923077,-44.77,2.598975948,14.946866576,23.352822102,0.23,0.4,39.0,43.0
2026-06-15,Rolling 3-Month,2026-01-01,2026-03-31,,State,,,,,,,,,,,,,,,,migration,,,,,,,,,,,,,,,,,,,,,,,,,,,,,,,,,,,,,,,,,,,,,,,,,,,,,,,,,,,,,,,,,Missouri,Nevada,,,,87.013897209,12.66,92.284498623,1.98,-5.270601414,7.982436761,179.298395832,1.55,0.44,14.0,19.0
2026-06-15,Rolling 3-Month,2026-01-01,2026-03-31,,State,,,,,,,,,,,,,,,,migration,,,,,,,,,,,,,,,,,,,,,,,,,,,,,,,,,,,,,,,,,,,,,,,,,,,,,,,,,,,,,,,,,Missouri,Louisiana,,,,69.553771632,22.88,38.265960132,-0.04,31.2878115,12.963882538,107.819731765,1.24,1.17,19.0,31.0
2026-06-15,Rolling 3-Month,2026-01-01,2026-03-31,,State,,,,,,,,,,,,,,,,migration,,,,,,,,,,,,,,,,,,,,,,,,,,,,,,,,,,,,,,,,,,,,,,,,,,,,,,,,,,,,,,,,,Missouri,New Hampshire,,,,8.0,61.36,9.461538462,5.13,-1.461538462,2.580571315,17.461538462,0.14,0.14,43.0,45.0
2026-06-15,Rolling 3-Month,2026-01-01,2026-03-31,,State,,,,,,,,,,,,,,,,migration,,,,,,,,,,,,,,,,,,,,,,,,,,,,,,,,,,,,,,,,,,,,,,,,,,,,,,,,,,,,,,,,,Missouri,New Jersey,,,,12.757456321,-33.66,16.06691464,-34.3,-3.30945832,1.914750375,28.824370961,0.23,0.08,40.0,39.0
2026-06-15,Rolling 3-Month,2026-01-01,2026-03-31,,State,,,,,,,,,,,,,,,,migration,,,,,,,,,,,,,,,,,,,,,,,,,,,,,,,,,,,,,,,,,,,,,,,,,,,,,,,,,,,,,,,,,Missouri,New Mexico,,,,22.225125091,-7.59,21.269594023,-32.08,0.9555310681,8.222091654,43.494719114,0.4,0.65,36.0,36.0
2026-06-15,Rolling 3-Month,2026-01-01,2026-03-31,,State,,,,,,,,,,,,,,,,migration,,,,,,,,,,,,,,,,,,,,,,,,,,,,,,,,,,,,,,,,,,,,,,,,,,,,,,,,,,,,,,,,,Missouri,New York,,,,34.14818097,-40.82,167.275918605,-6.85,-133.127737635,-11.245986214,201.424099575,0.61,0.24,32.0,9.0
2026-06-15,Rolling 3-Month,2026-01-01,2026-03-31,,State,,,,,,,,,,,,,,,,migration,,,,,,,,,,,,,,,,,,,,,,,,,,,,,,,,,,,,,,,,,,,,,,,,,,,,,,,,,,,,,,,,,Missouri,North Carolina,,,,106.157035923,11.89,71.302933776,-17.95,34.854102147,26.882163151,177.459969698,1.89,0.46,12.0,20.0
2026-06-15,Rolling 3-Month,2026-01-01,2026-03-31,,State,,,,,,,,,,,,,,,,migration,,,,,,,,,,,,,,,,,,,,,,,,,,,,,,,,,,,,,,,,,,,,,,,,,,,,,,,,,,,,,,,,,Missouri,North Dakota,,,,2.0,,10.565789474,,-8.565789474,,12.565789474,0.04,0.61,49.0,42.0
2026-06-15,Rolling 3-Month,2026-01-01,2026-03-31,,State,,,,,,,,,,,,,,,,migration,,,,,,,,,,,,,,,,,,,,,,,,,,,,,,,,,,,,,,,,,,,,,,,,,,,,,,,,,,,,,,,,,Missouri,Ohio,,,,52.259855806,-13.18,62.412334883,39.42,-10.152479077,-25.580946659,114.672190689,0.93,0.59,23.0,25.0
2026-06-15,Rolling 3-Month,2026-01-01,2026-03-31,,State,,,,,,,,,,,,,,,,migration,,,,,,,,,,,,,,,,,,,,,,,,,,,,,,,,,,,,,,,,,,,,,,,,,,,,,,,,,,,,,,,,,Missouri,Maine,,,,23.627341176,3.72,4.788563403,-28.58,18.838777773,2.762970543,28.415904579,0.42,0.42,35.0,46.0
2026-06-15,Rolling 3-Month,2026-01-01,2026-03-31,,State,,,,,,,,,,,,,,,,migration,,,,,,,,,,,,,,,,,,,,,,,,,,,,,,,,,,,,,,,,,,,,,,,,,,,,,,,,,,,,,,,,,Missouri,Kentucky,,,,31.331312615,-43.52,28.721057822,24.9,2.610254793,-29.869444712,60.052370436,0.56,0.7,33.0,32.0
2026-06-15,Rolling 3-Month,2026-01-01,2026-03-31,,State,,,,,,,,,,,,,,,,migration,,,,,,,,,,,,,,,,,,,,,,,,,,,,,,,,,,,,,,,,,,,,,,,,,,,,,,,,,,,,,,,,,Missouri,Oregon,,,,80.38598854,-12.88,92.374934588,-26.54,-11.988946048,21.491379561,172.760923128,1.43,0.42,15.0,18.0
2026-06-15,Rolling 3-Month,2026-01-01,2026-03-31,,State,,,,,,,,,,,,,,,,migration,,,,,,,,,,,,,,,,,,,,,,,,,,,,,,,,,,,,,,,,,,,,,,,,,,,,,,,,,,,,,,,,,Missouri,Connecticut,,,,8.996128727,-45.04,18.49696609,161.25,-9.500837363,-18.790410639,27.493094817,0.16,0.17,42.0,37.0
2026-06-15,Rolling 3-Month,2026-01-01,2026-03-31,,State,,,,,,,,,,,,,,,,migration,,,,,,,,,,,,,,,,,,,,,,,,,,,,,,,,,,,,,,,,,,,,,,,,,,,,,,,,,,,,,,,,,Missouri,Alabama,,,,74.331350647,31.59,51.978609606,-11.9,22.352741041,24.864510312,126.309960253,1.32,1.11,16.0,29.0
2026-06-15,Rolling 3-Month,2026-01-01,2026-03-31,,State,,,,,,,,,,,,,,,,migration,,,,,,,,,,,,,,,,,,,,,,,,,,,,,,,,,,,,,,,,,,,,,,,,,,,,,,,,,,,,,,,,,Missouri,Alaska,,,,3.0,-40.0,12.062249162,129.14,-9.062249162,-8.798098219,15.062249162,0.05,0.34,48.0,41.0
2026-06-15,Rolling 3-Month,2026-01-01,2026-03-31,,State,,,,,,,,,,,,,,,,migration,,,,,,,,,,,,,,,,,,,,,,,,,,,,,,,,,,,,,,,,,,,,,,,,,,,,,,,,,,,,,,,,,Missouri,Arizona,,,,208.72805346,0.99,210.311390758,-27.53,-1.583337298,81.95537013,419.039444218,3.72,0.61,6.0,8.0
2026-06-15,Rolling 3-Month,2026-01-01,2026-03-31,,State,,,,,,,,,,,,,,,,migration,,,,,,,,,,,,,,,,,,,,,,,,,,,,,,,,,,,,,,,,,,,,,,,,,,,,,,,,,,,,,,,,,Missouri,Arkansas,,,,189.74221783,27.4,115.467142092,37.84,74.275075738,9.105584735,305.209359922,3.38,4.52,8.0,14.0
2026-06-15,Rolling 3-Month,2026-01-01,2026-03-31,,State,,,,,,,,,,,,,,,,migration,,,,,,,,,,,,,,,,,,,,,,,,,,,,,,,,,,,,,,,,,,,,,,,,,,,,,,,,,,,,,,,,,Missouri,California,,,,399.417397927,-4.67,867.945439904,-33.67,-468.528041977,420.993779639,1267.362837831,7.12,0.76,5.0,3.0
2026-06-15,Rolling 3-Month,2026-01-01,2026-03-31,,State,,,,,,,,,,,,,,,,migration,,,,,,,,,,,,,,,,,,,,,,,,,,,,,,,,,,,,,,,,,,,,,,,,,,,,,,,,,,,,,,,,,Missouri,Colorado,,,,191.948575605,-7.84,292.517879031,-37.08,-100.569303426,156.067051184,484.466454636,3.42,1.21,7.0,7.0
2026-06-15,Rolling 3-Month,2026-01-01,2026-03-31,,State,,,,,,,,,,,,,,,,migration,,,,,,,,,,,,,,,,,,,,,,,,,,,,,,,,,,,,,,,,,,,,,,,,,,,,,,,,,,,,,,,,,Missouri,Columbia,,,,13.0,-48.89,17.441317314,-47.79,-4.441317314,3.532976083,30.441317314,0.23,0.24,38.0,38.0
2026-06-15,Rolling 3-Month,2026-01-01,2026-03-31,,State,,,,,,,,,,,,,,,,migration,,,,,,,,,,,,,,,,,,,,,,,,,,,,,,,,,,,,,,,,,,,,,,,,,,,,,,,,,,,,,,,,,Missouri,Delaware,,,,6.156716418,23.13,1.555555556,-52.28,4.601160862,2.860776247,7.712271973,0.11,0.14,44.0,49.0
2026-06-15,Rolling 3-Month,2026-01-01,2026-03-31,,State,,,,,,,,,,,,,,,,migration,,,,,,,,,,,,,,,,,,,,,,,,,,,,,,,,,,,,,,,,,,,,,,,,,,,,,,,,,,,,,,,,,Missouri,Kansas,,,,463.91390426,-57.88,973.310869601,14.71,-509.396965341,-762.193894524,1437.224773861,8.27,19.57,4.0,2.0
2026-06-15,Rolling 3-Month,2026-01-01,2026-03-31,,State,,,,,,,,,,,,,,,,migration,,,,,,,,,,,,,,,,,,,,,,,,,,,,,,,,,,,,,,,,,,,,,,,,,,,,,,,,,,,,,,,,,Missouri,Florida,,,,717.288318685,9.83,363.665847693,-7.19,353.622470992,92.35685658,1080.954166377,12.79,0.88,2.0,6.0
2026-06-15,Rolling 3-Month,2026-01-01,2026-03-31,,State,,,,,,,,,,,,,,,,migration,,,,,,,,,,,,,,,,,,,,,,,,,,,,,,,,,,,,,,,,,,,,,,,,,,,,,,,,,,,,,,,,,Missouri,Georgia,,,,94.161284737,-27.32,98.335516763,-21.5,-4.174232026,-8.474174736,192.4968015,1.68,0.5,13.0,15.0
2026-06-15,Rolling 3-Month,2026-01-01,2026-03-31,,State,,,,,,,,,,,,,,,,migration,,,,,,,,,,,,,,,,,,,,,,,,,,,,,,,,,,,,,,,,,,,,,,,,,,,,,,,,,,,,,,,,,Missouri,Hawaii,,,,38.480448673,-28.2,58.699037038,-4.53,-20.218588365,-12.322943971,97.179485711,0.69,0.36,29.0,26.0
2026-06-15,Rolling 3-Month,2026-01-01,2026-03-31,,State,,,,,,,,,,,,,,,,migration,,,,,,,,,,,,,,,,,,,,,,,,,,,,,,,,,,,,,,,,,,,,,,,,,,,,,,,,,,,,,,,,,Missouri,Idaho,,,,10.70474051,-22.45,23.87744772,70.55,-13.17270721,-12.976464275,34.58218823,0.19,0.1,41.0,34.0
2026-06-15,Rolling 3-Month,2026-01-01,2026-03-31,,State,,,,,,,,,,,,,,,,migration,,,,,,,,,,,,,,,,,,,,,,,,,,,,,,,,,,,,,,,,,,,,,,,,,,,,,,,,,,,,,,,,,Missouri,Illinois,,,,983.226341055,-5.21,983.800802782,-37.53,-0.5744617276,536.850568521,1967.027143837,17.53,5.21,1.0,1.0
2026-06-15,Rolling 3-Month,2026-01-01,2026-03-31,,State,,,,,,,,,,,,,,,,migration,,,,,,,,,,,,,,,,,,,,,,,,,,,,,,,,,,,,,,,,,,,,,,,,,,,,,,,,,,,,,,,,,Missouri,Indiana,,,,111.367585553,59.57,93.362750051,104.34,18.004835502,-6.098679499,204.730335604,1.99,1.25,11.0,17.0
2026-06-15,Rolling 3-Month,2026-01-01,2026-03-31,,State,,,,,,,,,,,,,,,,migration,,,,,,,,,,,,,,,,,,,,,,,,,,,,,,,,,,,,,,,,,,,,,,,,,,,,,,,,,,,,,,,,,Missouri,Iowa,,,,36.848639106,-14.58,94.264990336,2.58,-57.41635123,-8.656382403,131.113629441,0.66,1.81,30.0,16.0
2026-06-15,Rolling 3-Month,2026-01-01,2026-03-31,,State,,,,,,,,,,,,,,,,migration,,,,,,,,,,,,,,,,,,,,,,,,,,,,,,,,,,,,,,,,,,,,,,,,,,,,,,,,,,,,,,,,,Missouri,Oklahoma,,,,58.372550281,-28.4,120.302967544,44.95,-61.930417263,-60.462919932,178.675517825,1.04,1.31,21.0,12.0
2026-06-15,Rolling 3-Month,2026-01-01,2026-03-31,,State,,,,,,,,,,,,,,,,migration,,,,,,,,,,,,,,,,,,,,,,,,,,,,,,,,,,,,,,,,,,,,,,,,,,,,,,,,,,,,,,,,,Missouri,Pennsylvania,,,,45.347614825,-27.14,53.995307309,-15.4,-8.647692484,-7.064748707,99.342922134,0.81,0.27,27.0,27.0
2026-06-15,Rolling 3-Month,2026-01-01,2026-03-31,,State,,,,,,,,,,,,,,,,migration,,,,,,,,,,,,,,,,,,,,,,,,,,,,,,,,,,,,,,,,,,,,,,,,,,,,,,,,,,,,,,,,,Montana,Montana,,,,731.321328452,34.34,731.321328452,34.34,0.0,0.0,1462.642656905,,,,
2026-06-15,Rolling 3-Month,2026-01-01,2026-03-31,,State,,,,,,,,,,,,,,,,migration,,,,,,,,,,,,,,,,,,,,,,,,,,,,,,,,,,,,,,,,,,,,,,,,,,,,,,,,,,,,,,,,,Montana,Kansas,,,,4.0,300.0,8.618705036,112.1,-4.618705036,-1.555175624,12.618705036,0.34,0.17,32.0,28.0
2026-06-15,Rolling 3-Month,2026-01-01,2026-03-31,,State,,,,,,,,,,,,,,,,migration,,,,,,,,,,,,,,,,,,,,,,,,,,,,,,,,,,,,,,,,,,,,,,,,,,,,,,,,,,,,,,,,,Montana,Florida,,,,48.747984307,6.95,80.572707998,8.21,-31.824723691,-2.945454191,129.320692306,4.17,0.06,7.0,7.0
2026-06-15,Rolling 3-Month,2026-01-01,2026-03-31,,State,,,,,,,,,,,,,,,,migration,,,,,,,,,,,,,,,,,,,,,,,,,,,,,,,,,,,,,,,,,,,,,,,,,,,,,,,,,,,,,,,,,Montana,Georgia,,,,11.498273257,-42.65,33.614968145,30.57,-22.116694888,-16.4232956,45.113241402,0.98,0.06,20.0,14.0
2026-06-15,Rolling 3-Month,2026-01-01,2026-03-31,,State,,,,,,,,,,,,,,,,migration,,,,,,,,,,,,,,,,,,,,,,,,,,,,,,,,,,,,,,,,,,,,,,,,,,,,,,,,,,,,,,,,,Montana,Hawaii,,,,22.633333333,7.3,25.812742213,6.56,-3.179408879,-0.04828986101,48.446075546,1.94,0.21,11.0,16.0
2026-06-15,Rolling 3-Month,2026-01-01,2026-03-31,,State,,,,,,,,,,,,,,,,migration,,,,,,,,,,,,,,,,,,,,,,,,,,,,,,,,,,,,,,,,,,,,,,,,,,,,,,,,,,,,,,,,,Montana,Idaho,,,,48.275666987,44.25,26.545047774,-34.42,21.730619213,28.743909801,74.820714761,4.13,0.45,8.0,15.0
2026-06-15,Rolling 3-Month,2026-01-01,2026-03-31,,State,,,,,,,,,,,,,,,,migration,,,,,,,,,,,,,,,,,,,,,,,,,,,,,,,,,,,,,,,,,,,,,,,,,,,,,,,,,,,,,,,,,Montana,Illinois,,,,11.0,-36.92,78.381455128,-15.38,-67.381455128,7.808709609,89.381455128,0.94,0.06,21.0,8.0
2026-06-15,Rolling 3-Month,2026-01-01,2026-03-31,,State,,,,,,,,,,,,,,,,migration,,,,,,,,,,,,,,,,,,,,,,,,,,,,,,,,,,,,,,,,,,,,,,,,,,,,,,,,,,,,,,,,,Montana,Indiana,,,,5.0,99.28,8.175590665,-21.71,-3.175590665,4.758506668,13.175590665,0.43,0.06,29.0,30.0
2026-06-15,Rolling 3-Month,2026-01-01,2026-03-31,,State,,,,,,,,,,,,,,,,migration,,,,,,,,,,,,,,,,,,,,,,,,,,,,,,,,,,,,,,,,,,,,,,,,,,,,,,,,,,,,,,,,,Montana,Iowa,,,,1.0,-66.39,3.897243108,29.91,-2.897243108,-2.872804795,4.897243108,0.09,0.05,45.0,37.0
2026-06-15,Rolling 3-Month,2026-01-01,2026-03-31,,State,,,,,,,,,,,,,,,,migration,,,,,,,,,,,,,,,,,,,,,,,,,,,,,,,,,,,,,,,,,,,,,,,,,,,,,,,,,,,,,,,,,Montana,Kentucky,,,,3.454545455,21.83,5.75830819,76.09,-2.303762735,-1.869119808,9.212853644,0.3,0.08,34.0,35.0
2026-06-15,Rolling 3-Month,2026-01-01,2026-03-31,,State,,,,,,,,,,,,,,,,migration,,,,,,,,,,,,,,,,,,,,,,,,,,,,,,,,,,,,,,,,,,,,,,,,,,,,,,,,,,,,,,,,,Montana,Connecticut,,,,2.0,13.23,6.753804348,64.28,-4.753804348,-2.409048377,8.753804348,0.17,0.04,39.0,33.0
2026-06-15,Rolling 3-Month,2026-01-01,2026-03-31,,State,,,,,,,,,,,,,,,,migration,,,,,,,,,,,,,,,,,,,,,,,,,,,,,,,,,,,,,,,,,,,,,,,,,,,,,,,,,,,,,,,,,Montana,Louisiana,,,,6.0,11.34,1.633367486,-76.82,4.366632514,6.02335766,7.633367486,0.51,0.1,27.0,45.0
2026-06-15,Rolling 3-Month,2026-01-01,2026-03-31,,State,,,,,,,,,,,,,,,,migration,,,,,,,,,,,,,,,,,,,,,,,,,,,,,,,,,,,,,,,,,,,,,,,,,,,,,,,,,,,,,,,,,Montana,Maine,,,,7.677419355,-27.22,7.067729739,253.39,0.6096896162,-7.939044259,14.745149093,0.66,0.14,25.0,32.0
2026-06-15,Rolling 3-Month,2026-01-01,2026-03-31,,State,,,,,,,,,,,,,,,,migration,,,,,,,,,,,,,,,,,,,,,,,,,,,,,,,,,,,,,,,,,,,,,,,,,,,,,,,,,,,,,,,,,Montana,Maryland,,,,1.0,-77.73,18.219211466,3.59,-17.219211466,-4.12117718,19.219211466,0.09,0.01,46.0,23.0
2026-06-15,Rolling 3-Month,2026-01-01,2026-03-31,,State,,,,,,,,,,,,,,,,migration,,,,,,,,,,,,,,,,,,,,,,,,,,,,,,,,,,,,,,,,,,,,,,,,,,,,,,,,,,,,,,,,,Montana,Michigan,,,,13.173611111,55.8,10.267925423,-49.52,2.905685689,14.792365971,23.441536534,1.13,0.14,18.0,27.0
2026-06-15,Rolling 3-Month,2026-01-01,2026-03-31,,State,,,,,,,,,,,,,,,,migration,,,,,,,,,,,,,,,,,,,,,,,,,,,,,,,,,,,,,,,,,,,,,,,,,,,,,,,,,,,,,,,,,Montana,Minnesota,,,,9.459120808,-41.59,39.845324578,23.14,-30.38620377,-14.221961733,49.304445387,0.81,0.2,23.0,13.0
2026-06-15,Rolling 3-Month,2026-01-01,2026-03-31,,State,,,,,,,,,,,,,,,,migration,,,,,,,,,,,,,,,,,,,,,,,,,,,,,,,,,,,,,,,,,,,,,,,,,,,,,,,,,,,,,,,,,Montana,Mississippi,,,,2.0,0.0,2.0,100.0,0.0,-1.0,4.0,0.17,0.07,41.0,44.0
2026-06-15,Rolling 3-Month,2026-01-01,2026-03-31,,State,,,,,,,,,,,,,,,,migration,,,,,,,,,,,,,,,,,,,,,,,,,,,,,,,,,,,,,,,,,,,,,,,,,,,,,,,,,,,,,,,,,Montana,Missouri,,,,10.376923077,-44.77,12.975899025,101.5,-2.598975948,-14.946866576,23.352822102,0.89,0.15,22.0,25.0
2026-06-15,Rolling 3-Month,2026-01-01,2026-03-31,,State,,,,,,,,,,,,,,,,migration,,,,,,,,,,,,,,,,,,,,,,,,,,,,,,,,,,,,,,,,,,,,,,,,,,,,,,,,,,,,,,,,,Montana,Delaware,,,,1.0,,1.0,,0.0,,2.0,0.09,0.02,44.0,46.0
2026-06-15,Rolling 3-Month,2026-01-01,2026-03-31,,State,,,,,,,,,,,,,,,,migration,,,,,,,,,,,,,,,,,,,,,,,,,,,,,,,,,,,,,,,,,,,,,,,,,,,,,,,,,,,,,,,,,Montana,Columbia,,,,3.0,-5.42,2.840151515,-40.38,0.1598484848,1.75166474,5.840151515,0.26,0.06,37.0,39.0
2026-06-15,Rolling 3-Month,2026-01-01,2026-03-31,,State,,,,,,,,,,,,,,,,migration,,,,,,,,,,,,,,,,,,,,,,,,,,,,,,,,,,,,,,,,,,,,,,,,,,,,,,,,,,,,,,,,,Missouri,Rhode Island,,,,3.191304348,-16.62,0.0,-100.0,3.191304348,1.665429898,3.191304348,0.06,0.14,47.0,50.0
2026-06-15,Rolling 3-Month,2026-01-01,2026-03-31,,State,,,,,,,,,,,,,,,,migration,,,,,,,,,,,,,,,,,,,,,,,,,,,,,,,,,,,,,,,,,,,,,,,,,,,,,,,,,,,,,,,,,Missouri,Washington,,,,172.158925868,-3.36,394.561188898,-2.74,-222.402263031,5.117357262,566.720114766,3.07,0.56,9.0,5.0
2026-06-15,Rolling 3-Month,2026-01-01,2026-03-31,,State,,,,,,,,,,,,,,,,migration,,,,,,,,,,,,,,,,,,,,,,,,,,,,,,,,,,,,,,,,,,,,,,,,,,,,,,,,,,,,,,,,,Missouri,South Carolina,,,,57.89986815,-26.62,23.398097933,-27.17,34.501770217,-12.278517474,81.297966083,1.03,0.31,22.0,35.0
2026-06-15,Rolling 3-Month,2026-01-01,2026-03-31,,State,,,,,,,,,,,,,,,,migration,,,,,,,,,,,,,,,,,,,,,,,,,,,,,,,,,,,,,,,,,,,,,,,,,,,,,,,,,,,,,,,,,Missouri,South Dakota,,,,27.0,188.58,9.533333333,23.42,17.466666667,15.834657916,36.533333333,0.48,3.46,34.0,44.0
2026-06-15,Rolling 3-Month,2026-01-01,2026-03-31,,State,,,,,,,,,,,,,,,,migration,,,,,,,,,,,,,,,,,,,,,,,,,,,,,,,,,,,,,,,,,,,,,,,,,,,,,,,,,,,,,,,,,Missouri,Tennessee,,,,147.396369271,1.06,119.082003073,-22.62,28.314366197,36.362213857,266.478372344,2.63,0.75,10.0,13.0
2026-06-15,Rolling 3-Month,2026-01-01,2026-03-31,,State,,,,,,,,,,,,,,,,migration,,,,,,,,,,,,,,,,,,,,,,,,,,,,,,,,,,,,,,,,,,,,,,,,,,,,,,,,,,,,,,,,,Missouri,Texas,,,,539.25565624,-8.26,563.172690729,-16.25,-23.917034489,60.734324241,1102.428346969,9.61,1.24,3.0,4.0
2026-06-15,Rolling 3-Month,2026-01-01,2026-03-31,,State,,,,,,,,,,,,,,,,migration,,,,,,,,,,,,,,,,,,,,,,,,,,,,,,,,,,,,,,,,,,,,,,,,,,,,,,,,,,,,,,,,,Missouri,Utah,,,,18.63090343,-63.7,63.986204464,-14.43,-45.355301034,-21.912915029,82.617107894,0.33,0.34,37.0,23.0
2026-06-15,Rolling 3-Month,2026-01-01,2026-03-31,,State,,,,,,,,,,,,,,,,migration,,,,,,,,,,,,,,,,,,,,,,,,,,,,,,,,,,,,,,,,,,,,,,,,,,,,,,,,,,,,,,,,,Missouri,Vermont,,,,0.7063665856,-91.88,3.543947206,-4.88,-2.83758062,-7.805665024,4.250313791,0.01,0.04,50.0,47.0
2026-06-15,Rolling 3-Month,2026-01-01,2026-03-31,,State,,,,,,,,,,,,,,,,migration,,,,,,,,,,,,,,,,,,,,,,,,,,,,,,,,,,,,,,,,,,,,,,,,,,,,,,,,,,,,,,,,,Missouri,Virginia,,,,71.477204744,-22.35,163.710089428,17.68,-92.232884685,-45.170191562,235.187294172,1.27,0.37,18.0,10.0
2026-06-15,Rolling 3-Month,2026-01-01,2026-03-31,,State,,,,,,,,,,,,,,,,migration,,,,,,,,,,,,,,,,,,,,,,,,,,,,,,,,,,,,,,,,,,,,,,,,,,,,,,,,,,,,,,,,,Missouri,West Virginia,,,,3.692307692,-18.09,3.0,-53.11,0.6923076923,2.583045542,6.692307692,0.07,0.13,45.0,48.0
2026-06-15,Rolling 3-Month,2026-01-01,2026-03-31,,State,,,,,,,,,,,,,,,,migration,,,,,,,,,,,,,,,,,,,,,,,,,,,,,,,,,,,,,,,,,,,,,,,,,,,,,,,,,,,,,,,,,Montana,Colorado,,,,119.741935457,-2.44,255.992167382,20.7,-136.250231926,-46.894987116,375.734102839,10.25,0.76,4.0,3.0
2026-06-15,Rolling 3-Month,2026-01-01,2026-03-31,,State,,,,,,,,,,,,,,,,migration,,,,,,,,,,,,,,,,,,,,,,,,,,,,,,,,,,,,,,,,,,,,,,,,,,,,,,,,,,,,,,,,,Missouri,Wisconsin,,,,72.482946656,-27.89,65.865643223,49.63,6.617303433,-49.880009941,138.34858988,1.29,0.84,17.0,22.0
2026-06-15,Rolling 3-Month,2026-01-01,2026-03-31,,State,,,,,,,,,,,,,,,,migration,,,,,,,,,,,,,,,,,,,,,,,,,,,,,,,,,,,,,,,,,,,,,,,,,,,,,,,,,,,,,,,,,Missouri,Wyoming,,,,3.647058824,20.61,12.365413467,109.46,-8.718354643,-5.838658762,16.012472291,0.07,0.39,46.0,40.0
2026-06-15,Rolling 3-Month,2026-01-01,2026-03-31,,State,,,,,,,,,,,,,,,,migration,,,,,,,,,,,,,,,,,,,,,,,,,,,,,,,,,,,,,,,,,,,,,,,,,,,,,,,,,,,,,,,,,Montana,Alabama,,,,1.648648649,-77.8,4.543009328,35.71,-2.894360679,-6.97337313,6.191657977,0.14,0.02,42.0,36.0
2026-06-15,Rolling 3-Month,2026-01-01,2026-03-31,,State,,,,,,,,,,,,,,,,migration,,,,,,,,,,,,,,,,,,,,,,,,,,,,,,,,,,,,,,,,,,,,,,,,,,,,,,,,,,,,,,,,,Montana,Alaska,,,,5.800747752,65.35,2.419935032,9.7,3.38081272,2.078646149,8.220682784,0.5,0.65,28.0,41.0
2026-06-15,Rolling 3-Month,2026-01-01,2026-03-31,,State,,,,,,,,,,,,,,,,migration,,,,,,,,,,,,,,,,,,,,,,,,,,,,,,,,,,,,,,,,,,,,,,,,,,,,,,,,,,,,,,,,,Montana,Arizona,,,,194.071301512,18.35,121.628909036,38.36,72.442392476,-3.633750083,315.700210548,16.62,0.57,1.0,6.0
2026-06-15,Rolling 3-Month,2026-01-01,2026-03-31,,State,,,,,,,,,,,,,,,,migration,,,,,,,,,,,,,,,,,,,,,,,,,,,,,,,,,,,,,,,,,,,,,,,,,,,,,,,,,,,,,,,,,Montana,Arkansas,,,,11.913909378,197.85,2.230769231,451.82,9.683140148,6.087395467,14.144678609,1.02,0.28,19.0,43.0
2026-06-15,Rolling 3-Month,2026-01-01,2026-03-31,,State,,,,,,,,,,,,,,,,migration,,,,,,,,,,,,,,,,,,,,,,,,,,,,,,,,,,,,,,,,,,,,,,,,,,,,,,,,,,,,,,,,,Montana,California,,,,132.839685817,42.34,675.772619134,2.76,-542.932933317,21.372821027,808.612304951,11.38,0.25,3.0,2.0
2026-06-15,Rolling 3-Month,2026-01-01,2026-03-31,,State,,,,,,,,,,,,,,,,migration,,,,,,,,,,,,,,,,,,,,,,,,,,,,,,,,,,,,,,,,,,,,,,,,,,,,,,,,,,,,,,,,,Nevada,Florida,,,,642.950337938,6.31,347.892188125,-18.79,295.058149813,118.636763005,990.842526063,6.77,0.79,4.0,8.0
2026-06-15,Rolling 3-Month,2026-01-01,2026-03-31,,State,,,,,,,,,,,,,,,,migration,,,,,,,,,,,,,,,,,,,,,,,,,,,,,,,,,,,,,,,,,,,,,,,,,,,,,,,,,,,,,,,,,Nevada,Hawaii,,,,235.973078934,-28.49,637.711477369,-13.61,-401.738398435,6.469934062,873.684556303,2.48,2.22,9.0,3.0
2026-06-15,Rolling 3-Month,2026-01-01,2026-03-31,,State,,,,,,,,,,,,,,,,migration,,,,,,,,,,,,,,,,,,,,,,,,,,,,,,,,,,,,,,,,,,,,,,,,,,,,,,,,,,,,,,,,,New Mexico,Maine,,,,14.631507399,-18.13,5.289473684,-65.59,9.342033715,6.839809573,19.920981083,0.74,0.26,27.0,40.0
2026-06-15,Rolling 3-Month,2026-01-01,2026-03-31,,State,,,,,,,,,,,,,,,,migration,,,,,,,,,,,,,,,,,,,,,,,,,,,,,,,,,,,,,,,,,,,,,,,,,,,,,,,,,,,,,,,,,Nevada,Idaho,,,,146.107753019,9.38,71.444153782,0.41,74.663599237,12.236683087,217.551906801,1.54,1.37,12.0,25.0
2026-06-15,Rolling 3-Month,2026-01-01,2026-03-31,,State,,,,,,,,,,,,,,,,migration,,,,,,,,,,,,,,,,,,,,,,,,,,,,,,,,,,,,,,,,,,,,,,,,,,,,,,,,,,,,,,,,,New Jersey,Illinois,,,,132.585781422,-16.34,172.510579336,-9.4,-39.924797914,-8.006991778,305.096360758,1.01,0.7,16.0,12.0
2026-06-15,Rolling 3-Month,2026-01-01,2026-03-31,,State,,,,,,,,,,,,,,,,migration,,,,,,,,,,,,,,,,,,,,,,,,,,,,,,,,,,,,,,,,,,,,,,,,,,,,,,,,,,,,,,,,,New Jersey,Indiana,,,,40.990368945,-8.13,56.735296249,108.95,-15.744927303,-33.212925102,97.725665194,0.31,0.46,29.0,20.0
2026-06-15,Rolling 3-Month,2026-01-01,2026-03-31,,State,,,,,,,,,,,,,,,,migration,,,,,,,,,,,,,,,,,,,,,,,,,,,,,,,,,,,,,,,,,,,,,,,,,,,,,,,,,,,,,,,,,New Jersey,Iowa,,,,2.0,-18.7,4.276278054,36.6,-2.276278054,-1.605843271,6.276278054,0.02,0.1,48.0,43.0
2026-06-15,Rolling 3-Month,2026-01-01,2026-03-31,,State,,,,,,,,,,,,,,,,migration,,,,,,,,,,,,,,,,,,,,,,,,,,,,,,,,,,,,,,,,,,,,,,,,,,,,,,,,,,,,,,,,,New Jersey,Kansas,,,,8.573333333,26.57,5.734428795,-44.36,2.838904538,6.371384032,14.307762128,0.07,0.36,41.0,41.0
2026-06-15,Rolling 3-Month,2026-01-01,2026-03-31,,State,,,,,,,,,,,,,,,,migration,,,,,,,,,,,,,,,,,,,,,,,,,,,,,,,,,,,,,,,,,,,,,,,,,,,,,,,,,,,,,,,,,New Jersey,Kentucky,,,,23.770824189,92.09,36.187224179,38.18,-12.41639999,1.397817994,59.958048368,0.18,0.53,32.0,24.0
2026-06-15,Rolling 3-Month,2026-01-01,2026-03-31,,State,,,,,,,,,,,,,,,,migration,,,,,,,,,,,,,,,,,,,,,,,,,,,,,,,,,,,,,,,,,,,,,,,,,,,,,,,,,,,,,,,,,New Jersey,Louisiana,,,,36.348528387,-28.56,9.221172564,-48.52,27.127355823,-5.838764842,45.569700951,0.28,0.61,30.0,37.0
2026-06-15,Rolling 3-Month,2026-01-01,2026-03-31,,State,,,,,,,,,,,,,,,,migration,,,,,,,,,,,,,,,,,,,,,,,,,,,,,,,,,,,,,,,,,,,,,,,,,,,,,,,,,,,,,,,,,New Jersey,Maine,,,,108.425834592,-9.7,29.611304348,124.25,78.814530244,-28.055833606,138.03713894,0.83,1.94,19.0,27.0
2026-06-15,Rolling 3-Month,2026-01-01,2026-03-31,,State,,,,,,,,,,,,,,,,migration,,,,,,,,,,,,,,,,,,,,,,,,,,,,,,,,,,,,,,,,,,,,,,,,,,,,,,,,,,,,,,,,,New Jersey,Maryland,,,,313.05681645,-18.53,219.094643242,-14.36,93.962173208,-34.451120926,532.151459692,2.39,1.81,11.0,7.0
2026-06-15,Rolling 3-Month,2026-01-01,2026-03-31,,State,,,,,,,,,,,,,,,,migration,,,,,,,,,,,,,,,,,,,,,,,,,,,,,,,,,,,,,,,,,,,,,,,,,,,,,,,,,,,,,,,,,New Jersey,Massachusetts,,,,242.167309149,-1.79,191.382494728,-50.65,50.784814421,191.982238924,433.549803878,1.85,2.45,12.0,10.0
2026-06-15,Rolling 3-Month,2026-01-01,2026-03-31,,State,,,,,,,,,,,,,,,,migration,,,,,,,,,,,,,,,,,,,,,,,,,,,,,,,,,,,,,,,,,,,,,,,,,,,,,,,,,,,,,,,,,New Jersey,Michigan,,,,68.455158141,-26.78,92.611098069,46.36,-24.155939928,-54.369276361,161.06625621,0.52,0.72,23.0,16.0
2026-06-15,Rolling 3-Month,2026-01-01,2026-03-31,,State,,,,,,,,,,,,,,,,migration,,,,,,,,,,,,,,,,,,,,,,,,,,,,,,,,,,,,,,,,,,,,,,,,,,,,,,,,,,,,,,,,,New Jersey,Minnesota,,,,18.082933287,-42.27,17.968156227,1.96,0.1147770598,-13.586962443,36.051089513,0.14,0.38,33.0,32.0
2026-06-15,Rolling 3-Month,2026-01-01,2026-03-31,,State,,,,,,,,,,,,,,,,migration,,,,,,,,,,,,,,,,,,,,,,,,,,,,,,,,,,,,,,,,,,,,,,,,,,,,,,,,,,,,,,,,,New Jersey,Mississippi,,,,15.639295079,120.83,7.0,75.0,8.639295079,5.557093288,22.639295079,0.12,0.51,37.0,38.0
2026-06-15,Rolling 3-Month,2026-01-01,2026-03-31,,State,,,,,,,,,,,,,,,,migration,,,,,,,,,,,,,,,,,,,,,,,,,,,,,,,,,,,,,,,,,,,,,,,,,,,,,,,,,,,,,,,,,New Jersey,Missouri,,,,16.06691464,-34.3,12.757456321,-33.66,3.30945832,-1.914750375,28.824370961,0.12,0.23,36.0,34.0
2026-06-15,Rolling 3-Month,2026-01-01,2026-03-31,,State,,,,,,,,,,,,,,,,migration,,,,,,,,,,,,,,,,,,,,,,,,,,,,,,,,,,,,,,,,,,,,,,,,,,,,,,,,,,,,,,,,,New Jersey,Montana,,,,7.122491994,50.63,1.0,-45.17,6.122491994,3.217755812,8.122491994,0.05,0.22,42.0,48.0
2026-06-15,Rolling 3-Month,2026-01-01,2026-03-31,,State,,,,,,,,,,,,,,,,migration,,,,,,,,,,,,,,,,,,,,,,,,,,,,,,,,,,,,,,,,,,,,,,,,,,,,,,,,,,,,,,,,,New Jersey,Nebraska,,,,4.414722152,341.47,3.489738506,-66.89,0.9249836455,10.464983646,7.904460658,0.03,0.35,46.0,45.0
2026-06-15,Rolling 3-Month,2026-01-01,2026-03-31,,State,,,,,,,,,,,,,,,,migration,,,,,,,,,,,,,,,,,,,,,,,,,,,,,,,,,,,,,,,,,,,,,,,,,,,,,,,,,,,,,,,,,New Jersey,Nevada,,,,86.051867383,-8.66,46.347385033,-0.78,39.70448235,-7.795885902,132.399252416,0.66,0.44,21.0,23.0
2026-06-15,Rolling 3-Month,2026-01-01,2026-03-31,,State,,,,,,,,,,,,,,,,migration,,,,,,,,,,,,,,,,,,,,,,,,,,,,,,,,,,,,,,,,,,,,,,,,,,,,,,,,,,,,,,,,,New Jersey,New Hampshire,,,,52.418742733,-37.75,33.998983199,39.94,18.419759534,-41.495109244,86.417725932,0.4,0.93,25.0,25.0
2026-06-15,Rolling 3-Month,2026-01-01,2026-03-31,,State,,,,,,,,,,,,,,,,migration,,,,,,,,,,,,,,,,,,,,,,,,,,,,,,,,,,,,,,,,,,,,,,,,,,,,,,,,,,,,,,,,,New Jersey,Idaho,,,,5.0,66.67,5.891368733,-1.81,-0.8913687328,2.108631267,10.891368733,0.04,0.05,45.0,40.0
2026-06-15,Rolling 3-Month,2026-01-01,2026-03-31,,State,,,,,,,,,,,,,,,,migration,,,,,,,,,,,,,,,,,,,,,,,,,,,,,,,,,,,,,,,,,,,,,,,,,,,,,,,,,,,,,,,,,New Jersey,Hawaii,,,,45.68341697,-20.6,27.723789476,29.46,17.959627494,-18.161907918,73.407206446,0.35,0.43,27.0,28.0
2026-06-15,Rolling 3-Month,2026-01-01,2026-03-31,,State,,,,,,,,,,,,,,,,migration,,,,,,,,,,,,,,,,,,,,,,,,,,,,,,,,,,,,,,,,,,,,,,,,,,,,,,,,,,,,,,,,,New Jersey,Georgia,,,,446.672607473,-8.03,183.822117105,2.35,262.850490368,-43.218486141,630.494724578,3.41,2.38,8.0,11.0
2026-06-15,Rolling 3-Month,2026-01-01,2026-03-31,,State,,,,,,,,,,,,,,,,migration,,,,,,,,,,,,,,,,,,,,,,,,,,,,,,,,,,,,,,,,,,,,,,,,,,,,,,,,,,,,,,,,,New Jersey,Alabama,,,,43.043267742,-13.9,10.059782609,2.28,32.983485133,-7.173387736,53.103050351,0.33,0.64,28.0,36.0
2026-06-15,Rolling 3-Month,2026-01-01,2026-03-31,,State,,,,,,,,,,,,,,,,migration,,,,,,,,,,,,,,,,,,,,,,,,,,,,,,,,,,,,,,,,,,,,,,,,,,,,,,,,,,,,,,,,,New Hampshire,Utah,,,,10.599970238,-45.08,7.357142857,-59.47,3.242827381,2.094035564,17.957113095,0.41,0.2,28.0,32.0
2026-06-15,Rolling 3-Month,2026-01-01,2026-03-31,,State,,,,,,,,,,,,,,,,migration,,,,,,,,,,,,,,,,,,,,,,,,,,,,,,,,,,,,,,,,,,,,,,,,,,,,,,,,,,,,,,,,,New Hampshire,Vermont,,,,86.415962554,-8.12,60.458376772,-36.92,25.957585782,27.751240036,146.874339327,3.38,4.3,7.0,12.0
2026-06-15,Rolling 3-Month,2026-01-01,2026-03-31,,State,,,,,,,,,,,,,,,,migration,,,,,,,,,,,,,,,,,,,,,,,,,,,,,,,,,,,,,,,,,,,,,,,,,,,,,,,,,,,,,,,,,New Hampshire,Virginia,,,,41.971785664,-28.96,124.63670997,6.08,-82.664924306,-24.247733744,166.608495633,1.64,0.22,14.0,7.0
2026-06-15,Rolling 3-Month,2026-01-01,2026-03-31,,State,,,,,,,,,,,,,,,,migration,,,,,,,,,,,,,,,,,,,,,,,,,,,,,,,,,,,,,,,,,,,,,,,,,,,,,,,,,,,,,,,,,New Hampshire,Washington,,,,35.624721409,-7.31,72.549715478,-12.6,-36.924994069,7.650358611,108.174436888,1.39,0.12,17.0,9.0
2026-06-15,Rolling 3-Month,2026-01-01,2026-03-31,,State,,,,,,,,,,,,,,,,migration,,,,,,,,,,,,,,,,,,,,,,,,,,,,,,,,,,,,,,,,,,,,,,,,,,,,,,,,,,,,,,,,,New Hampshire,West Virginia,,,,6.366832093,3.85,8.0,-27.27,-1.633167907,3.235928091,14.366832093,0.25,0.23,32.0,30.0
2026-06-15,Rolling 3-Month,2026-01-01,2026-03-31,,State,,,,,,,,,,,,,,,,migration,,,,,,,,,,,,,,,,,,,,,,,,,,,,,,,,,,,,,,,,,,,,,,,,,,,,,,,,,,,,,,,,,New Hampshire,Wisconsin,,,,2.0,-21.99,7.590328819,-7.69,-5.590328819,0.06912192903,9.590328819,0.08,0.02,43.0,31.0
2026-06-15,Rolling 3-Month,2026-01-01,2026-03-31,,State,,,,,,,,,,,,,,,,migration,,,,,,,,,,,,,,,,,,,,,,,,,,,,,,,,,,,,,,,,,,,,,,,,,,,,,,,,,,,,,,,,,New Hampshire,Wyoming,,,,0.4666666667,-53.33,0.0,-100.0,0.4666666667,1.466666667,0.4666666667,0.02,0.05,47.0,47.0
2026-06-15,Rolling 3-Month,2026-01-01,2026-03-31,,State,,,,,,,,,,,,,,,,migration,,,,,,,,,,,,,,,,,,,,,,,,,,,,,,,,,,,,,,,,,,,,,,,,,,,,,,,,,,,,,,,,,New Jersey,Alaska,,,,6.0,200.0,4.009191176,100.46,1.990808824,1.990808824,10.009191176,0.05,0.68,43.0,44.0
2026-06-15,Rolling 3-Month,2026-01-01,2026-03-31,,State,,,,,,,,,,,,,,,,migration,,,,,,,,,,,,,,,,,,,,,,,,,,,,,,,,,,,,,,,,,,,,,,,,,,,,,,,,,,,,,,,,,New Jersey,Florida,,,,3333.385609925,20.63,828.121482611,-11.69,2505.264127315,679.778186119,4161.507092536,25.47,4.09,1.0,3.0
2026-06-15,Rolling 3-Month,2026-01-01,2026-03-31,,State,,,,,,,,,,,,,,,,migration,,,,,,,,,,,,,,,,,,,,,,,,,,,,,,,,,,,,,,,,,,,,,,,,,,,,,,,,,,,,,,,,,New Jersey,Arizona,,,,158.46892179,2.74,52.072324537,-36.58,106.396597254,34.270271354,210.541246327,1.21,0.46,14.0,21.0
2026-06-15,Rolling 3-Month,2026-01-01,2026-03-31,,State,,,,,,,,,,,,,,,,migration,,,,,,,,,,,,,,,,,,,,,,,,,,,,,,,,,,,,,,,,,,,,,,,,,,,,,,,,,,,,,,,,,New Jersey,Arkansas,,,,6.0,-73.28,5.505494505,-31.72,0.4945054945,-13.901014851,11.505494505,0.05,0.14,44.0,42.0
2026-06-15,Rolling 3-Month,2026-01-01,2026-03-31,,State,,,,,,,,,,,,,,,,migration,,,,,,,,,,,,,,,,,,,,,,,,,,,,,,,,,,,,,,,,,,,,,,,,,,,,,,,,,,,,,,,,,New Jersey,California,,,,705.526715229,-0.53,620.590968728,-34.09,84.935746501,317.270182436,1326.117683958,5.39,1.35,4.0,4.0
2026-06-15,Rolling 3-Month,2026-01-01,2026-03-31,,State,,,,,,,,,,,,,,,,migration,,,,,,,,,,,,,,,,,,,,,,,,,,,,,,,,,,,,,,,,,,,,,,,,,,,,,,,,,,,,,,,,,New Jersey,Colorado,,,,119.899717814,29.73,90.57513745,-25.48,29.324580364,58.439156401,210.474855263,0.92,0.76,18.0,17.0
2026-06-15,Rolling 3-Month,2026-01-01,2026-03-31,,State,,,,,,,,,,,,,,,,migration,,,,,,,,,,,,,,,,,,,,,,,,,,,,,,,,,,,,,,,,,,,,,,,,,,,,,,,,,,,,,,,,,New Jersey,Columbia,,,,47.397605198,-13.86,69.784130013,-24.87,-22.386524815,15.477178053,117.181735211,0.36,0.89,26.0,19.0
2026-06-15,Rolling 3-Month,2026-01-01,2026-03-31,,State,,,,,,,,,,,,,,,,migration,,,,,,,,,,,,,,,,,,,,,,,,,,,,,,,,,,,,,,,,,,,,,,,,,,,,,,,,,,,,,,,,,New Jersey,Connecticut,,,,125.037002996,-25.95,106.513603409,-21.72,18.523399587,-14.270377574,231.550606405,0.96,2.36,17.0,13.0
2026-06-15,Rolling 3-Month,2026-01-01,2026-03-31,,State,,,,,,,,,,,,,,,,migration,,,,,,,,,,,,,,,,,,,,,,,,,,,,,,,,,,,,,,,,,,,,,,,,,,,,,,,,,,,,,,,,,New Jersey,Delaware,,,,350.105357866,-7.71,93.39585091,-10.34,256.709506956,-18.467378877,443.501208776,2.67,7.93,10.0,15.0
2026-06-15,Rolling 3-Month,2026-01-01,2026-03-31,,State,,,,,,,,,,,,,,,,migration,,,,,,,,,,,,,,,,,,,,,,,,,,,,,,,,,,,,,,,,,,,,,,,,,,,,,,,,,,,,,,,,,New Jersey,New Jersey,,,,35333.76517153,-10.93,35333.76517153,-10.93,0.0,0.0,70667.53034306,,,,
2026-06-15,Rolling 3-Month,2026-01-01,2026-03-31,,State,,,,,,,,,,,,,,,,migration,,,,,,,,,,,,,,,,,,,,,,,,,,,,,,,,,,,,,,,,,,,,,,,,,,,,,,,,,,,,,,,,,New Jersey,New Mexico,,,,16.4741133,-11.33,6.0,-50.64,10.4741133,4.05027942,22.4741133,0.13,0.48,35.0,39.0
2026-06-15,Rolling 3-Month,2026-01-01,2026-03-31,,State,,,,,,,,,,,,,,,,migration,,,,,,,,,,,,,,,,,,,,,,,,,,,,,,,,,,,,,,,,,,,,,,,,,,,,,,,,,,,,,,,,,New Jersey,New York,,,,1561.878933004,-12.68,6862.469055319,-28.02,-5300.590122315,2444.99195034,8424.347988323,11.93,10.75,3.0,1.0
2026-06-15,Rolling 3-Month,2026-01-01,2026-03-31,,State,,,,,,,,,,,,,,,,migration,,,,,,,,,,,,,,,,,,,,,,,,,,,,,,,,,,,,,,,,,,,,,,,,,,,,,,,,,,,,,,,,,New Mexico,Georgia,,,,26.028166177,32.54,30.938055517,-32.89,-4.90988934,21.550129681,56.966221694,1.31,0.14,17.0,17.0
2026-06-15,Rolling 3-Month,2026-01-01,2026-03-31,,State,,,,,,,,,,,,,,,,migration,,,,,,,,,,,,,,,,,,,,,,,,,,,,,,,,,,,,,,,,,,,,,,,,,,,,,,,,,,,,,,,,,New Mexico,Arkansas,,,,14.0,43.79,7.0,-15.7,7.0,5.567354946,21.0,0.71,0.33,28.0,38.0
2026-06-15,Rolling 3-Month,2026-01-01,2026-03-31,,State,,,,,,,,,,,,,,,,migration,,,,,,,,,,,,,,,,,,,,,,,,,,,,,,,,,,,,,,,,,,,,,,,,,,,,,,,,,,,,,,,,,New Mexico,California,,,,247.957349943,22.77,702.868644398,-25.38,-454.911294455,285.093441538,950.825994342,12.49,0.47,3.0,1.0
2026-06-15,Rolling 3-Month,2026-01-01,2026-03-31,,State,,,,,,,,,,,,,,,,migration,,,,,,,,,,,,,,,,,,,,,,,,,,,,,,,,,,,,,,,,,,,,,,,,,,,,,,,,,,,,,,,,,New Mexico,Colorado,,,,220.495453153,1.44,325.729453158,-3.88,-105.234000005,16.282116163,546.224906311,11.11,1.39,4.0,4.0
2026-06-15,Rolling 3-Month,2026-01-01,2026-03-31,,State,,,,,,,,,,,,,,,,migration,,,,,,,,,,,,,,,,,,,,,,,,,,,,,,,,,,,,,,,,,,,,,,,,,,,,,,,,,,,,,,,,,New Mexico,Columbia,,,,4.185840708,-63.33,26.195536278,62.72,-22.00969557,-17.327147107,30.381376986,0.21,0.08,41.0,22.0
2026-06-15,Rolling 3-Month,2026-01-01,2026-03-31,,State,,,,,,,,,,,,,,,,migration,,,,,,,,,,,,,,,,,,,,,,,,,,,,,,,,,,,,,,,,,,,,,,,,,,,,,,,,,,,,,,,,,New Mexico,Connecticut,,,,4.186770225,-69.42,15.171149095,96.48,-10.984378869,-16.956343921,19.35791932,0.21,0.08,40.0,31.0
2026-06-15,Rolling 3-Month,2026-01-01,2026-03-31,,State,,,,,,,,,,,,,,,,migration,,,,,,,,,,,,,,,,,,,,,,,,,,,,,,,,,,,,,,,,,,,,,,,,,,,,,,,,,,,,,,,,,New Mexico,Delaware,,,,3.0,50.0,3.016518424,174.23,-0.0165184244,-0.9165184244,6.016518424,0.15,0.07,42.0,44.0
2026-06-15,Rolling 3-Month,2026-01-01,2026-03-31,,State,,,,,,,,,,,,,,,,migration,,,,,,,,,,,,,,,,,,,,,,,,,,,,,,,,,,,,,,,,,,,,,,,,,,,,,,,,,,,,,,,,,New Mexico,Florida,,,,120.965730672,32.35,84.448470968,-33.86,36.517259704,72.812660533,205.41420164,6.09,0.15,5.0,8.0
2026-06-15,Rolling 3-Month,2026-01-01,2026-03-31,,State,,,,,,,,,,,,,,,,migration,,,,,,,,,,,,,,,,,,,,,,,,,,,,,,,,,,,,,,,,,,,,,,,,,,,,,,,,,,,,,,,,,New Mexico,Hawaii,,,,21.409921177,-53.98,20.982600199,-22.4,0.4273209781,-19.052008397,42.392521375,1.08,0.2,20.0,25.0
2026-06-15,Rolling 3-Month,2026-01-01,2026-03-31,,State,,,,,,,,,,,,,,,,migration,,,,,,,,,,,,,,,,,,,,,,,,,,,,,,,,,,,,,,,,,,,,,,,,,,,,,,,,,,,,,,,,,New Mexico,Alaska,,,,2.0,-75.61,6.0,26.91,-4.0,-7.472179487,8.0,0.1,0.23,45.0,39.0
2026-06-15,Rolling 3-Month,2026-01-01,2026-03-31,,State,,,,,,,,,,,,,,,,migration,,,,,,,,,,,,,,,,,,,,,,,,,,,,,,,,,,,,,,,,,,,,,,,,,,,,,,,,,,,,,,,,,New Mexico,Idaho,,,,25.226703831,26.94,18.154106821,34.68,7.07259701,0.679128401,43.380810652,1.27,0.24,18.0,28.0
2026-06-15,Rolling 3-Month,2026-01-01,2026-03-31,,State,,,,,,,,,,,,,,,,migration,,,,,,,,,,,,,,,,,,,,,,,,,,,,,,,,,,,,,,,,,,,,,,,,,,,,,,,,,,,,,,,,,New Mexico,Illinois,,,,41.726950176,0.54,144.58768167,-10.12,-102.860731494,16.504812657,186.314631846,2.1,0.22,9.0,6.0
2026-06-15,Rolling 3-Month,2026-01-01,2026-03-31,,State,,,,,,,,,,,,,,,,migration,,,,,,,,,,,,,,,,,,,,,,,,,,,,,,,,,,,,,,,,,,,,,,,,,,,,,,,,,,,,,,,,,New Mexico,Indiana,,,,10.471562843,-39.94,9.95489938,-54.01,0.5166634632,4.72491755,20.426462222,0.53,0.12,30.0,35.0
2026-06-15,Rolling 3-Month,2026-01-01,2026-03-31,,State,,,,,,,,,,,,,,,,migration,,,,,,,,,,,,,,,,,,,,,,,,,,,,,,,,,,,,,,,,,,,,,,,,,,,,,,,,,,,,,,,,,New Mexico,Iowa,,,,5.095070423,69.84,11.630705394,1.12,-6.535634972,1.96601367,16.725775817,0.26,0.25,37.0,33.0
2026-06-15,Rolling 3-Month,2026-01-01,2026-03-31,,State,,,,,,,,,,,,,,,,migration,,,,,,,,,,,,,,,,,,,,,,,,,,,,,,,,,,,,,,,,,,,,,,,,,,,,,,,,,,,,,,,,,New Mexico,Kansas,,,,5.358002714,-44.0,17.395604246,24.88,-12.037601532,-7.675456531,22.75360696,0.27,0.23,36.0,29.0
2026-06-15,Rolling 3-Month,2026-01-01,2026-03-31,,State,,,,,,,,,,,,,,,,migration,,,,,,,,,,,,,,,,,,,,,,,,,,,,,,,,,,,,,,,,,,,,,,,,,,,,,,,,,,,,,,,,,New Mexico,Kentucky,,,,4.835593938,48.79,13.423072585,49.17,-8.587478647,-2.839022212,18.258666523,0.24,0.11,38.0,32.0
2026-06-15,Rolling 3-Month,2026-01-01,2026-03-31,,State,,,,,,,,,,,,,,,,migration,,,,,,,,,,,,,,,,,,,,,,,,,,,,,,,,,,,,,,,,,,,,,,,,,,,,,,,,,,,,,,,,,New Mexico,Louisiana,,,,29.549447174,2.28,18.19348659,-4.78,11.355960584,1.570708874,47.742933764,1.49,0.5,14.0,27.0
2026-06-15,Rolling 3-Month,2026-01-01,2026-03-31,,State,,,,,,,,,,,,,,,,migration,,,,,,,,,,,,,,,,,,,,,,,,,,,,,,,,,,,,,,,,,,,,,,,,,,,,,,,,,,,,,,,,,New Mexico,Arizona,,,,284.720967506,3.29,466.342171361,-12.3,-181.621203855,74.485783242,751.063138866,14.34,0.83,2.0,3.0
2026-06-15,Rolling 3-Month,2026-01-01,2026-03-31,,State,,,,,,,,,,,,,,,,migration,,,,,,,,,,,,,,,,,,,,,,,,,,,,,,,,,,,,,,,,,,,,,,,,,,,,,,,,,,,,,,,,,New Mexico,Alabama,,,,7.430472578,-60.43,4.487038883,11.79,2.943433694,-11.820128205,11.917511461,0.37,0.11,32.0,42.0
2026-06-15,Rolling 3-Month,2026-01-01,2026-03-31,,State,,,,,,,,,,,,,,,,migration,,,,,,,,,,,,,,,,,,,,,,,,,,,,,,,,,,,,,,,,,,,,,,,,,,,,,,,,,,,,,,,,,New Jersey,North Carolina,,,,638.78983729,15.09,200.586164178,-16.14,438.203673112,122.356621224,839.376001467,4.88,2.79,5.0,8.0
2026-06-15,Rolling 3-Month,2026-01-01,2026-03-31,,State,,,,,,,,,,,,,,,,migration,,,,,,,,,,,,,,,,,,,,,,,,,,,,,,,,,,,,,,,,,,,,,,,,,,,,,,,,,,,,,,,,,New Jersey,South Dakota,,,,4.406944948,94.42,2.0,-33.33,2.406944948,3.140278281,6.406944948,0.03,0.56,47.0,47.0
2026-06-15,Rolling 3-Month,2026-01-01,2026-03-31,,State,,,,,,,,,,,,,,,,migration,,,,,,,,,,,,,,,,,,,,,,,,,,,,,,,,,,,,,,,,,,,,,,,,,,,,,,,,,,,,,,,,,New Jersey,North Dakota,,,,0.084,-91.6,0.512195122,-34.98,-0.428195122,-0.6404123826,0.596195122,0.0,0.03,50.0,49.0
2026-06-15,Rolling 3-Month,2026-01-01,2026-03-31,,State,,,,,,,,,,,,,,,,migration,,,,,,,,,,,,,,,,,,,,,,,,,,,,,,,,,,,,,,,,,,,,,,,,,,,,,,,,,,,,,,,,,New Jersey,Ohio,,,,101.519815977,-19.34,94.516339524,11.44,7.003476453,-34.040871133,196.036155501,0.78,1.14,20.0,14.0
2026-06-15,Rolling 3-Month,2026-01-01,2026-03-31,,State,,,,,,,,,,,,,,,,migration,,,,,,,,,,,,,,,,,,,,,,,,,,,,,,,,,,,,,,,,,,,,,,,,,,,,,,,,,,,,,,,,,New Jersey,Oklahoma,,,,13.548077444,-22.75,3.100378788,-66.31,10.447698656,2.111542689,16.648456231,0.1,0.3,39.0,46.0
2026-06-15,Rolling 3-Month,2026-01-01,2026-03-31,,State,,,,,,,,,,,,,,,,migration,,,,,,,,,,,,,,,,,,,,,,,,,,,,,,,,,,,,,,,,,,,,,,,,,,,,,,,,,,,,,,,,,New Jersey,Oregon,,,,61.528037791,57.6,32.889717357,-24.15,28.638320434,32.959761919,94.417755148,0.47,0.32,24.0,26.0
2026-06-15,Rolling 3-Month,2026-01-01,2026-03-31,,State,,,,,,,,,,,,,,,,migration,,,,,,,,,,,,,,,,,,,,,,,,,,,,,,,,,,,,,,,,,,,,,,,,,,,,,,,,,,,,,,,,,New Jersey,Pennsylvania,,,,2197.230188334,-5.36,3712.565220586,-21.71,-1515.335032252,904.994109557,5909.795408919,16.79,13.32,2.0,2.0
2026-06-15,Rolling 3-Month,2026-01-01,2026-03-31,,State,,,,,,,,,,,,,,,,migration,,,,,,,,,,,,,,,,,,,,,,,,,,,,,,,,,,,,,,,,,,,,,,,,,,,,,,,,,,,,,,,,,New Jersey,Rhode Island,,,,17.013207967,-15.13,19.55050481,53.25,-2.537296843,-9.826830753,36.563712777,0.13,0.76,34.0,29.0
2026-06-15,Rolling 3-Month,2026-01-01,2026-03-31,,State,,,,,,,,,,,,,,,,migration,,,,,,,,,,,,,,,,,,,,,,,,,,,,,,,,,,,,,,,,,,,,,,,,,,,,,,,,,,,,,,,,,New Jersey,South Carolina,,,,568.304317615,0.74,77.192857978,10.78,491.111459638,-3.317507686,645.497175593,4.34,3.04,6.0,18.0
2026-06-15,Rolling 3-Month,2026-01-01,2026-03-31,,State,,,,,,,,,,,,,,,,migration,,,,,,,,,,,,,,,,,,,,,,,,,,,,,,,,,,,,,,,,,,,,,,,,,,,,,,,,,,,,,,,,,New Jersey,Tennessee,,,,198.766461138,19.7,47.234874719,-30.48,151.53158642,53.416102202,246.001335857,1.52,1.01,13.0,22.0
2026-06-15,Rolling 3-Month,2026-01-01,2026-03-31,,State,,,,,,,,,,,,,,,,migration,,,,,,,,,,,,,,,,,,,,,,,,,,,,,,,,,,,,,,,,,,,,,,,,,,,,,,,,,,,,,,,,,New Jersey,Wyoming,,,,1.418604651,-57.57,0.0,-100.0,1.418604651,-0.9251453488,1.418604651,0.01,0.15,49.0,50.0
2026-06-15,Rolling 3-Month,2026-01-01,2026-03-31,,State,,,,,,,,,,,,,,,,migration,,,,,,,,,,,,,,,,,,,,,,,,,,,,,,,,,,,,,,,,,,,,,,,,,,,,,,,,,,,,,,,,,New Jersey,Texas,,,,475.248670525,-4.51,254.913410481,-26.64,220.335260044,70.093600714,730.162081007,3.63,1.1,7.0,6.0
2026-06-15,Rolling 3-Month,2026-01-01,2026-03-31,,State,,,,,,,,,,,,,,,,migration,,,,,,,,,,,,,,,,,,,,,,,,,,,,,,,,,,,,,,,,,,,,,,,,,,,,,,,,,,,,,,,,,Oregon,Utah,,,,172.031760101,7.46,283.794417069,-20.46,-111.762656968,84.947705186,455.82617717,1.02,3.18,13.0,10.0
2026-06-15,Rolling 3-Month,2026-01-01,2026-03-31,,State,,,,,,,,,,,,,,,,migration,,,,,,,,,,,,,,,,,,,,,,,,,,,,,,,,,,,,,,,,,,,,,,,,,,,,,,,,,,,,,,,,,New Jersey,Vermont,,,,85.679433665,-0.19,18.384615385,216.36,67.29481828,-12.737723464,104.064049049,0.65,4.26,22.0,31.0
2026-06-15,Rolling 3-Month,2026-01-01,2026-03-31,,State,,,,,,,,,,,,,,,,migration,,,,,,,,,,,,,,,,,,,,,,,,,,,,,,,,,,,,,,,,,,,,,,,,,,,,,,,,,,,,,,,,,New Jersey,Virginia,,,,371.982229159,-2.18,434.271251039,-16.41,-62.28902188,76.95099897,806.253480197,2.84,1.91,9.0,5.0
2026-06-15,Rolling 3-Month,2026-01-01,2026-03-31,,State,,,,,,,,,,,,,,,,migration,,,,,,,,,,,,,,,,,,,,,,,,,,,,,,,,,,,,,,,,,,,,,,,,,,,,,,,,,,,,,,,,,New Jersey,Washington,,,,152.621127329,-3.25,195.270061782,-23.11,-42.648934453,53.565538267,347.891189111,1.17,0.5,15.0,9.0
2026-06-15,Rolling 3-Month,2026-01-01,2026-03-31,,State,,,,,,,,,,,,,,,,migration,,,,,,,,,,,,,,,,,,,,,,,,,,,,,,,,,,,,,,,,,,,,,,,,,,,,,,,,,,,,,,,,,New Jersey,West Virginia,,,,27.410001508,58.81,18.525641026,-34.84,8.884360482,20.055116461,45.935642534,0.21,0.99,31.0,30.0
2026-06-15,Rolling 3-Month,2026-01-01,2026-03-31,,State,,,,,,,,,,,,,,,,migration,,,,,,,,,,,,,,,,,,,,,,,,,,,,,,,,,,,,,,,,,,,,,,,,,,,,,,,,,,,,,,,,,New Jersey,Wisconsin,,,,10.330273697,-48.75,12.412991597,-56.71,-2.0827179,6.434864544,22.743265294,0.08,0.12,40.0,35.0
2026-06-15,Rolling 3-Month,2026-01-01,2026-03-31,,State,,,,,,,,,,,,,,,,migration,,,,,,,,,,,,,,,,,,,,,,,,,,,,,,,,,,,,,,,,,,,,,,,,,,,,,,,,,,,,,,,,,New Hampshire,Texas,,,,66.030174516,-3.99,72.18788943,-34.06,-6.157714914,34.549724851,138.218063946,2.58,0.15,10.0,10.0
2026-06-15,Rolling 3-Month,2026-01-01,2026-03-31,,State,,,,,,,,,,,,,,,,migration,,,,,,,,,,,,,,,,,,,,,,,,,,,,,,,,,,,,,,,,,,,,,,,,,,,,,,,,,,,,,,,,,New Hampshire,Tennessee,,,,53.679168082,-4.58,28.567841027,7.89,25.111327055,-4.665618621,82.247009108,2.1,0.27,11.0,21.0
2026-06-15,Rolling 3-Month,2026-01-01,2026-03-31,,State,,,,,,,,,,,,,,,,migration,,,,,,,,,,,,,,,,,,,,,,,,,,,,,,,,,,,,,,,,,,,,,,,,,,,,,,,,,,,,,,,,,New Hampshire,South Dakota,,,,1.151219512,15.12,1.923510293,,-0.7722907803,-1.77229078,3.074729805,0.04,0.15,45.0,43.0
2026-06-15,Rolling 3-Month,2026-01-01,2026-03-31,,State,,,,,,,,,,,,,,,,migration,,,,,,,,,,,,,,,,,,,,,,,,,,,,,,,,,,,,,,,,,,,,,,,,,,,,,,,,,,,,,,,,,Nevada,South Carolina,,,,81.135995857,-33.45,28.677362008,31.68,52.458633849,-47.678737285,109.813357865,0.85,0.43,21.0,33.0
2026-06-15,Rolling 3-Month,2026-01-01,2026-03-31,,State,,,,,,,,,,,,,,,,migration,,,,,,,,,,,,,,,,,,,,,,,,,,,,,,,,,,,,,,,,,,,,,,,,,,,,,,,,,,,,,,,,,Nevada,North Carolina,,,,134.37811317,-16.31,87.413845754,26.4,46.964267416,-44.448134451,221.791958924,1.41,0.59,13.0,20.0
2026-06-15,Rolling 3-Month,2026-01-01,2026-03-31,,State,,,,,,,,,,,,,,,,migration,,,,,,,,,,,,,,,,,,,,,,,,,,,,,,,,,,,,,,,,,,,,,,,,,,,,,,,,,,,,,,,,,Nevada,North Dakota,,,,6.332056194,27.95,5.0,-57.75,1.332056194,8.216486455,11.332056194,0.07,1.94,49.0,47.0
2026-06-15,Rolling 3-Month,2026-01-01,2026-03-31,,State,,,,,,,,,,,,,,,,migration,,,,,,,,,,,,,,,,,,,,,,,,,,,,,,,,,,,,,,,,,,,,,,,,,,,,,,,,,,,,,,,,,Nevada,Ohio,,,,129.623576367,-15.83,125.192152757,-6.78,4.431423609,-15.277010475,254.815729124,1.36,1.46,15.0,15.0
2026-06-15,Rolling 3-Month,2026-01-01,2026-03-31,,State,,,,,,,,,,,,,,,,migration,,,,,,,,,,,,,,,,,,,,,,,,,,,,,,,,,,,,,,,,,,,,,,,,,,,,,,,,,,,,,,,,,Nevada,Oklahoma,,,,69.547154664,-21.23,36.73111264,-27.78,32.816042024,-4.619573709,106.278267303,0.73,1.56,23.0,30.0
2026-06-15,Rolling 3-Month,2026-01-01,2026-03-31,,State,,,,,,,,,,,,,,,,migration,,,,,,,,,,,,,,,,,,,,,,,,,,,,,,,,,,,,,,,,,,,,,,,,,,,,,,,,,,,,,,,,,Nevada,Oregon,,,,443.532878604,26.53,379.098713504,-32.04,64.4341651,271.697195567,822.631592109,4.67,2.34,6.0,7.0
2026-06-15,Rolling 3-Month,2026-01-01,2026-03-31,,State,,,,,,,,,,,,,,,,migration,,,,,,,,,,,,,,,,,,,,,,,,,,,,,,,,,,,,,,,,,,,,,,,,,,,,,,,,,,,,,,,,,Nevada,Pennsylvania,,,,98.267900826,-23.08,107.313139866,-3.38,-9.04523904,-25.730435318,205.581040692,1.03,0.6,18.0,18.0
2026-06-15,Rolling 3-Month,2026-01-01,2026-03-31,,State,,,,,,,,,,,,,,,,migration,,,,,,,,,,,,,,,,,,,,,,,,,,,,,,,,,,,,,,,,,,,,,,,,,,,,,,,,,,,,,,,,,Nevada,Rhode Island,,,,7.108597285,108.58,6.759036145,-5.4,0.3495611405,4.086676454,13.86763343,0.07,0.32,48.0,46.0
2026-06-15,Rolling 3-Month,2026-01-01,2026-03-31,,State,,,,,,,,,,,,,,,,migration,,,,,,,,,,,,,,,,,,,,,,,,,,,,,,,,,,,,,,,,,,,,,,,,,,,,,,,,,,,,,,,,,Nevada,South Dakota,,,,8.411590381,-47.97,8.0,61.7,0.4115903813,-10.807357539,16.411590381,0.09,1.08,47.0,44.0
2026-06-15,Rolling 3-Month,2026-01-01,2026-03-31,,State,,,,,,,,,,,,,,,,migration,,,,,,,,,,,,,,,,,,,,,,,,,,,,,,,,,,,,,,,,,,,,,,,,,,,,,,,,,,,,,,,,,Nevada,New Mexico,,,,39.080597929,-34.85,36.293519297,-27.22,2.787078632,-7.32492122,75.374117226,0.41,1.14,34.0,31.0
2026-06-15,Rolling 3-Month,2026-01-01,2026-03-31,,State,,,,,,,,,,,,,,,,migration,,,,,,,,,,,,,,,,,,,,,,,,,,,,,,,,,,,,,,,,,,,,,,,,,,,,,,,,,,,,,,,,,Nevada,Tennessee,,,,190.39491027,-21.11,77.180462423,22.46,113.214447847,-65.118604983,267.575372693,2.0,0.97,11.0,24.0
2026-06-15,Rolling 3-Month,2026-01-01,2026-03-31,,State,,,,,,,,,,,,,,,,migration,,,,,,,,,,,,,,,,,,,,,,,,,,,,,,,,,,,,,,,,,,,,,,,,,,,,,,,,,,,,,,,,,Nevada,Texas,,,,636.486964133,-23.47,449.784517344,-27.82,186.702446789,-21.763159893,1086.271481477,6.7,1.47,5.0,6.0
2026-06-15,Rolling 3-Month,2026-01-01,2026-03-31,,State,,,,,,,,,,,,,,,,migration,,,,,,,,,,,,,,,,,,,,,,,,,,,,,,,,,,,,,,,,,,,,,,,,,,,,,,,,,,,,,,,,,Nevada,Utah,,,,305.289497148,7.52,185.533845029,-26.74,119.755652119,89.057648346,490.823342177,3.21,5.64,7.0,12.0
2026-06-15,Rolling 3-Month,2026-01-01,2026-03-31,,State,,,,,,,,,,,,,,,,migration,,,,,,,,,,,,,,,,,,,,,,,,,,,,,,,,,,,,,,,,,,,,,,,,,,,,,,,,,,,,,,,,,Nevada,Vermont,,,,2.815668203,-54.49,4.0,,-1.184331797,-7.370777303,6.815668203,0.03,0.14,50.0,50.0
2026-06-15,Rolling 3-Month,2026-01-01,2026-03-31,,State,,,,,,,,,,,,,,,,migration,,,,,,,,,,,,,,,,,,,,,,,,,,,,,,,,,,,,,,,,,,,,,,,,,,,,,,,,,,,,,,,,,Nevada,Virginia,,,,76.097885594,-24.25,216.542265722,-9.61,-140.444380129,-1.343099415,292.640151316,0.8,0.39,22.0,11.0
2026-06-15,Rolling 3-Month,2026-01-01,2026-03-31,,State,,,,,,,,,,,,,,,,migration,,,,,,,,,,,,,,,,,,,,,,,,,,,,,,,,,,,,,,,,,,,,,,,,,,,,,,,,,,,,,,,,,Nevada,Washington,,,,666.211998603,0.9,1818.882517921,-4.36,-1152.670519318,88.926144901,2485.094516523,7.01,2.17,3.0,2.0
2026-06-15,Rolling 3-Month,2026-01-01,2026-03-31,,State,,,,,,,,,,,,,,,,migration,,,,,,,,,,,,,,,,,,,,,,,,,,,,,,,,,,,,,,,,,,,,,,,,,,,,,,,,,,,,,,,,,Nevada,West Virginia,,,,15.845515132,89.7,10.0,233.33,5.845515132,0.4925739553,25.845515132,0.17,0.57,41.0,41.0
2026-06-15,Rolling 3-Month,2026-01-01,2026-03-31,,State,,,,,,,,,,,,,,,,migration,,,,,,,,,,,,,,,,,,,,,,,,,,,,,,,,,,,,,,,,,,,,,,,,,,,,,,,,,,,,,,,,,Nevada,New York,,,,116.416207365,-22.5,282.635593214,-17.02,-166.219385849,24.198316332,399.051800579,1.23,0.8,16.0,9.0
2026-06-15,Rolling 3-Month,2026-01-01,2026-03-31,,State,,,,,,,,,,,,,,,,migration,,,,,,,,,,,,,,,,,,,,,,,,,,,,,,,,,,,,,,,,,,,,,,,,,,,,,,,,,,,,,,,,,Nevada,New Jersey,,,,46.347385033,-0.78,86.051867383,-8.66,-39.70448235,7.795885902,132.399252416,0.49,0.31,30.0,22.0
2026-06-15,Rolling 3-Month,2026-01-01,2026-03-31,,State,,,,,,,,,,,,,,,,migration,,,,,,,,,,,,,,,,,,,,,,,,,,,,,,,,,,,,,,,,,,,,,,,,,,,,,,,,,,,,,,,,,Nevada,Wyoming,,,,15.771681048,30.5,5.0,-43.46,10.771681048,7.528700816,20.771681048,0.17,1.67,42.0,48.0
2026-06-15,Rolling 3-Month,2026-01-01,2026-03-31,,State,,,,,,,,,,,,,,,,migration,,,,,,,,,,,,,,,,,,,,,,,,,,,,,,,,,,,,,,,,,,,,,,,,,,,,,,,,,,,,,,,,,Nevada,Maryland,,,,84.320657228,-6.07,138.264717794,-11.99,-53.944060566,13.380055783,222.585375021,0.89,0.49,20.0,14.0
2026-06-15,Rolling 3-Month,2026-01-01,2026-03-31,,State,,,,,,,,,,,,,,,,migration,,,,,,,,,,,,,,,,,,,,,,,,,,,,,,,,,,,,,,,,,,,,,,,,,,,,,,,,,,,,,,,,,Nevada,Illinois,,,,208.973445422,-27.06,536.145854558,-28.13,-327.172409136,132.278331239,745.119299979,2.2,1.11,10.0,4.0
2026-06-15,Rolling 3-Month,2026-01-01,2026-03-31,,State,,,,,,,,,,,,,,,,migration,,,,,,,,,,,,,,,,,,,,,,,,,,,,,,,,,,,,,,,,,,,,,,,,,,,,,,,,,,,,,,,,,Nevada,Indiana,,,,51.949061284,-13.47,51.766151305,-5.58,0.1829099785,-5.02879176,103.715212589,0.55,0.58,27.0,26.0
2026-06-15,Rolling 3-Month,2026-01-01,2026-03-31,,State,,,,,,,,,,,,,,,,migration,,,,,,,,,,,,,,,,,,,,,,,,,,,,,,,,,,,,,,,,,,,,,,,,,,,,,,,,,,,,,,,,,Nevada,Iowa,,,,22.751166857,-22.36,13.874798465,2.96,8.876368392,-6.952763038,36.625965322,0.24,1.12,37.0,39.0
2026-06-15,Rolling 3-Month,2026-01-01,2026-03-31,,State,,,,,,,,,,,,,,,,migration,,,,,,,,,,,,,,,,,,,,,,,,,,,,,,,,,,,,,,,,,,,,,,,,,,,,,,,,,,,,,,,,,Nevada,Kansas,,,,23.749045968,-37.97,37.864252028,13.44,-14.115206059,-19.024423094,61.613297996,0.25,1.0,36.0,29.0
2026-06-15,Rolling 3-Month,2026-01-01,2026-03-31,,State,,,,,,,,,,,,,,,,migration,,,,,,,,,,,,,,,,,,,,,,,,,,,,,,,,,,,,,,,,,,,,,,,,,,,,,,,,,,,,,,,,,Nevada,Kentucky,,,,42.352465139,-20.17,22.276470588,63.55,20.07599455,-19.357983426,64.628935727,0.45,0.95,32.0,34.0
2026-06-15,Rolling 3-Month,2026-01-01,2026-03-31,,State,,,,,,,,,,,,,,,,migration,,,,,,,,,,,,,,,,,,,,,,,,,,,,,,,,,,,,,,,,,,,,,,,,,,,,,,,,,,,,,,,,,Nevada,Louisiana,,,,55.126906892,34.72,20.592787339,-37.37,34.534119553,26.494089605,75.719694231,0.58,0.93,24.0,36.0
2026-06-15,Rolling 3-Month,2026-01-01,2026-03-31,,State,,,,,,,,,,,,,,,,migration,,,,,,,,,,,,,,,,,,,,,,,,,,,,,,,,,,,,,,,,,,,,,,,,,,,,,,,,,,,,,,,,,Nevada,Maine,,,,16.073261681,-55.1,8.866916589,140.93,7.206345092,-24.909910285,24.940178269,0.17,0.29,40.0,43.0
2026-06-15,Rolling 3-Month,2026-01-01,2026-03-31,,State,,,,,,,,,,,,,,,,migration,,,,,,,,,,,,,,,,,,,,,,,,,,,,,,,,,,,,,,,,,,,,,,,,,,,,,,,,,,,,,,,,,Nevada,Massachusetts,,,,41.499246517,-4.38,144.365161244,2.92,-102.865914727,-6.000322037,185.864407761,0.44,0.42,33.0,13.0
2026-06-15,Rolling 3-Month,2026-01-01,2026-03-31,,State,,,,,,,,,,,,,,,,migration,,,,,,,,,,,,,,,,,,,,,,,,,,,,,,,,,,,,,,,,,,,,,,,,,,,,,,,,,,,,,,,,,Nevada,New Hampshire,,,,14.885202223,-35.71,9.675244917,-61.0,5.209957306,6.861076964,24.56044714,0.16,0.27,43.0,42.0
2026-06-15,Rolling 3-Month,2026-01-01,2026-03-31,,State,,,,,,,,,,,,,,,,migration,,,,,,,,,,,,,,,,,,,,,,,,,,,,,,,,,,,,,,,,,,,,,,,,,,,,,,,,,,,,,,,,,Nevada,Michigan,,,,107.131263861,-35.4,108.44471906,-8.13,-1.313455199,-49.099241166,215.575982921,1.13,1.13,17.0,16.0
2026-06-15,Rolling 3-Month,2026-01-01,2026-03-31,,State,,,,,,,,,,,,,,,,migration,,,,,,,,,,,,,,,,,,,,,,,,,,,,,,,,,,,,,,,,,,,,,,,,,,,,,,,,,,,,,,,,,Nevada,Minnesota,,,,38.038504533,-58.08,90.069263149,-15.67,-52.030758616,-35.969060375,128.107767683,0.4,0.81,35.0,19.0
2026-06-15,Rolling 3-Month,2026-01-01,2026-03-31,,State,,,,,,,,,,,,,,,,migration,,,,,,,,,,,,,,,,,,,,,,,,,,,,,,,,,,,,,,,,,,,,,,,,,,,,,,,,,,,,,,,,,Nevada,Mississippi,,,,50.021978797,12.75,13.456995702,11.14,36.564983094,4.308584308,63.478974499,0.53,1.65,28.0,40.0
2026-06-15,Rolling 3-Month,2026-01-01,2026-03-31,,State,,,,,,,,,,,,,,,,migration,,,,,,,,,,,,,,,,,,,,,,,,,,,,,,,,,,,,,,,,,,,,,,,,,,,,,,,,,,,,,,,,,Nevada,Missouri,,,,92.284498623,1.98,87.013897209,12.66,5.270601414,-7.982436761,179.298395832,0.97,1.34,19.0,21.0
2026-06-15,Rolling 3-Month,2026-01-01,2026-03-31,,State,,,,,,,,,,,,,,,,migration,,,,,,,,,,,,,,,,,,,,,,,,,,,,,,,,,,,,,,,,,,,,,,,,,,,,,,,,,,,,,,,,,Nevada,Montana,,,,42.407501402,12.61,19.448275862,-16.22,22.95922554,8.51333285,61.855777264,0.45,1.32,31.0,37.0
2026-06-15,Rolling 3-Month,2026-01-01,2026-03-31,,State,,,,,,,,,,,,,,,,migration,,,,,,,,,,,,,,,,,,,,,,,,,,,,,,,,,,,,,,,,,,,,,,,,,,,,,,,,,,,,,,,,,Nevada,Nebraska,,,,16.51322548,9.72,17.145999246,64.09,-0.6327737659,-5.233636223,33.659224726,0.17,1.31,39.0,38.0
2026-06-15,Rolling 3-Month,2026-01-01,2026-03-31,,State,,,,,,,,,,,,,,,,migration,,,,,,,,,,,,,,,,,,,,,,,,,,,,,,,,,,,,,,,,,,,,,,,,,,,,,,,,,,,,,,,,,Nevada,Nevada,,,,27860.35483903,-13.25,27860.35483903,-13.25,0.0,0.0,55720.709678061,,,,
2026-06-15,Rolling 3-Month,2026-01-01,2026-03-31,,State,,,,,,,,,,,,,,,,migration,,,,,,,,,,,,,,,,,,,,,,,,,,,,,,,,,,,,,,,,,,,,,,,,,,,,,,,,,,,,,,,,,Nevada,Wisconsin,,,,54.445355786,-24.11,79.152386006,1.82,-24.70703022,-18.711796499,133.597741792,0.57,0.63,25.0,23.0
2026-06-15,Rolling 3-Month,2026-01-01,2026-03-31,,State,,,,,,,,,,,,,,,,migration,,,,,,,,,,,,,,,,,,,,,,,,,,,,,,,,,,,,,,,,,,,,,,,,,,,,,,,,,,,,,,,,,New Hampshire,Alabama,,,,10.852405998,68.96,2.28030303,-42.99,8.572102968,6.149026044,13.132709028,0.42,0.16,27.0,41.0
2026-06-15,Rolling 3-Month,2026-01-01,2026-03-31,,State,,,,,,,,,,,,,,,,migration,,,,,,,,,,,,,,,,,,,,,,,,,,,,,,,,,,,,,,,,,,,,,,,,,,,,,,,,,,,,,,,,,New Hampshire,South Carolina,,,,99.796122047,0.04,26.983503935,53.44,72.812618113,-9.361612773,126.779625982,3.9,0.53,5.0,23.0
2026-06-15,Rolling 3-Month,2026-01-01,2026-03-31,,State,,,,,,,,,,,,,,,,migration,,,,,,,,,,,,,,,,,,,,,,,,,,,,,,,,,,,,,,,,,,,,,,,,,,,,,,,,,,,,,,,,,New Hampshire,New Mexico,,,,3.743699279,-51.33,5.688883639,54.07,-1.945184359,-5.944234692,9.432582918,0.15,0.11,38.0,36.0
2026-06-15,Rolling 3-Month,2026-01-01,2026-03-31,,State,,,,,,,,,,,,,,,,migration,,,,,,,,,,,,,,,,,,,,,,,,,,,,,,,,,,,,,,,,,,,,,,,,,,,,,,,,,,,,,,,,,New Hampshire,Mississippi,,,,5.07704004,50.26,0.0,,5.07704004,1.698158052,5.07704004,0.2,0.17,34.0,48.0
2026-06-15,Rolling 3-Month,2026-01-01,2026-03-31,,State,,,,,,,,,,,,,,,,migration,,,,,,,,,,,,,,,,,,,,,,,,,,,,,,,,,,,,,,,,,,,,,,,,,,,,,,,,,,,,,,,,,New Hampshire,Missouri,,,,9.461538462,5.13,8.0,61.36,1.461538462,-2.580571315,17.461538462,0.37,0.14,30.0,29.0
2026-06-15,Rolling 3-Month,2026-01-01,2026-03-31,,State,,,,,,,,,,,,,,,,migration,,,,,,,,,,,,,,,,,,,,,,,,,,,,,,,,,,,,,,,,,,,,,,,,,,,,,,,,,,,,,,,,,New Hampshire,Montana,,,,2.0,-40.65,0.0,-100.0,2.0,0.189258312,2.0,0.08,0.06,42.0,45.0
2026-06-15,Rolling 3-Month,2026-01-01,2026-03-31,,State,,,,,,,,,,,,,,,,migration,,,,,,,,,,,,,,,,,,,,,,,,,,,,,,,,,,,,,,,,,,,,,,,,,,,,,,,,,,,,,,,,,New Hampshire,Nebraska,,,,1.393442623,,1.0,,0.393442623,,2.393442623,0.05,0.11,44.0,44.0
2026-06-15,Rolling 3-Month,2026-01-01,2026-03-31,,State,,,,,,,,,,,,,,,,migration,,,,,,,,,,,,,,,,,,,,,,,,,,,,,,,,,,,,,,,,,,,,,,,,,,,,,,,,,,,,,,,,,New Hampshire,Nevada,,,,9.675244917,-61.0,14.885202223,-35.71,-5.209957306,-6.861076964,24.56044714,0.38,0.05,29.0,25.0
2026-06-15,Rolling 3-Month,2026-01-01,2026-03-31,,State,,,,,,,,,,,,,,,,migration,,,,,,,,,,,,,,,,,,,,,,,,,,,,,,,,,,,,,,,,,,,,,,,,,,,,,,,,,,,,,,,,,New Hampshire,New Hampshire,,,,3745.18775706,-0.72,3745.18775706,-0.72,0.0,0.0,7490.375514119,,,,
2026-06-15,Rolling 3-Month,2026-01-01,2026-03-31,,State,,,,,,,,,,,,,,,,migration,,,,,,,,,,,,,,,,,,,,,,,,,,,,,,,,,,,,,,,,,,,,,,,,,,,,,,,,,,,,,,,,,New Hampshire,New Jersey,,,,33.998983199,39.94,52.418742733,-37.75,-18.419759534,41.495109244,86.417725932,1.33,0.23,19.0,14.0
2026-06-15,Rolling 3-Month,2026-01-01,2026-03-31,,State,,,,,,,,,,,,,,,,migration,,,,,,,,,,,,,,,,,,,,,,,,,,,,,,,,,,,,,,,,,,,,,,,,,,,,,,,,,,,,,,,,,New Hampshire,New York,,,,75.079570512,-16.0,237.523768922,-25.68,-162.44419841,67.765993728,312.603339434,2.93,0.52,8.0,3.0
2026-06-15,Rolling 3-Month,2026-01-01,2026-03-31,,State,,,,,,,,,,,,,,,,migration,,,,,,,,,,,,,,,,,,,,,,,,,,,,,,,,,,,,,,,,,,,,,,,,,,,,,,,,,,,,,,,,,New Hampshire,Michigan,,,,15.390590453,-6.02,22.983782076,2.33,-7.593191623,-1.507614976,38.374372529,0.6,0.16,25.0,24.0
2026-06-15,Rolling 3-Month,2026-01-01,2026-03-31,,State,,,,,,,,,,,,,,,,migration,,,,,,,,,,,,,,,,,,,,,,,,,,,,,,,,,,,,,,,,,,,,,,,,,,,,,,,,,,,,,,,,,New Hampshire,North Carolina,,,,108.992105455,19.83,55.357237921,-26.32,53.634867534,37.808065413,164.349343375,4.26,0.48,4.0,13.0
2026-06-15,Rolling 3-Month,2026-01-01,2026-03-31,,State,,,,,,,,,,,,,,,,migration,,,,,,,,,,,,,,,,,,,,,,,,,,,,,,,,,,,,,,,,,,,,,,,,,,,,,,,,,,,,,,,,,New Hampshire,North Dakota,,,,2.848780488,,2.0,,0.8487804878,,4.848780488,0.11,0.87,39.0,42.0
2026-06-15,Rolling 3-Month,2026-01-01,2026-03-31,,State,,,,,,,,,,,,,,,,migration,,,,,,,,,,,,,,,,,,,,,,,,,,,,,,,,,,,,,,,,,,,,,,,,,,,,,,,,,,,,,,,,,New Hampshire,Ohio,,,,23.918518519,-7.7,28.121492749,56.17,-4.20297423,-12.109028544,52.040011267,0.93,0.27,21.0,22.0
2026-06-15,Rolling 3-Month,2026-01-01,2026-03-31,,State,,,,,,,,,,,,,,,,migration,,,,,,,,,,,,,,,,,,,,,,,,,,,,,,,,,,,,,,,,,,,,,,,,,,,,,,,,,,,,,,,,,New Hampshire,Oklahoma,,,,0.1904761905,-93.65,5.0,-28.57,-4.80952381,-0.8095238095,5.19047619,0.01,0.0,48.0,38.0
2026-06-15,Rolling 3-Month,2026-01-01,2026-03-31,,State,,,,,,,,,,,,,,,,migration,,,,,,,,,,,,,,,,,,,,,,,,,,,,,,,,,,,,,,,,,,,,,,,,,,,,,,,,,,,,,,,,,New Hampshire,Oregon,,,,22.898167079,-36.96,30.776885196,47.63,-7.878718116,-23.356483044,53.675052275,0.89,0.12,22.0,20.0
2026-06-15,Rolling 3-Month,2026-01-01,2026-03-31,,State,,,,,,,,,,,,,,,,migration,,,,,,,,,,,,,,,,,,,,,,,,,,,,,,,,,,,,,,,,,,,,,,,,,,,,,,,,,,,,,,,,,New Hampshire,Pennsylvania,,,,43.964242561,44.48,64.593894027,-8.82,-20.629651466,19.783429494,108.558136588,1.72,0.27,13.0,11.0
2026-06-15,Rolling 3-Month,2026-01-01,2026-03-31,,State,,,,,,,,,,,,,,,,migration,,,,,,,,,,,,,,,,,,,,,,,,,,,,,,,,,,,,,,,,,,,,,,,,,,,,,,,,,,,,,,,,,New Hampshire,Rhode Island,,,,16.564012706,9.03,84.874832572,-11.01,-68.310819866,11.876936143,101.438845279,0.65,0.74,23.0,8.0
2026-06-15,Rolling 3-Month,2026-01-01,2026-03-31,,State,,,,,,,,,,,,,,,,migration,,,,,,,,,,,,,,,,,,,,,,,,,,,,,,,,,,,,,,,,,,,,,,,,,,,,,,,,,,,,,,,,,New Hampshire,Minnesota,,,,2.207407407,-74.07,14.267002012,-13.53,-12.059594605,-4.072709344,16.474409419,0.09,0.05,41.0,26.0
2026-06-15,Rolling 3-Month,2026-01-01,2026-03-31,,State,,,,,,,,,,,,,,,,migration,,,,,,,,,,,,,,,,,,,,,,,,,,,,,,,,,,,,,,,,,,,,,,,,,,,,,,,,,,,,,,,,,New Hampshire,Massachusetts,,,,519.619101846,-5.04,3468.498936809,-17.91,-2948.879834964,729.011909276,3988.118038655,20.3,5.27,2.0,1.0
2026-06-15,Rolling 3-Month,2026-01-01,2026-03-31,,State,,,,,,,,,,,,,,,,migration,,,,,,,,,,,,,,,,,,,,,,,,,,,,,,,,,,,,,,,,,,,,,,,,,,,,,,,,,,,,,,,,,New Hampshire,Alaska,,,,2.328125,58.58,5.43476943,296.82,-3.10664443,-3.205164319,7.76289443,0.09,0.26,40.0,37.0
2026-06-15,Rolling 3-Month,2026-01-01,2026-03-31,,State,,,,,,,,,,,,,,,,migration,,,,,,,,,,,,,,,,,,,,,,,,,,,,,,,,,,,,,,,,,,,,,,,,,,,,,,,,,,,,,,,,,New Hampshire,Florida,,,,527.569097336,32.73,346.623354025,-17.03,180.94574331,201.266261507,874.192451361,20.61,0.65,1.0,2.0
2026-06-15,Rolling 3-Month,2026-01-01,2026-03-31,,State,,,,,,,,,,,,,,,,migration,,,,,,,,,,,,,,,,,,,,,,,,,,,,,,,,,,,,,,,,,,,,,,,,,,,,,,,,,,,,,,,,,New Hampshire,Arizona,,,,66.957967956,94.34,50.175781052,32.91,16.782186904,20.07891119,117.133749008,2.62,0.2,9.0,16.0
2026-06-15,Rolling 3-Month,2026-01-01,2026-03-31,,State,,,,,,,,,,,,,,,,migration,,,,,,,,,,,,,,,,,,,,,,,,,,,,,,,,,,,,,,,,,,,,,,,,,,,,,,,,,,,,,,,,,New Hampshire,Arkansas,,,,5.0,10.27,4.0,0.0,1.0,0.4657878217,9.0,0.2,0.12,35.0,39.0
2026-06-15,Rolling 3-Month,2026-01-01,2026-03-31,,State,,,,,,,,,,,,,,,,migration,,,,,,,,,,,,,,,,,,,,,,,,,,,,,,,,,,,,,,,,,,,,,,,,,,,,,,,,,,,,,,,,,New Hampshire,California,,,,99.369352983,39.67,164.406497668,-31.53,-65.037144685,103.925710954,263.775850651,3.88,0.19,6.0,4.0
2026-06-15,Rolling 3-Month,2026-01-01,2026-03-31,,State,,,,,,,,,,,,,,,,migration,,,,,,,,,,,,,,,,,,,,,,,,,,,,,,,,,,,,,,,,,,,,,,,,,,,,,,,,,,,,,,,,,New Hampshire,Colorado,,,,38.249622853,32.95,39.682665433,-6.06,-1.43304258,12.040584003,77.932288287,1.49,0.24,16.0,18.0
2026-06-15,Rolling 3-Month,2026-01-01,2026-03-31,,State,,,,,,,,,,,,,,,,migration,,,,,,,,,,,,,,,,,,,,,,,,,,,,,,,,,,,,,,,,,,,,,,,,,,,,,,,,,,,,,,,,,New Hampshire,Columbia,,,,8.464275037,20.52,6.62453139,-57.32,1.839743648,10.339781092,15.088806427,0.33,0.16,31.0,33.0
2026-06-15,Rolling 3-Month,2026-01-01,2026-03-31,,State,,,,,,,,,,,,,,,,migration,,,,,,,,,,,,,,,,,,,,,,,,,,,,,,,,,,,,,,,,,,,,,,,,,,,,,,,,,,,,,,,,,New Hampshire,Connecticut,,,,26.922509307,-24.45,161.796632553,-31.03,-134.874123246,64.07923599,188.71914186,1.05,0.51,20.0,5.0
2026-06-15,Rolling 3-Month,2026-01-01,2026-03-31,,State,,,,,,,,,,,,,,,,migration,,,,,,,,,,,,,,,,,,,,,,,,,,,,,,,,,,,,,,,,,,,,,,,,,,,,,,,,,,,,,,,,,New Hampshire,Delaware,,,,5.0,41.68,0.0,-100.0,5.0,7.665796431,5.0,0.2,0.11,36.0,46.0
2026-06-15,Rolling 3-Month,2026-01-01,2026-03-31,,State,,,,,,,,,,,,,,,,migration,,,,,,,,,,,,,,,,,,,,,,,,,,,,,,,,,,,,,,,,,,,,,,,,,,,,,,,,,,,,,,,,,New Hampshire,Georgia,,,,41.694370359,27.55,38.555949538,32.91,3.138420821,-0.5406392371,80.250319897,1.63,0.22,15.0,19.0
2026-06-15,Rolling 3-Month,2026-01-01,2026-03-31,,State,,,,,,,,,,,,,,,,migration,,,,,,,,,,,,,,,,,,,,,,,,,,,,,,,,,,,,,,,,,,,,,,,,,,,,,,,,,,,,,,,,,New Hampshire,Maryland,,,,44.074436029,50.15,51.707768143,-15.26,-7.633332114,24.029649582,95.782204172,1.72,0.25,12.0,15.0
2026-06-15,Rolling 3-Month,2026-01-01,2026-03-31,,State,,,,,,,,,,,,,,,,migration,,,,,,,,,,,,,,,,,,,,,,,,,,,,,,,,,,,,,,,,,,,,,,,,,,,,,,,,,,,,,,,,,New Hampshire,Hawaii,,,,6.117097701,-9.01,8.396918805,-21.9,-2.279821103,1.748398388,14.514016506,0.24,0.06,33.0,28.0
2026-06-15,Rolling 3-Month,2026-01-01,2026-03-31,,State,,,,,,,,,,,,,,,,migration,,,,,,,,,,,,,,,,,,,,,,,,,,,,,,,,,,,,,,,,,,,,,,,,,,,,,,,,,,,,,,,,,New Hampshire,Idaho,,,,4.0,-33.33,3.676470588,267.65,0.3235294118,-4.676470588,7.676470588,0.16,0.04,37.0,40.0
2026-06-15,Rolling 3-Month,2026-01-01,2026-03-31,,State,,,,,,,,,,,,,,,,migration,,,,,,,,,,,,,,,,,,,,,,,,,,,,,,,,,,,,,,,,,,,,,,,,,,,,,,,,,,,,,,,,,New Hampshire,Illinois,,,,35.093421461,29.15,43.60978551,-29.78,-8.516364049,26.41158178,78.703206971,1.37,0.19,18.0,17.0
2026-06-15,Rolling 3-Month,2026-01-01,2026-03-31,,State,,,,,,,,,,,,,,,,migration,,,,,,,,,,,,,,,,,,,,,,,,,,,,,,,,,,,,,,,,,,,,,,,,,,,,,,,,,,,,,,,,,New Hampshire,Indiana,,,,13.255757576,106.88,11.331515812,32.37,1.924241763,4.07740035,24.587273388,0.52,0.15,26.0,27.0
2026-06-15,Rolling 3-Month,2026-01-01,2026-03-31,,State,,,,,,,,,,,,,,,,migration,,,,,,,,,,,,,,,,,,,,,,,,,,,,,,,,,,,,,,,,,,,,,,,,,,,,,,,,,,,,,,,,,New Hampshire,Kentucky,,,,15.773985729,72.62,6.442105263,28.84,9.331880466,5.193758919,22.216090992,0.62,0.35,24.0,34.0
2026-06-15,Rolling 3-Month,2026-01-01,2026-03-31,,State,,,,,,,,,,,,,,,,migration,,,,,,,,,,,,,,,,,,,,,,,,,,,,,,,,,,,,,,,,,,,,,,,,,,,,,,,,,,,,,,,,,New Hampshire,Louisiana,,,,1.0,-86.8,6.395274632,-0.95,-5.395274632,-6.515320261,7.395274632,0.04,0.02,46.0,35.0
2026-06-15,Rolling 3-Month,2026-01-01,2026-03-31,,State,,,,,,,,,,,,,,,,migration,,,,,,,,,,,,,,,,,,,,,,,,,,,,,,,,,,,,,,,,,,,,,,,,,,,,,,,,,,,,,,,,,New Hampshire,Maine,,,,306.964273097,-13.31,147.724923618,-4.57,159.239349478,-40.042890651,454.689196715,11.99,5.5,3.0,6.0
2026-06-15,Rolling 3-Month,2026-01-01,2026-03-31,,State,,,,,,,,,,,,,,,,migration,,,,,,,,,,,,,,,,,,,,,,,,,,,,,,,,,,,,,,,,,,,,,,,,,,,,,,,,,,,,,,,,,Oregon,Texas,,,,877.97574893,-17.35,743.49492839,-18.86,134.480820541,-11.405023111,1621.47067732,5.21,2.02,4.0,4.0
2026-06-15,Rolling 3-Month,2026-01-01,2026-03-31,,State,,,,,,,,,,,,,,,,migration,,,,,,,,,,,,,,,,,,,,,,,,,,,,,,,,,,,,,,,,,,,,,,,,,,,,,,,,,,,,,,,,,Pennsylvania,Maryland,,,,1235.307118775,-10.41,1484.224755079,-11.27,-248.917636304,44.952038363,2719.531873853,6.52,7.13,4.0,3.0
2026-06-15,Rolling 3-Month,2026-01-01,2026-03-31,,State,,,,,,,,,,,,,,,,migration,,,,,,,,,,,,,,,,,,,,,,,,,,,,,,,,,,,,,,,,,,,,,,,,,,,,,,,,,,,,,,,,,Oregon,Vermont,,,,13.163969645,-68.63,13.194795004,1.14,-0.03082535847,-28.951240632,26.358764649,0.08,0.65,46.0,44.0
2026-06-15,Rolling 3-Month,2026-01-01,2026-03-31,,State,,,,,,,,,,,,,,,,migration,,,,,,,,,,,,,,,,,,,,,,,,,,,,,,,,,,,,,,,,,,,,,,,,,,,,,,,,,,,,,,,,,Washington,Oklahoma,,,,412.448171174,5.52,145.621047709,6.92,266.827123465,12.150084477,558.069218883,0.77,9.22,21.0,26.0
2026-06-15,Rolling 3-Month,2026-01-01,2026-03-31,,State,,,,,,,,,,,,,,,,migration,,,,,,,,,,,,,,,,,,,,,,,,,,,,,,,,,,,,,,,,,,,,,,,,,,,,,,,,,,,,,,,,,Virginia,New Hampshire,,,,124.63670997,6.08,41.971785664,-28.96,82.664924306,24.247733744,166.608495633,0.43,2.22,32.0,35.0
2026-06-15,Rolling 3-Month,2026-01-01,2026-03-31,,State,,,,,,,,,,,,,,,,migration,,,,,,,,,,,,,,,,,,,,,,,,,,,,,,,,,,,,,,,,,,,,,,,,,,,,,,,,,,,,,,,,,Virginia,New Jersey,,,,434.271251039,-16.41,371.982229159,-2.18,62.28902188,-76.95099897,806.253480197,1.51,2.89,18.0,12.0
2026-06-15,Rolling 3-Month,2026-01-01,2026-03-31,,State,,,,,,,,,,,,,,,,migration,,,,,,,,,,,,,,,,,,,,,,,,,,,,,,,,,,,,,,,,,,,,,,,,,,,,,,,,,,,,,,,,,Virginia,New Mexico,,,,66.55496962,-0.36,29.611978607,-47.94,36.942991013,27.021723555,96.166948226,0.23,1.95,38.0,37.0
2026-06-15,Rolling 3-Month,2026-01-01,2026-03-31,,State,,,,,,,,,,,,,,,,migration,,,,,,,,,,,,,,,,,,,,,,,,,,,,,,,,,,,,,,,,,,,,,,,,,,,,,,,,,,,,,,,,,Virginia,New York,,,,701.311473716,-26.78,1403.123179923,-33.75,-701.811706206,458.339488468,2104.434653639,2.44,4.83,12.0,4.0
2026-06-15,Rolling 3-Month,2026-01-01,2026-03-31,,State,,,,,,,,,,,,,,,,migration,,,,,,,,,,,,,,,,,,,,,,,,,,,,,,,,,,,,,,,,,,,,,,,,,,,,,,,,,,,,,,,,,Virginia,North Carolina,,,,2532.519557294,-21.1,1156.38340474,-4.75,1376.136152553,-619.66130427,3688.902962034,8.83,11.07,3.0,6.0
2026-06-15,Rolling 3-Month,2026-01-01,2026-03-31,,State,,,,,,,,,,,,,,,,migration,,,,,,,,,,,,,,,,,,,,,,,,,,,,,,,,,,,,,,,,,,,,,,,,,,,,,,,,,,,,,,,,,Virginia,North Dakota,,,,9.0,50.0,3.929013418,96.45,5.070986582,1.070986582,12.929013418,0.03,2.75,50.0,49.0
2026-06-15,Rolling 3-Month,2026-01-01,2026-03-31,,State,,,,,,,,,,,,,,,,migration,,,,,,,,,,,,,,,,,,,,,,,,,,,,,,,,,,,,,,,,,,,,,,,,,,,,,,,,,,,,,,,,,Virginia,Ohio,,,,397.226557249,-62.95,355.236201836,20.75,41.990355412,-735.918005556,752.462759085,1.38,4.47,19.0,13.0
2026-06-15,Rolling 3-Month,2026-01-01,2026-03-31,,State,,,,,,,,,,,,,,,,migration,,,,,,,,,,,,,,,,,,,,,,,,,,,,,,,,,,,,,,,,,,,,,,,,,,,,,,,,,,,,,,,,,Virginia,Oklahoma,,,,63.302815749,-25.42,38.958274158,-15.78,24.344541592,-14.272776876,102.261089907,0.22,1.42,41.0,36.0
2026-06-15,Rolling 3-Month,2026-01-01,2026-03-31,,State,,,,,,,,,,,,,,,,migration,,,,,,,,,,,,,,,,,,,,,,,,,,,,,,,,,,,,,,,,,,,,,,,,,,,,,,,,,,,,,,,,,Virginia,Oregon,,,,184.064564402,-7.42,91.854005101,-23.2,92.210559302,12.989452693,275.918569503,0.64,0.97,25.0,24.0
2026-06-15,Rolling 3-Month,2026-01-01,2026-03-31,,State,,,,,,,,,,,,,,,,migration,,,,,,,,,,,,,,,,,,,,,,,,,,,,,,,,,,,,,,,,,,,,,,,,,,,,,,,,,,,,,,,,,Virginia,Pennsylvania,,,,1060.525172376,-32.15,694.570357252,-3.17,365.954815124,-479.656166596,1755.095529628,3.7,6.43,8.0,8.0
2026-06-15,Rolling 3-Month,2026-01-01,2026-03-31,,State,,,,,,,,,,,,,,,,migration,,,,,,,,,,,,,,,,,,,,,,,,,,,,,,,,,,,,,,,,,,,,,,,,,,,,,,,,,,,,,,,,,Virginia,Rhode Island,,,,63.369439715,-26.92,26.806210143,-47.01,36.563229572,0.4405813678,90.175649859,0.22,2.84,40.0,38.0
2026-06-15,Rolling 3-Month,2026-01-01,2026-03-31,,State,,,,,,,,,,,,,,,,migration,,,,,,,,,,,,,,,,,,,,,,,,,,,,,,,,,,,,,,,,,,,,,,,,,,,,,,,,,,,,,,,,,Virginia,South Carolina,,,,1061.069369997,-13.05,253.720051451,-8.82,807.349318546,-134.697530793,1314.789421448,3.7,5.67,7.0,17.0
2026-06-15,Rolling 3-Month,2026-01-01,2026-03-31,,State,,,,,,,,,,,,,,,,migration,,,,,,,,,,,,,,,,,,,,,,,,,,,,,,,,,,,,,,,,,,,,,,,,,,,,,,,,,,,,,,,,,Virginia,South Dakota,,,,19.247033498,2.16,8.483870968,-22.87,10.76316253,2.922994366,27.730904466,0.07,2.47,48.0,47.0
2026-06-15,Rolling 3-Month,2026-01-01,2026-03-31,,State,,,,,,,,,,,,,,,,migration,,,,,,,,,,,,,,,,,,,,,,,,,,,,,,,,,,,,,,,,,,,,,,,,,,,,,,,,,,,,,,,,,Virginia,Tennessee,,,,855.452360167,25.01,309.670744977,6.23,545.781615189,152.982404039,1165.123105144,2.98,4.37,9.0,16.0
2026-06-15,Rolling 3-Month,2026-01-01,2026-03-31,,State,,,,,,,,,,,,,,,,migration,,,,,,,,,,,,,,,,,,,,,,,,,,,,,,,,,,,,,,,,,,,,,,,,,,,,,,,,,,,,,,,,,Virginia,Texas,,,,1531.791278436,-5.34,845.449933429,-17.27,686.341345007,90.029586112,2377.241211865,5.34,3.53,5.0,7.0
2026-06-15,Rolling 3-Month,2026-01-01,2026-03-31,,State,,,,,,,,,,,,,,,,migration,,,,,,,,,,,,,,,,,,,,,,,,,,,,,,,,,,,,,,,,,,,,,,,,,,,,,,,,,,,,,,,,,Virginia,Utah,,,,128.860079273,-1.17,53.754288762,-22.73,75.105790512,14.294653135,182.614368035,0.45,2.38,31.0,32.0
2026-06-15,Rolling 3-Month,2026-01-01,2026-03-31,,State,,,,,,,,,,,,,,,,migration,,,,,,,,,,,,,,,,,,,,,,,,,,,,,,,,,,,,,,,,,,,,,,,,,,,,,,,,,,,,,,,,,Virginia,Vermont,,,,60.51445518,-26.23,24.045504962,-1.37,36.468950218,-21.179644459,84.559960142,0.21,3.01,43.0,40.0
2026-06-15,Rolling 3-Month,2026-01-01,2026-03-31,,State,,,,,,,,,,,,,,,,migration,,,,,,,,,,,,,,,,,,,,,,,,,,,,,,,,,,,,,,,,,,,,,,,,,,,,,,,,,,,,,,,,,Virginia,Nevada,,,,216.542265722,-9.61,76.097885594,-24.25,140.444380129,1.343099415,292.640151316,0.75,1.1,24.0,27.0
2026-06-15,Rolling 3-Month,2026-01-01,2026-03-31,,State,,,,,,,,,,,,,,,,migration,,,,,,,,,,,,,,,,,,,,,,,,,,,,,,,,,,,,,,,,,,,,,,,,,,,,,,,,,,,,,,,,,Virginia,Nebraska,,,,48.03512083,50.59,17.565460669,-41.06,30.46966016,28.372417391,65.600581499,0.17,3.82,45.0,46.0
2026-06-15,Rolling 3-Month,2026-01-01,2026-03-31,,State,,,,,,,,,,,,,,,,migration,,,,,,,,,,,,,,,,,,,,,,,,,,,,,,,,,,,,,,,,,,,,,,,,,,,,,,,,,,,,,,,,,Virginia,Montana,,,,48.094563806,60.57,3.0,-72.99,45.094563806,26.250804198,51.094563806,0.17,1.5,44.0,50.0
2026-06-15,Rolling 3-Month,2026-01-01,2026-03-31,,State,,,,,,,,,,,,,,,,migration,,,,,,,,,,,,,,,,,,,,,,,,,,,,,,,,,,,,,,,,,,,,,,,,,,,,,,,,,,,,,,,,,Virginia,Kansas,,,,61.941719572,42.56,20.737775537,-51.19,41.203944035,40.242181278,82.679495109,0.22,2.61,42.0,43.0
2026-06-15,Rolling 3-Month,2026-01-01,2026-03-31,,State,,,,,,,,,,,,,,,,migration,,,,,,,,,,,,,,,,,,,,,,,,,,,,,,,,,,,,,,,,,,,,,,,,,,,,,,,,,,,,,,,,,Virginia,Florida,,,,4388.71603796,13.98,1322.952561863,-22.81,3065.763476097,929.219637739,5711.668599823,15.3,5.38,1.0,5.0
2026-06-15,Rolling 3-Month,2026-01-01,2026-03-31,,State,,,,,,,,,,,,,,,,migration,,,,,,,,,,,,,,,,,,,,,,,,,,,,,,,,,,,,,,,,,,,,,,,,,,,,,,,,,,,,,,,,,Virginia,Georgia,,,,849.920560167,-18.73,484.283430957,-14.54,365.63712921,-113.521235977,1334.203991124,2.96,4.54,10.0,11.0
2026-06-15,Rolling 3-Month,2026-01-01,2026-03-31,,State,,,,,,,,,,,,,,,,migration,,,,,,,,,,,,,,,,,,,,,,,,,,,,,,,,,,,,,,,,,,,,,,,,,,,,,,,,,,,,,,,,,Virginia,Hawaii,,,,218.645077272,-20.94,197.142463803,-25.43,21.502613469,9.316972649,415.787541075,0.76,2.06,23.0,20.0
2026-06-15,Rolling 3-Month,2026-01-01,2026-03-31,,State,,,,,,,,,,,,,,,,migration,,,,,,,,,,,,,,,,,,,,,,,,,,,,,,,,,,,,,,,,,,,,,,,,,,,,,,,,,,,,,,,,,Virginia,Idaho,,,,89.58539297,106.47,22.350484483,46.61,67.234908487,39.091348622,111.935877453,0.31,0.84,37.0,41.0
2026-06-15,Rolling 3-Month,2026-01-01,2026-03-31,,State,,,,,,,,,,,,,,,,migration,,,,,,,,,,,,,,,,,,,,,,,,,,,,,,,,,,,,,,,,,,,,,,,,,,,,,,,,,,,,,,,,,Virginia,Illinois,,,,480.492857809,-32.75,565.755565805,-23.54,-85.262707996,-59.801104115,1046.248423614,1.67,2.55,16.0,10.0
2026-06-15,Rolling 3-Month,2026-01-01,2026-03-31,,State,,,,,,,,,,,,,,,,migration,,,,,,,,,,,,,,,,,,,,,,,,,,,,,,,,,,,,,,,,,,,,,,,,,,,,,,,,,,,,,,,,,Virginia,Indiana,,,,156.144198668,-65.51,152.389935286,33.0,3.754263382,-334.441938826,308.534133955,0.54,1.75,29.0,23.0
2026-06-15,Rolling 3-Month,2026-01-01,2026-03-31,,State,,,,,,,,,,,,,,,,migration,,,,,,,,,,,,,,,,,,,,,,,,,,,,,,,,,,,,,,,,,,,,,,,,,,,,,,,,,,,,,,,,,Virginia,Iowa,,,,39.026665528,-8.92,18.57913745,74.47,20.447528078,-11.751528495,57.605802978,0.14,1.92,46.0,45.0
2026-06-15,Rolling 3-Month,2026-01-01,2026-03-31,,State,,,,,,,,,,,,,,,,migration,,,,,,,,,,,,,,,,,,,,,,,,,,,,,,,,,,,,,,,,,,,,,,,,,,,,,,,,,,,,,,,,,Virginia,Kentucky,,,,110.945711452,-54.88,74.442115867,47.17,36.503595585,-158.820242896,185.387827319,0.39,2.5,34.0,28.0
2026-06-15,Rolling 3-Month,2026-01-01,2026-03-31,,State,,,,,,,,,,,,,,,,migration,,,,,,,,,,,,,,,,,,,,,,,,,,,,,,,,,,,,,,,,,,,,,,,,,,,,,,,,,,,,,,,,,Virginia,Missouri,,,,163.710089428,17.68,71.477204744,-22.35,92.232884685,45.170191562,235.187294172,0.57,2.38,28.0,29.0
2026-06-15,Rolling 3-Month,2026-01-01,2026-03-31,,State,,,,,,,,,,,,,,,,migration,,,,,,,,,,,,,,,,,,,,,,,,,,,,,,,,,,,,,,,,,,,,,,,,,,,,,,,,,,,,,,,,,Virginia,Louisiana,,,,170.074598501,8.59,59.363196537,-4.18,110.711401964,16.04184353,229.437795038,0.59,2.86,27.0,30.0
2026-06-15,Rolling 3-Month,2026-01-01,2026-03-31,,State,,,,,,,,,,,,,,,,migration,,,,,,,,,,,,,,,,,,,,,,,,,,,,,,,,,,,,,,,,,,,,,,,,,,,,,,,,,,,,,,,,,Virginia,Maine,,,,151.37992758,-38.01,51.074908482,3.5,100.305019098,-94.548548056,202.454836062,0.53,2.71,30.0,33.0
2026-06-15,Rolling 3-Month,2026-01-01,2026-03-31,,State,,,,,,,,,,,,,,,,migration,,,,,,,,,,,,,,,,,,,,,,,,,,,,,,,,,,,,,,,,,,,,,,,,,,,,,,,,,,,,,,,,,Virginia,Maryland,,,,4380.575798407,-37.7,4775.822403269,-23.78,-395.246604862,-1161.050764886,9156.398201676,15.27,25.28,2.0,1.0
2026-06-15,Rolling 3-Month,2026-01-01,2026-03-31,,State,,,,,,,,,,,,,,,,migration,,,,,,,,,,,,,,,,,,,,,,,,,,,,,,,,,,,,,,,,,,,,,,,,,,,,,,,,,,,,,,,,,Virginia,Massachusetts,,,,599.58803007,0.48,312.033782768,-39.03,287.554247302,202.65237114,911.621812838,2.09,6.08,15.0,15.0
2026-06-15,Rolling 3-Month,2026-01-01,2026-03-31,,State,,,,,,,,,,,,,,,,migration,,,,,,,,,,,,,,,,,,,,,,,,,,,,,,,,,,,,,,,,,,,,,,,,,,,,,,,,,,,,,,,,,Virginia,Michigan,,,,250.692922756,-71.57,242.036080631,30.56,8.656842125,-687.694965725,492.729003388,0.87,2.65,22.0,18.0
2026-06-15,Rolling 3-Month,2026-01-01,2026-03-31,,State,,,,,,,,,,,,,,,,migration,,,,,,,,,,,,,,,,,,,,,,,,,,,,,,,,,,,,,,,,,,,,,,,,,,,,,,,,,,,,,,,,,Virginia,Minnesota,,,,124.182458926,-15.53,57.431353459,-5.57,66.751105467,-19.451556683,181.613812385,0.43,2.63,33.0,31.0
2026-06-15,Rolling 3-Month,2026-01-01,2026-03-31,,State,,,,,,,,,,,,,,,,migration,,,,,,,,,,,,,,,,,,,,,,,,,,,,,,,,,,,,,,,,,,,,,,,,,,,,,,,,,,,,,,,,,Virginia,Mississippi,,,,97.505026197,27.73,20.746131528,1.95,76.758894669,20.769426114,118.251157725,0.34,3.21,36.0,42.0
2026-06-15,Rolling 3-Month,2026-01-01,2026-03-31,,State,,,,,,,,,,,,,,,,migration,,,,,,,,,,,,,,,,,,,,,,,,,,,,,,,,,,,,,,,,,,,,,,,,,,,,,,,,,,,,,,,,,Virginia,Virginia,,,,70550.604617999,-17.49,70550.604617999,-17.49,0.0,0.0,141101.209235998,,,,
2026-06-15,Rolling 3-Month,2026-01-01,2026-03-31,,State,,,,,,,,,,,,,,,,migration,,,,,,,,,,,,,,,,,,,,,,,,,,,,,,,,,,,,,,,,,,,,,,,,,,,,,,,,,,,,,,,,,Virginia,Washington,,,,615.487781924,-3.66,579.430053995,-34.55,36.057727929,282.423804092,1194.917835919,2.15,2.0,14.0,9.0
2026-06-15,Rolling 3-Month,2026-01-01,2026-03-31,,State,,,,,,,,,,,,,,,,migration,,,,,,,,,,,,,,,,,,,,,,,,,,,,,,,,,,,,,,,,,,,,,,,,,,,,,,,,,,,,,,,,,Virginia,West Virginia,,,,841.832792391,11.59,168.968320679,11.49,672.864471712,70.014408284,1010.801113069,2.93,30.31,11.0,21.0
2026-06-15,Rolling 3-Month,2026-01-01,2026-03-31,,State,,,,,,,,,,,,,,,,migration,,,,,,,,,,,,,,,,,,,,,,,,,,,,,,,,,,,,,,,,,,,,,,,,,,,,,,,,,,,,,,,,,Washington,Montana,,,,1060.000624416,-1.44,142.240845501,9.93,917.759778915,-28.324109785,1202.241469917,1.99,32.99,10.0,27.0
2026-06-15,Rolling 3-Month,2026-01-01,2026-03-31,,State,,,,,,,,,,,,,,,,migration,,,,,,,,,,,,,,,,,,,,,,,,,,,,,,,,,,,,,,,,,,,,,,,,,,,,,,,,,,,,,,,,,Washington,Maine,,,,163.922270292,-25.45,34.685719029,6.44,129.236551263,-58.064908437,198.607989321,0.31,2.93,37.0,41.0
2026-06-15,Rolling 3-Month,2026-01-01,2026-03-31,,State,,,,,,,,,,,,,,,,migration,,,,,,,,,,,,,,,,,,,,,,,,,,,,,,,,,,,,,,,,,,,,,,,,,,,,,,,,,,,,,,,,,Washington,Maryland,,,,293.301168631,-30.89,313.289514888,-3.01,-19.988346257,-121.368707742,606.590683519,0.55,1.69,30.0,15.0
2026-06-15,Rolling 3-Month,2026-01-01,2026-03-31,,State,,,,,,,,,,,,,,,,migration,,,,,,,,,,,,,,,,,,,,,,,,,,,,,,,,,,,,,,,,,,,,,,,,,,,,,,,,,,,,,,,,,Washington,Massachusetts,,,,309.344600053,-34.91,266.988413799,-14.25,42.356186255,-121.501785837,576.333013852,0.58,3.13,28.0,19.0
2026-06-15,Rolling 3-Month,2026-01-01,2026-03-31,,State,,,,,,,,,,,,,,,,migration,,,,,,,,,,,,,,,,,,,,,,,,,,,,,,,,,,,,,,,,,,,,,,,,,,,,,,,,,,,,,,,,,Washington,Michigan,,,,381.286774708,-29.96,296.251509411,3.09,85.035265297,-172.006106504,677.538284119,0.71,4.03,23.0,16.0
2026-06-15,Rolling 3-Month,2026-01-01,2026-03-31,,State,,,,,,,,,,,,,,,,migration,,,,,,,,,,,,,,,,,,,,,,,,,,,,,,,,,,,,,,,,,,,,,,,,,,,,,,,,,,,,,,,,,Washington,Minnesota,,,,374.421488801,-29.68,233.855270928,-9.92,140.566217873,-132.298076166,608.27675973,0.7,7.93,24.0,22.0
2026-06-15,Rolling 3-Month,2026-01-01,2026-03-31,,State,,,,,,,,,,,,,,,,migration,,,,,,,,,,,,,,,,,,,,,,,,,,,,,,,,,,,,,,,,,,,,,,,,,,,,,,,,,,,,,,,,,Washington,Mississippi,,,,121.335311286,-10.17,24.791304348,3.94,96.544006938,-14.682970589,146.126615634,0.23,3.99,40.0,44.0
2026-06-15,Rolling 3-Month,2026-01-01,2026-03-31,,State,,,,,,,,,,,,,,,,migration,,,,,,,,,,,,,,,,,,,,,,,,,,,,,,,,,,,,,,,,,,,,,,,,,,,,,,,,,,,,,,,,,Washington,Missouri,,,,394.561188898,-2.74,172.158925868,-3.36,222.402263031,-5.117357262,566.720114766,0.74,5.73,22.0,24.0
2026-06-15,Rolling 3-Month,2026-01-01,2026-03-31,,State,,,,,,,,,,,,,,,,migration,,,,,,,,,,,,,,,,,,,,,,,,,,,,,,,,,,,,,,,,,,,,,,,,,,,,,,,,,,,,,,,,,Washington,Nebraska,,,,79.160187203,-17.78,39.723150149,-23.38,39.437037055,-5.003052752,118.883337352,0.15,6.3,43.0,39.0
2026-06-15,Rolling 3-Month,2026-01-01,2026-03-31,,State,,,,,,,,,,,,,,,,migration,,,,,,,,,,,,,,,,,,,,,,,,,,,,,,,,,,,,,,,,,,,,,,,,,,,,,,,,,,,,,,,,,Washington,Kentucky,,,,236.379729543,-13.25,62.866989396,12.89,173.512740147,-43.295280725,299.246718939,0.44,5.32,33.0,38.0
2026-06-15,Rolling 3-Month,2026-01-01,2026-03-31,,State,,,,,,,,,,,,,,,,migration,,,,,,,,,,,,,,,,,,,,,,,,,,,,,,,,,,,,,,,,,,,,,,,,,,,,,,,,,,,,,,,,,Washington,Nevada,,,,1818.882517921,-4.36,666.211998603,0.9,1152.670519318,-88.926144901,2485.094516523,3.41,9.27,7.0,9.0
2026-06-15,Rolling 3-Month,2026-01-01,2026-03-31,,State,,,,,,,,,,,,,,,,migration,,,,,,,,,,,,,,,,,,,,,,,,,,,,,,,,,,,,,,,,,,,,,,,,,,,,,,,,,,,,,,,,,Washington,New Hampshire,,,,72.549715478,-12.6,35.624721409,-7.31,36.924994069,-7.650358611,108.174436888,0.14,1.29,44.0,40.0
2026-06-15,Rolling 3-Month,2026-01-01,2026-03-31,,State,,,,,,,,,,,,,,,,migration,,,,,,,,,,,,,,,,,,,,,,,,,,,,,,,,,,,,,,,,,,,,,,,,,,,,,,,,,,,,,,,,,Washington,New Jersey,,,,195.270061782,-23.11,152.621127329,-3.25,42.648934453,-53.565538267,347.891189111,0.37,1.3,36.0,25.0
2026-06-15,Rolling 3-Month,2026-01-01,2026-03-31,,State,,,,,,,,,,,,,,,,migration,,,,,,,,,,,,,,,,,,,,,,,,,,,,,,,,,,,,,,,,,,,,,,,,,,,,,,,,,,,,,,,,,Washington,New Mexico,,,,316.071401408,-13.67,115.186275382,3.89,200.885126025,-54.357902648,431.25767679,0.59,9.24,27.0,29.0
2026-06-15,Rolling 3-Month,2026-01-01,2026-03-31,,State,,,,,,,,,,,,,,,,migration,,,,,,,,,,,,,,,,,,,,,,,,,,,,,,,,,,,,,,,,,,,,,,,,,,,,,,,,,,,,,,,,,Washington,New York,,,,604.341249704,-34.84,605.40981483,-15.88,-1.068565126,-208.788282081,1209.751064534,1.13,4.16,17.0,11.0
2026-06-15,Rolling 3-Month,2026-01-01,2026-03-31,,State,,,,,,,,,,,,,,,,migration,,,,,,,,,,,,,,,,,,,,,,,,,,,,,,,,,,,,,,,,,,,,,,,,,,,,,,,,,,,,,,,,,Washington,North Carolina,,,,858.758326304,-13.25,269.403493873,-23.24,589.354832431,-49.576196107,1128.161820177,1.61,3.75,12.0,18.0
2026-06-15,Rolling 3-Month,2026-01-01,2026-03-31,,State,,,,,,,,,,,,,,,,migration,,,,,,,,,,,,,,,,,,,,,,,,,,,,,,,,,,,,,,,,,,,,,,,,,,,,,,,,,,,,,,,,,Washington,North Dakota,,,,37.975952558,16.35,16.822460817,-34.24,21.153491741,14.095860506,54.798413375,0.07,11.62,49.0,47.0
2026-06-15,Rolling 3-Month,2026-01-01,2026-03-31,,State,,,,,,,,,,,,,,,,migration,,,,,,,,,,,,,,,,,,,,,,,,,,,,,,,,,,,,,,,,,,,,,,,,,,,,,,,,,,,,,,,,,Washington,Louisiana,,,,220.7311251,-18.08,84.269515831,29.7,136.461609269,-68.009454099,305.000640931,0.41,3.71,35.0,31.0
2026-06-15,Rolling 3-Month,2026-01-01,2026-03-31,,State,,,,,,,,,,,,,,,,migration,,,,,,,,,,,,,,,,,,,,,,,,,,,,,,,,,,,,,,,,,,,,,,,,,,,,,,,,,,,,,,,,,Washington,Kansas,,,,151.868743544,-21.29,76.261097495,2.33,75.607646049,-42.821497978,228.129841039,0.28,6.41,38.0,34.0
2026-06-15,Rolling 3-Month,2026-01-01,2026-03-31,,State,,,,,,,,,,,,,,,,migration,,,,,,,,,,,,,,,,,,,,,,,,,,,,,,,,,,,,,,,,,,,,,,,,,,,,,,,,,,,,,,,,,Virginia,Wisconsin,,,,104.364021028,-14.14,45.560818818,-6.79,58.80320221,-13.867022578,149.924839846,0.36,1.2,35.0,34.0
2026-06-15,Rolling 3-Month,2026-01-01,2026-03-31,,State,,,,,,,,,,,,,,,,migration,,,,,,,,,,,,,,,,,,,,,,,,,,,,,,,,,,,,,,,,,,,,,,,,,,,,,,,,,,,,,,,,,Washington,Columbia,,,,64.750758994,-31.32,66.949187206,-27.12,-2.198428212,-4.615104193,131.699946199,0.12,1.21,45.0,37.0
2026-06-15,Rolling 3-Month,2026-01-01,2026-03-31,,State,,,,,,,,,,,,,,,,migration,,,,,,,,,,,,,,,,,,,,,,,,,,,,,,,,,,,,,,,,,,,,,,,,,,,,,,,,,,,,,,,,,Virginia,Wyoming,,,,15.455098246,92.74,4.625283447,-20.74,10.829814799,8.646972952,20.080381692,0.05,1.64,49.0,48.0
2026-06-15,Rolling 3-Month,2026-01-01,2026-03-31,,State,,,,,,,,,,,,,,,,migration,,,,,,,,,,,,,,,,,,,,,,,,,,,,,,,,,,,,,,,,,,,,,,,,,,,,,,,,,,,,,,,,,Washington,Alabama,,,,361.787735895,6.74,83.645331145,8.59,278.14240475,16.246639492,445.433067039,0.68,5.42,25.0,32.0
2026-06-15,Rolling 3-Month,2026-01-01,2026-03-31,,State,,,,,,,,,,,,,,,,migration,,,,,,,,,,,,,,,,,,,,,,,,,,,,,,,,,,,,,,,,,,,,,,,,,,,,,,,,,,,,,,,,,Washington,Alaska,,,,263.363069895,-44.36,288.320569934,12.39,-24.957500039,-241.736433087,551.68363983,0.49,29.63,31.0,17.0
2026-06-15,Rolling 3-Month,2026-01-01,2026-03-31,,State,,,,,,,,,,,,,,,,migration,,,,,,,,,,,,,,,,,,,,,,,,,,,,,,,,,,,,,,,,,,,,,,,,,,,,,,,,,,,,,,,,,Washington,Arizona,,,,6965.142024727,-3.87,1606.443938484,-12.96,5358.698086243,-41.061158357,8571.585963211,13.05,20.39,2.0,4.0
2026-06-15,Rolling 3-Month,2026-01-01,2026-03-31,,State,,,,,,,,,,,,,,,,migration,,,,,,,,,,,,,,,,,,,,,,,,,,,,,,,,,,,,,,,,,,,,,,,,,,,,,,,,,,,,,,,,,Washington,Arkansas,,,,242.706996857,-13.11,29.488429597,-24.37,213.21856726,-27.118919168,272.195426454,0.45,5.78,32.0,43.0
2026-06-15,Rolling 3-Month,2026-01-01,2026-03-31,,State,,,,,,,,,,,,,,,,migration,,,,,,,,,,,,,,,,,,,,,,,,,,,,,,,,,,,,,,,,,,,,,,,,,,,,,,,,,,,,,,,,,Washington,California,,,,9326.245617326,-7.8,10410.374213945,-14.3,-1084.128596619,948.071428641,19736.619831271,17.47,17.86,1.0,1.0
2026-06-15,Rolling 3-Month,2026-01-01,2026-03-31,,State,,,,,,,,,,,,,,,,migration,,,,,,,,,,,,,,,,,,,,,,,,,,,,,,,,,,,,,,,,,,,,,,,,,,,,,,,,,,,,,,,,,Washington,Colorado,,,,962.464552336,-2.53,808.612617024,-22.73,153.851935312,212.965768793,1771.077169361,1.8,6.08,11.0,6.0
2026-06-15,Rolling 3-Month,2026-01-01,2026-03-31,,State,,,,,,,,,,,,,,,,migration,,,,,,,,,,,,,,,,,,,,,,,,,,,,,,,,,,,,,,,,,,,,,,,,,,,,,,,,,,,,,,,,,Washington,Connecticut,,,,104.710058927,-31.43,78.478470329,15.59,26.231588598,-58.584969211,183.188529256,0.2,1.98,41.0,33.0
2026-06-15,Rolling 3-Month,2026-01-01,2026-03-31,,State,,,,,,,,,,,,,,,,migration,,,,,,,,,,,,,,,,,,,,,,,,,,,,,,,,,,,,,,,,,,,,,,,,,,,,,,,,,,,,,,,,,Washington,Iowa,,,,123.297294444,-1.79,69.066729043,2.49,54.230565401,-3.930245216,192.364023486,0.23,6.06,39.0,36.0
2026-06-15,Rolling 3-Month,2026-01-01,2026-03-31,,State,,,,,,,,,,,,,,,,migration,,,,,,,,,,,,,,,,,,,,,,,,,,,,,,,,,,,,,,,,,,,,,,,,,,,,,,,,,,,,,,,,,Washington,Delaware,,,,34.626655516,34.85,16.707142857,-38.23,17.919512659,19.288541713,51.333798373,0.06,0.78,50.0,48.0
2026-06-15,Rolling 3-Month,2026-01-01,2026-03-31,,State,,,,,,,,,,,,,,,,migration,,,,,,,,,,,,,,,,,,,,,,,,,,,,,,,,,,,,,,,,,,,,,,,,,,,,,,,,,,,,,,,,,Washington,Florida,,,,3495.135725195,4.96,793.671813318,-25.88,2701.463911877,442.334109648,4288.807538513,6.55,4.29,6.0,7.0
2026-06-15,Rolling 3-Month,2026-01-01,2026-03-31,,State,,,,,,,,,,,,,,,,migration,,,,,,,,,,,,,,,,,,,,,,,,,,,,,,,,,,,,,,,,,,,,,,,,,,,,,,,,,,,,,,,,,Washington,Georgia,,,,760.529880877,-15.4,314.909590599,-29.03,445.620290278,-9.706641049,1075.439471476,1.42,4.06,13.0,14.0
2026-06-15,Rolling 3-Month,2026-01-01,2026-03-31,,State,,,,,,,,,,,,,,,,migration,,,,,,,,,,,,,,,,,,,,,,,,,,,,,,,,,,,,,,,,,,,,,,,,,,,,,,,,,,,,,,,,,Washington,Hawaii,,,,1801.936164882,-30.27,951.849345826,-6.08,850.086819057,-720.521186986,2753.785510708,3.38,16.98,8.0,5.0
2026-06-15,Rolling 3-Month,2026-01-01,2026-03-31,,State,,,,,,,,,,,,,,,,migration,,,,,,,,,,,,,,,,,,,,,,,,,,,,,,,,,,,,,,,,,,,,,,,,,,,,,,,,,,,,,,,,,Washington,Idaho,,,,4697.220481516,13.46,506.210200239,4.5,4191.010281277,535.404396572,5203.430681755,8.8,44.1,5.0,12.0
2026-06-15,Rolling 3-Month,2026-01-01,2026-03-31,,State,,,,,,,,,,,,,,,,migration,,,,,,,,,,,,,,,,,,,,,,,,,,,,,,,,,,,,,,,,,,,,,,,,,,,,,,,,,,,,,,,,,Washington,Illinois,,,,679.600174086,-27.77,788.677655121,-11.71,-109.077481035,-156.625460634,1468.277829207,1.27,3.6,14.0,8.0
2026-06-15,Rolling 3-Month,2026-01-01,2026-03-31,,State,,,,,,,,,,,,,,,,migration,,,,,,,,,,,,,,,,,,,,,,,,,,,,,,,,,,,,,,,,,,,,,,,,,,,,,,,,,,,,,,,,,Washington,Indiana,,,,329.174679719,-15.5,125.413319363,1.17,203.761360356,-61.820776578,454.587999082,0.62,3.68,26.0,28.0
2026-06-15,Rolling 3-Month,2026-01-01,2026-03-31,,State,,,,,,,,,,,,,,,,migration,,,,,,,,,,,,,,,,,,,,,,,,,,,,,,,,,,,,,,,,,,,,,,,,,,,,,,,,,,,,,,,,,Virginia,Delaware,,,,340.151607561,-16.24,76.938747103,-16.31,263.212860458,-50.965907008,417.090354664,1.19,7.7,20.0,26.0
2026-06-15,Rolling 3-Month,2026-01-01,2026-03-31,,State,,,,,,,,,,,,,,,,migration,,,,,,,,,,,,,,,,,,,,,,,,,,,,,,,,,,,,,,,,,,,,,,,,,,,,,,,,,,,,,,,,,Virginia,Connecticut,,,,182.604457652,-8.55,162.8032784,4.98,19.801179252,-24.790589646,345.407736052,0.64,3.45,26.0,22.0
2026-06-15,Rolling 3-Month,2026-01-01,2026-03-31,,State,,,,,,,,,,,,,,,,migration,,,,,,,,,,,,,,,,,,,,,,,,,,,,,,,,,,,,,,,,,,,,,,,,,,,,,,,,,,,,,,,,,Virginia,Columbia,,,,1109.799474195,-32.87,1855.558516527,-19.75,-745.759042332,-86.941453319,2965.357990722,3.87,20.74,6.0,2.0
2026-06-15,Rolling 3-Month,2026-01-01,2026-03-31,,State,,,,,,,,,,,,,,,,migration,,,,,,,,,,,,,,,,,,,,,,,,,,,,,,,,,,,,,,,,,,,,,,,,,,,,,,,,,,,,,,,,,Vermont,Arkansas,,,,0.2047244094,,0.0,,0.2047244094,,0.2047244094,0.02,0.0,46.0,44.0
2026-06-15,Rolling 3-Month,2026-01-01,2026-03-31,,State,,,,,,,,,,,,,,,,migration,,,,,,,,,,,,,,,,,,,,,,,,,,,,,,,,,,,,,,,,,,,,,,,,,,,,,,,,,,,,,,,,,Utah,Washington,,,,364.901902157,-28.15,605.388527956,-12.49,-240.486625799,-56.612324757,970.290430112,7.51,1.19,4.0,2.0
2026-06-15,Rolling 3-Month,2026-01-01,2026-03-31,,State,,,,,,,,,,,,,,,,migration,,,,,,,,,,,,,,,,,,,,,,,,,,,,,,,,,,,,,,,,,,,,,,,,,,,,,,,,,,,,,,,,,Utah,West Virginia,,,,10.598171823,107.47,3.47983871,73.99,7.118333113,4.009928175,14.078010532,0.22,0.38,40.0,47.0
2026-06-15,Rolling 3-Month,2026-01-01,2026-03-31,,State,,,,,,,,,,,,,,,,migration,,,,,,,,,,,,,,,,,,,,,,,,,,,,,,,,,,,,,,,,,,,,,,,,,,,,,,,,,,,,,,,,,Utah,Wisconsin,,,,29.75052766,-6.31,28.607824594,-14.3,1.142703066,2.767652532,58.358352254,0.61,0.34,30.0,27.0
2026-06-15,Rolling 3-Month,2026-01-01,2026-03-31,,State,,,,,,,,,,,,,,,,migration,,,,,,,,,,,,,,,,,,,,,,,,,,,,,,,,,,,,,,,,,,,,,,,,,,,,,,,,,,,,,,,,,Utah,Wyoming,,,,26.541225723,-17.14,34.839940852,65.41,-8.298715129,-19.266682555,61.381166575,0.55,2.81,32.0,24.0
2026-06-15,Rolling 3-Month,2026-01-01,2026-03-31,,State,,,,,,,,,,,,,,,,migration,,,,,,,,,,,,,,,,,,,,,,,,,,,,,,,,,,,,,,,,,,,,,,,,,,,,,,,,,,,,,,,,,Vermont,Alabama,,,,1.0,-66.67,1.0,-50.0,0.0,-1.0,2.0,0.11,0.01,41.0,39.0
2026-06-15,Rolling 3-Month,2026-01-01,2026-03-31,,State,,,,,,,,,,,,,,,,migration,,,,,,,,,,,,,,,,,,,,,,,,,,,,,,,,,,,,,,,,,,,,,,,,,,,,,,,,,,,,,,,,,Vermont,Alaska,,,,1.0,0.0,1.0,,0.0,-1.0,2.0,0.11,0.11,42.0,40.0
2026-06-15,Rolling 3-Month,2026-01-01,2026-03-31,,State,,,,,,,,,,,,,,,,migration,,,,,,,,,,,,,,,,,,,,,,,,,,,,,,,,,,,,,,,,,,,,,,,,,,,,,,,,,,,,,,,,,Vermont,Arizona,,,,22.273410124,130.2,17.84557976,38.04,4.427830364,7.679702906,40.118989884,2.42,0.07,12.0,17.0
2026-06-15,Rolling 3-Month,2026-01-01,2026-03-31,,State,,,,,,,,,,,,,,,,migration,,,,,,,,,,,,,,,,,,,,,,,,,,,,,,,,,,,,,,,,,,,,,,,,,,,,,,,,,,,,,,,,,Vermont,California,,,,54.261258311,55.03,108.81146524,-39.46,-54.550206929,90.171841868,163.072723551,5.89,0.1,6.0,5.0
2026-06-15,Rolling 3-Month,2026-01-01,2026-03-31,,State,,,,,,,,,,,,,,,,migration,,,,,,,,,,,,,,,,,,,,,,,,,,,,,,,,,,,,,,,,,,,,,,,,,,,,,,,,,,,,,,,,,Utah,Vermont,,,,12.348327744,-18.32,2.0,0.0,10.348327744,-2.769400171,14.348327744,0.25,0.61,39.0,50.0
2026-06-15,Rolling 3-Month,2026-01-01,2026-03-31,,State,,,,,,,,,,,,,,,,migration,,,,,,,,,,,,,,,,,,,,,,,,,,,,,,,,,,,,,,,,,,,,,,,,,,,,,,,,,,,,,,,,,Vermont,Colorado,,,,15.347769582,22.45,33.860118207,-33.77,-18.512348625,20.076421984,49.207887789,1.66,0.1,17.0,13.0
2026-06-15,Rolling 3-Month,2026-01-01,2026-03-31,,State,,,,,,,,,,,,,,,,migration,,,,,,,,,,,,,,,,,,,,,,,,,,,,,,,,,,,,,,,,,,,,,,,,,,,,,,,,,,,,,,,,,Vermont,Columbia,,,,3.345132743,-14.67,11.647624795,-57.01,-8.302492052,14.869299429,14.992757539,0.36,0.06,33.0,25.0
2026-06-15,Rolling 3-Month,2026-01-01,2026-03-31,,State,,,,,,,,,,,,,,,,migration,,,,,,,,,,,,,,,,,,,,,,,,,,,,,,,,,,,,,,,,,,,,,,,,,,,,,,,,,,,,,,,,,Vermont,Connecticut,,,,12.57715926,-32.39,161.830843028,-18.22,-149.253683768,30.022490856,174.408002288,1.36,0.24,21.0,3.0
2026-06-15,Rolling 3-Month,2026-01-01,2026-03-31,,State,,,,,,,,,,,,,,,,migration,,,,,,,,,,,,,,,,,,,,,,,,,,,,,,,,,,,,,,,,,,,,,,,,,,,,,,,,,,,,,,,,,Vermont,Delaware,,,,4.0,-33.33,2.362068966,-63.4,1.637931034,2.091419407,6.362068966,0.43,0.09,30.0,36.0
2026-06-15,Rolling 3-Month,2026-01-01,2026-03-31,,State,,,,,,,,,,,,,,,,migration,,,,,,,,,,,,,,,,,,,,,,,,,,,,,,,,,,,,,,,,,,,,,,,,,,,,,,,,,,,,,,,,,Vermont,Florida,,,,136.650522526,82.58,118.961984441,-23.78,17.688538084,98.929055177,255.612506967,14.82,0.17,1.0,4.0
2026-06-15,Rolling 3-Month,2026-01-01,2026-03-31,,State,,,,,,,,,,,,,,,,migration,,,,,,,,,,,,,,,,,,,,,,,,,,,,,,,,,,,,,,,,,,,,,,,,,,,,,,,,,,,,,,,,,Vermont,Georgia,,,,16.527369575,33.48,13.338480326,-57.34,3.188889249,22.072604999,29.865849901,1.79,0.09,16.0,22.0
2026-06-15,Rolling 3-Month,2026-01-01,2026-03-31,,State,,,,,,,,,,,,,,,,migration,,,,,,,,,,,,,,,,,,,,,,,,,,,,,,,,,,,,,,,,,,,,,,,,,,,,,,,,,,,,,,,,,Vermont,Hawaii,,,,4.0,,9.885262596,,-5.885262596,,13.885262596,0.43,0.04,31.0,26.0
2026-06-15,Rolling 3-Month,2026-01-01,2026-03-31,,State,,,,,,,,,,,,,,,,migration,,,,,,,,,,,,,,,,,,,,,,,,,,,,,,,,,,,,,,,,,,,,,,,,,,,,,,,,,,,,,,,,,Utah,Virginia,,,,53.754288762,-22.73,128.860079273,-1.17,-75.105790512,-14.294653135,182.614368035,1.11,0.28,17.0,11.0
2026-06-15,Rolling 3-Month,2026-01-01,2026-03-31,,State,,,,,,,,,,,,,,,,migration,,,,,,,,,,,,,,,,,,,,,,,,,,,,,,,,,,,,,,,,,,,,,,,,,,,,,,,,,,,,,,,,,Utah,Utah,,,,14137.361441017,-16.72,14137.361441017,-16.72,0.0,0.0,28274.722882035,,,,
2026-06-15,Rolling 3-Month,2026-01-01,2026-03-31,,State,,,,,,,,,,,,,,,,migration,,,,,,,,,,,,,,,,,,,,,,,,,,,,,,,,,,,,,,,,,,,,,,,,,,,,,,,,,,,,,,,,,Vermont,Illinois,,,,4.703296703,-80.41,31.300502169,-4.99,-26.597205465,-17.66785448,36.003798872,0.51,0.02,28.0,14.0
2026-06-15,Rolling 3-Month,2026-01-01,2026-03-31,,State,,,,,,,,,,,,,,,,migration,,,,,,,,,,,,,,,,,,,,,,,,,,,,,,,,,,,,,,,,,,,,,,,,,,,,,,,,,,,,,,,,,Utah,North Dakota,,,,1.0,-33.78,3.598290598,-10.04,-2.598290598,-0.1084946799,4.598290598,0.02,0.31,50.0,46.0
2026-06-15,Rolling 3-Month,2026-01-01,2026-03-31,,State,,,,,,,,,,,,,,,,migration,,,,,,,,,,,,,,,,,,,,,,,,,,,,,,,,,,,,,,,,,,,,,,,,,,,,,,,,,,,,,,,,,Utah,Nebraska,,,,9.232,-5.71,10.683673469,13.45,-1.451673469,-1.825541552,19.915673469,0.19,0.73,43.0,36.0
2026-06-15,Rolling 3-Month,2026-01-01,2026-03-31,,State,,,,,,,,,,,,,,,,migration,,,,,,,,,,,,,,,,,,,,,,,,,,,,,,,,,,,,,,,,,,,,,,,,,,,,,,,,,,,,,,,,,Utah,Nevada,,,,185.533845029,-26.74,305.289497148,7.52,-119.755652119,-89.057648346,490.823342177,3.82,0.95,9.0,6.0
2026-06-15,Rolling 3-Month,2026-01-01,2026-03-31,,State,,,,,,,,,,,,,,,,migration,,,,,,,,,,,,,,,,,,,,,,,,,,,,,,,,,,,,,,,,,,,,,,,,,,,,,,,,,,,,,,,,,Utah,New Hampshire,,,,7.357142857,-59.47,10.599970238,-45.08,-3.242827381,-2.094035564,17.957113095,0.15,0.13,44.0,38.0
2026-06-15,Rolling 3-Month,2026-01-01,2026-03-31,,State,,,,,,,,,,,,,,,,migration,,,,,,,,,,,,,,,,,,,,,,,,,,,,,,,,,,,,,,,,,,,,,,,,,,,,,,,,,,,,,,,,,Utah,New Jersey,,,,17.930058589,104.34,15.609408247,-12.01,2.320650342,11.286128638,33.539466836,0.37,0.12,35.0,32.0
2026-06-15,Rolling 3-Month,2026-01-01,2026-03-31,,State,,,,,,,,,,,,,,,,migration,,,,,,,,,,,,,,,,,,,,,,,,,,,,,,,,,,,,,,,,,,,,,,,,,,,,,,,,,,,,,,,,,Utah,New Mexico,,,,45.425442059,-9.32,32.034159865,61.66,13.391282194,-16.886136264,77.459601924,0.94,1.33,21.0,25.0
2026-06-15,Rolling 3-Month,2026-01-01,2026-03-31,,State,,,,,,,,,,,,,,,,migration,,,,,,,,,,,,,,,,,,,,,,,,,,,,,,,,,,,,,,,,,,,,,,,,,,,,,,,,,,,,,,,,,Utah,New York,,,,48.727748543,-53.96,81.127069647,12.4,-32.399321103,-66.064563005,129.85481819,1.0,0.34,20.0,12.0
2026-06-15,Rolling 3-Month,2026-01-01,2026-03-31,,State,,,,,,,,,,,,,,,,migration,,,,,,,,,,,,,,,,,,,,,,,,,,,,,,,,,,,,,,,,,,,,,,,,,,,,,,,,,,,,,,,,,Utah,North Carolina,,,,90.470170588,-37.99,77.311980287,89.74,13.158190301,-91.989168029,167.782150875,1.86,0.4,13.0,13.0
2026-06-15,Rolling 3-Month,2026-01-01,2026-03-31,,State,,,,,,,,,,,,,,,,migration,,,,,,,,,,,,,,,,,,,,,,,,,,,,,,,,,,,,,,,,,,,,,,,,,,,,,,,,,,,,,,,,,Utah,Ohio,,,,49.847625455,-25.03,54.928779108,31.19,-5.081153652,-29.704488881,104.776404563,1.03,0.56,19.0,15.0
2026-06-15,Rolling 3-Month,2026-01-01,2026-03-31,,State,,,,,,,,,,,,,,,,migration,,,,,,,,,,,,,,,,,,,,,,,,,,,,,,,,,,,,,,,,,,,,,,,,,,,,,,,,,,,,,,,,,Utah,Texas,,,,310.096433483,-32.32,322.245021429,13.14,-12.148587945,-185.48875412,632.341454912,6.38,0.72,6.0,4.0
2026-06-15,Rolling 3-Month,2026-01-01,2026-03-31,,State,,,,,,,,,,,,,,,,migration,,,,,,,,,,,,,,,,,,,,,,,,,,,,,,,,,,,,,,,,,,,,,,,,,,,,,,,,,,,,,,,,,Utah,Oklahoma,,,,32.130335695,-31.69,14.082354913,-29.5,18.047980782,-9.013548996,46.212690608,0.66,0.72,28.0,33.0
2026-06-15,Rolling 3-Month,2026-01-01,2026-03-31,,State,,,,,,,,,,,,,,,,migration,,,,,,,,,,,,,,,,,,,,,,,,,,,,,,,,,,,,,,,,,,,,,,,,,,,,,,,,,,,,,,,,,Utah,Oregon,,,,283.794417069,-20.46,172.031760101,7.46,111.762656968,-84.947705186,455.82617717,5.84,1.5,7.0,8.0
2026-06-15,Rolling 3-Month,2026-01-01,2026-03-31,,State,,,,,,,,,,,,,,,,migration,,,,,,,,,,,,,,,,,,,,,,,,,,,,,,,,,,,,,,,,,,,,,,,,,,,,,,,,,,,,,,,,,Utah,Pennsylvania,,,,44.71479183,-42.27,43.211727454,71.53,1.503064375,-50.753137305,87.926519284,0.92,0.27,22.0,20.0
2026-06-15,Rolling 3-Month,2026-01-01,2026-03-31,,State,,,,,,,,,,,,,,,,migration,,,,,,,,,,,,,,,,,,,,,,,,,,,,,,,,,,,,,,,,,,,,,,,,,,,,,,,,,,,,,,,,,Utah,Rhode Island,,,,2.057142857,-37.22,3.149659864,-53.32,-1.092517007,2.3778752,5.206802721,0.04,0.09,49.0,48.0
2026-06-15,Rolling 3-Month,2026-01-01,2026-03-31,,State,,,,,,,,,,,,,,,,migration,,,,,,,,,,,,,,,,,,,,,,,,,,,,,,,,,,,,,,,,,,,,,,,,,,,,,,,,,,,,,,,,,Utah,South Carolina,,,,51.24963634,-39.16,12.548974361,-42.24,38.70066198,-23.802307013,63.798610701,1.06,0.27,18.0,35.0
2026-06-15,Rolling 3-Month,2026-01-01,2026-03-31,,State,,,,,,,,,,,,,,,,migration,,,,,,,,,,,,,,,,,,,,,,,,,,,,,,,,,,,,,,,,,,,,,,,,,,,,,,,,,,,,,,,,,Utah,South Dakota,,,,2.767605634,-80.9,7.0,75.0,-4.232394366,-14.721764054,9.767605634,0.06,0.35,47.0,41.0
2026-06-15,Rolling 3-Month,2026-01-01,2026-03-31,,State,,,,,,,,,,,,,,,,migration,,,,,,,,,,,,,,,,,,,,,,,,,,,,,,,,,,,,,,,,,,,,,,,,,,,,,,,,,,,,,,,,,Utah,Tennessee,,,,97.049135769,-8.78,48.808172098,77.92,48.240963671,-30.713709828,145.857307867,2.0,0.5,11.0,17.0
2026-06-15,Rolling 3-Month,2026-01-01,2026-03-31,,State,,,,,,,,,,,,,,,,migration,,,,,,,,,,,,,,,,,,,,,,,,,,,,,,,,,,,,,,,,,,,,,,,,,,,,,,,,,,,,,,,,,Vermont,Idaho,,,,1.776086957,,1.0,,0.7760869565,,2.776086957,0.19,0.02,40.0,41.0
2026-06-15,Rolling 3-Month,2026-01-01,2026-03-31,,State,,,,,,,,,,,,,,,,migration,,,,,,,,,,,,,,,,,,,,,,,,,,,,,,,,,,,,,,,,,,,,,,,,,,,,,,,,,,,,,,,,,Vermont,Indiana,,,,5.0,,7.324613219,,-2.324613219,,12.324613219,0.54,0.06,26.0,30.0
2026-06-15,Rolling 3-Month,2026-01-01,2026-03-31,,State,,,,,,,,,,,,,,,,migration,,,,,,,,,,,,,,,,,,,,,,,,,,,,,,,,,,,,,,,,,,,,,,,,,,,,,,,,,,,,,,,,,Virginia,Colorado,,,,620.48056736,41.89,316.312189928,-9.96,304.168377432,218.167613169,936.792757288,2.16,3.92,13.0,14.0
2026-06-15,Rolling 3-Month,2026-01-01,2026-03-31,,State,,,,,,,,,,,,,,,,migration,,,,,,,,,,,,,,,,,,,,,,,,,,,,,,,,,,,,,,,,,,,,,,,,,,,,,,,,,,,,,,,,,Vermont,Virginia,,,,24.045504962,-1.37,60.51445518,-26.23,-36.468950218,21.179644459,84.559960142,2.61,0.12,11.0,8.0
2026-06-15,Rolling 3-Month,2026-01-01,2026-03-31,,State,,,,,,,,,,,,,,,,migration,,,,,,,,,,,,,,,,,,,,,,,,,,,,,,,,,,,,,,,,,,,,,,,,,,,,,,,,,,,,,,,,,Vermont,Rhode Island,,,,2.527368319,-62.48,30.754533157,14.96,-28.227164838,-8.210958637,33.281901476,0.27,0.11,36.0,15.0
2026-06-15,Rolling 3-Month,2026-01-01,2026-03-31,,State,,,,,,,,,,,,,,,,migration,,,,,,,,,,,,,,,,,,,,,,,,,,,,,,,,,,,,,,,,,,,,,,,,,,,,,,,,,,,,,,,,,Vermont,South Carolina,,,,37.008475816,42.17,14.14739229,60.01,22.861083526,5.672203486,51.155868107,4.01,0.2,9.0,20.0
2026-06-15,Rolling 3-Month,2026-01-01,2026-03-31,,State,,,,,,,,,,,,,,,,migration,,,,,,,,,,,,,,,,,,,,,,,,,,,,,,,,,,,,,,,,,,,,,,,,,,,,,,,,,,,,,,,,,Vermont,South Dakota,,,,2.0,100.0,0.0,,2.0,1.0,2.0,0.22,0.26,38.0,45.0
2026-06-15,Rolling 3-Month,2026-01-01,2026-03-31,,State,,,,,,,,,,,,,,,,migration,,,,,,,,,,,,,,,,,,,,,,,,,,,,,,,,,,,,,,,,,,,,,,,,,,,,,,,,,,,,,,,,,Vermont,Tennessee,,,,28.635998157,12.32,9.710699634,-32.57,18.925298523,7.831585127,38.346697791,3.11,0.15,10.0,27.0
2026-06-15,Rolling 3-Month,2026-01-01,2026-03-31,,State,,,,,,,,,,,,,,,,migration,,,,,,,,,,,,,,,,,,,,,,,,,,,,,,,,,,,,,,,,,,,,,,,,,,,,,,,,,,,,,,,,,Vermont,Texas,,,,21.654844611,30.65,44.457261195,-53.15,-22.802416583,55.516821278,66.112105806,2.35,0.05,13.0,10.0
2026-06-15,Rolling 3-Month,2026-01-01,2026-03-31,,State,,,,,,,,,,,,,,,,migration,,,,,,,,,,,,,,,,,,,,,,,,,,,,,,,,,,,,,,,,,,,,,,,,,,,,,,,,,,,,,,,,,Vermont,Utah,,,,2.0,0.0,12.348327744,-18.32,-10.348327744,2.769400171,14.348327744,0.22,0.04,39.0,24.0
2026-06-15,Rolling 3-Month,2026-01-01,2026-03-31,,State,,,,,,,,,,,,,,,,migration,,,,,,,,,,,,,,,,,,,,,,,,,,,,,,,,,,,,,,,,,,,,,,,,,,,,,,,,,,,,,,,,,Vermont,Vermont,,,,1028.067753078,-0.81,1028.067753078,-0.81,0.0,0.0,2056.135506155,,,,
2026-06-15,Rolling 3-Month,2026-01-01,2026-03-31,,State,,,,,,,,,,,,,,,,migration,,,,,,,,,,,,,,,,,,,,,,,,,,,,,,,,,,,,,,,,,,,,,,,,,,,,,,,,,,,,,,,,,Vermont,Washington,,,,18.012643455,-21.45,38.322395707,-47.9,-20.309752253,30.318252869,56.335039162,1.95,0.06,15.0,11.0
2026-06-15,Rolling 3-Month,2026-01-01,2026-03-31,,State,,,,,,,,,,,,,,,,migration,,,,,,,,,,,,,,,,,,,,,,,,,,,,,,,,,,,,,,,,,,,,,,,,,,,,,,,,,,,,,,,,,Vermont,Oregon,,,,13.194795004,1.14,13.163969645,-68.63,0.03082535847,28.951240632,26.358764649,1.43,0.07,20.0,23.0
2026-06-15,Rolling 3-Month,2026-01-01,2026-03-31,,State,,,,,,,,,,,,,,,,migration,,,,,,,,,,,,,,,,,,,,,,,,,,,,,,,,,,,,,,,,,,,,,,,,,,,,,,,,,,,,,,,,,Vermont,West Virginia,,,,1.0,,4.134831461,,-3.134831461,,5.134831461,0.11,0.04,44.0,32.0
2026-06-15,Rolling 3-Month,2026-01-01,2026-03-31,,State,,,,,,,,,,,,,,,,migration,,,,,,,,,,,,,,,,,,,,,,,,,,,,,,,,,,,,,,,,,,,,,,,,,,,,,,,,,,,,,,,,,Vermont,Wisconsin,,,,1.0,0.0,5.514855489,-32.59,-4.514855489,2.666303931,6.514855489,0.11,0.01,45.0,31.0
2026-06-15,Rolling 3-Month,2026-01-01,2026-03-31,,State,,,,,,,,,,,,,,,,migration,,,,,,,,,,,,,,,,,,,,,,,,,,,,,,,,,,,,,,,,,,,,,,,,,,,,,,,,,,,,,,,,,Virginia,Alabama,,,,338.739063743,26.4,91.559727857,2.79,247.179335886,68.251824183,430.298791599,1.18,5.07,21.0,25.0
2026-06-15,Rolling 3-Month,2026-01-01,2026-03-31,,State,,,,,,,,,,,,,,,,migration,,,,,,,,,,,,,,,,,,,,,,,,,,,,,,,,,,,,,,,,,,,,,,,,,,,,,,,,,,,,,,,,,Virginia,Alaska,,,,37.687504326,55.81,25.729786166,-21.07,11.95771816,20.370056111,63.417290491,0.13,4.24,47.0,39.0
2026-06-15,Rolling 3-Month,2026-01-01,2026-03-31,,State,,,,,,,,,,,,,,,,migration,,,,,,,,,,,,,,,,,,,,,,,,,,,,,,,,,,,,,,,,,,,,,,,,,,,,,,,,,,,,,,,,,Virginia,Arizona,,,,453.145122651,19.47,199.444776577,-34.52,253.700346075,178.968348218,652.589899228,1.58,1.33,17.0,19.0
2026-06-15,Rolling 3-Month,2026-01-01,2026-03-31,,State,,,,,,,,,,,,,,,,migration,,,,,,,,,,,,,,,,,,,,,,,,,,,,,,,,,,,,,,,,,,,,,,,,,,,,,,,,,,,,,,,,,Virginia,Arkansas,,,,65.516250507,-25.71,19.544643184,0.05,45.971607322,-22.686427031,85.060893691,0.23,1.56,39.0,44.0
2026-06-15,Rolling 3-Month,2026-01-01,2026-03-31,,State,,,,,,,,,,,,,,,,migration,,,,,,,,,,,,,,,,,,,,,,,,,,,,,,,,,,,,,,,,,,,,,,,,,,,,,,,,,,,,,,,,,Virginia,California,,,,2026.615529116,32.73,1630.939657732,-29.48,395.675871384,1181.416901513,3657.555186848,7.06,3.88,4.0,3.0
2026-06-15,Rolling 3-Month,2026-01-01,2026-03-31,,State,,,,,,,,,,,,,,,,migration,,,,,,,,,,,,,,,,,,,,,,,,,,,,,,,,,,,,,,,,,,,,,,,,,,,,,,,,,,,,,,,,,Vermont,Pennsylvania,,,,42.922905777,2.18,52.353200959,-31.7,-9.430295182,25.211734351,95.276106736,4.66,0.26,8.0,9.0
2026-06-15,Rolling 3-Month,2026-01-01,2026-03-31,,State,,,,,,,,,,,,,,,,migration,,,,,,,,,,,,,,,,,,,,,,,,,,,,,,,,,,,,,,,,,,,,,,,,,,,,,,,,,,,,,,,,,Vermont,Oklahoma,,,,2.0,-33.33,0.6173913043,-75.12,1.382608696,0.8637155659,2.617391304,0.22,0.04,37.0,43.0
2026-06-15,Rolling 3-Month,2026-01-01,2026-03-31,,State,,,,,,,,,,,,,,,,migration,,,,,,,,,,,,,,,,,,,,,,,,,,,,,,,,,,,,,,,,,,,,,,,,,,,,,,,,,,,,,,,,,Vermont,Iowa,,,,1.0,0.0,3.194135459,96.13,-2.194135459,-1.565564031,4.194135459,0.11,0.05,43.0,33.0
2026-06-15,Rolling 3-Month,2026-01-01,2026-03-31,,State,,,,,,,,,,,,,,,,migration,,,,,,,,,,,,,,,,,,,,,,,,,,,,,,,,,,,,,,,,,,,,,,,,,,,,,,,,,,,,,,,,,Vermont,Mississippi,,,,5.0,,0.0,,5.0,,5.0,0.54,0.16,27.0,46.0
2026-06-15,Rolling 3-Month,2026-01-01,2026-03-31,,State,,,,,,,,,,,,,,,,migration,,,,,,,,,,,,,,,,,,,,,,,,,,,,,,,,,,,,,,,,,,,,,,,,,,,,,,,,,,,,,,,,,Vermont,Kentucky,,,,7.212927757,62.17,7.326315789,4.66,-0.1133880328,2.438850773,14.539243546,0.78,0.16,23.0,29.0
2026-06-15,Rolling 3-Month,2026-01-01,2026-03-31,,State,,,,,,,,,,,,,,,,migration,,,,,,,,,,,,,,,,,,,,,,,,,,,,,,,,,,,,,,,,,,,,,,,,,,,,,,,,,,,,,,,,,Vermont,Louisiana,,,,5.175042445,72.5,2.222714786,-30.77,2.952327658,3.162853974,7.397757231,0.56,0.09,24.0,37.0
2026-06-15,Rolling 3-Month,2026-01-01,2026-03-31,,State,,,,,,,,,,,,,,,,migration,,,,,,,,,,,,,,,,,,,,,,,,,,,,,,,,,,,,,,,,,,,,,,,,,,,,,,,,,,,,,,,,,Vermont,Maine,,,,71.542301714,37.48,15.471342833,-34.06,56.070958881,27.495866749,87.013644547,7.76,1.28,4.0,19.0
2026-06-15,Rolling 3-Month,2026-01-01,2026-03-31,,State,,,,,,,,,,,,,,,,migration,,,,,,,,,,,,,,,,,,,,,,,,,,,,,,,,,,,,,,,,,,,,,,,,,,,,,,,,,,,,,,,,,Vermont,Maryland,,,,14.823005093,12.27,37.630572031,-45.95,-22.807566937,33.609358552,52.453577124,1.61,0.09,19.0,12.0
2026-06-15,Rolling 3-Month,2026-01-01,2026-03-31,,State,,,,,,,,,,,,,,,,migration,,,,,,,,,,,,,,,,,,,,,,,,,,,,,,,,,,,,,,,,,,,,,,,,,,,,,,,,,,,,,,,,,Vermont,Massachusetts,,,,83.637540988,2.64,639.823876427,-24.81,-556.186335439,213.234375071,723.461417415,9.07,0.85,2.0,1.0
2026-06-15,Rolling 3-Month,2026-01-01,2026-03-31,,State,,,,,,,,,,,,,,,,migration,,,,,,,,,,,,,,,,,,,,,,,,,,,,,,,,,,,,,,,,,,,,,,,,,,,,,,,,,,,,,,,,,Vermont,Michigan,,,,10.366638079,315.78,13.994209282,0.95,-3.627571203,7.742269103,24.360847361,1.12,0.11,22.0,21.0
2026-06-15,Rolling 3-Month,2026-01-01,2026-03-31,,State,,,,,,,,,,,,,,,,migration,,,,,,,,,,,,,,,,,,,,,,,,,,,,,,,,,,,,,,,,,,,,,,,,,,,,,,,,,,,,,,,,,Vermont,Minnesota,,,,3.0,-20.48,8.877823871,8.59,-5.877823871,-1.47464736,11.877823871,0.33,0.06,35.0,28.0
2026-06-15,Rolling 3-Month,2026-01-01,2026-03-31,,State,,,,,,,,,,,,,,,,migration,,,,,,,,,,,,,,,,,,,,,,,,,,,,,,,,,,,,,,,,,,,,,,,,,,,,,,,,,,,,,,,,,Vermont,Missouri,,,,3.543947206,-4.88,0.7063665856,-91.88,2.83758062,7.805665024,4.250313791,0.38,0.05,32.0,42.0
2026-06-15,Rolling 3-Month,2026-01-01,2026-03-31,,State,,,,,,,,,,,,,,,,migration,,,,,,,,,,,,,,,,,,,,,,,,,,,,,,,,,,,,,,,,,,,,,,,,,,,,,,,,,,,,,,,,,Vermont,Ohio,,,,15.0,114.29,17.572536549,-22.45,-2.572536549,13.087470177,32.572536549,1.63,0.17,18.0,18.0
2026-06-15,Rolling 3-Month,2026-01-01,2026-03-31,,State,,,,,,,,,,,,,,,,migration,,,,,,,,,,,,,,,,,,,,,,,,,,,,,,,,,,,,,,,,,,,,,,,,,,,,,,,,,,,,,,,,,Vermont,Montana,,,,3.0,,2.0,,1.0,,5.0,0.33,0.09,34.0,38.0
2026-06-15,Rolling 3-Month,2026-01-01,2026-03-31,,State,,,,,,,,,,,,,,,,migration,,,,,,,,,,,,,,,,,,,,,,,,,,,,,,,,,,,,,,,,,,,,,,,,,,,,,,,,,,,,,,,,,Vermont,Nevada,,,,4.0,,2.815668203,,1.184331797,,6.815668203,0.43,0.02,29.0,34.0
2026-06-15,Rolling 3-Month,2026-01-01,2026-03-31,,State,,,,,,,,,,,,,,,,migration,,,,,,,,,,,,,,,,,,,,,,,,,,,,,,,,,,,,,,,,,,,,,,,,,,,,,,,,,,,,,,,,,Vermont,New Hampshire,,,,60.458376772,-36.92,86.415962554,-8.12,-25.957585782,-27.751240036,146.874339327,6.56,1.08,5.0,6.0
2026-06-15,Rolling 3-Month,2026-01-01,2026-03-31,,State,,,,,,,,,,,,,,,,migration,,,,,,,,,,,,,,,,,,,,,,,,,,,,,,,,,,,,,,,,,,,,,,,,,,,,,,,,,,,,,,,,,Vermont,New Jersey,,,,18.384615385,216.36,85.679433665,-0.19,-67.29481828,12.737723464,104.064049049,1.99,0.12,14.0,7.0
2026-06-15,Rolling 3-Month,2026-01-01,2026-03-31,,State,,,,,,,,,,,,,,,,migration,,,,,,,,,,,,,,,,,,,,,,,,,,,,,,,,,,,,,,,,,,,,,,,,,,,,,,,,,,,,,,,,,Vermont,New Mexico,,,,5.0,85.83,2.81029341,-3.73,2.18970659,2.418341429,7.81029341,0.54,0.15,25.0,35.0
2026-06-15,Rolling 3-Month,2026-01-01,2026-03-31,,State,,,,,,,,,,,,,,,,migration,,,,,,,,,,,,,,,,,,,,,,,,,,,,,,,,,,,,,,,,,,,,,,,,,,,,,,,,,,,,,,,,,Vermont,New York,,,,80.426855039,65.28,241.782018643,-33.15,-161.355163604,151.669670602,322.208873682,8.72,0.55,3.0,2.0
2026-06-15,Rolling 3-Month,2026-01-01,2026-03-31,,State,,,,,,,,,,,,,,,,migration,,,,,,,,,,,,,,,,,,,,,,,,,,,,,,,,,,,,,,,,,,,,,,,,,,,,,,,,,,,,,,,,,Vermont,North Carolina,,,,51.691730154,-10.57,30.109439371,-22.66,21.582290783,2.707672103,81.801169525,5.61,0.23,7.0,16.0
2026-06-15,Rolling 3-Month,2026-01-01,2026-03-31,,State,,,,,,,,,,,,,,,,migration,,,,,,,,,,,,,,,,,,,,,,,,,,,,,,,,,,,,,,,,,,,,,,,,,,,,,,,,,,,,,,,,,Washington,Ohio,,,,436.586725654,-29.39,247.947059233,-1.98,188.639666421,-176.67569736,684.533784887,0.82,4.91,19.0,20.0
2026-06-15,Rolling 3-Month,2026-01-01,2026-03-31,,State,,,,,,,,,,,,,,,,migration,,,,,,,,,,,,,,,,,,,,,,,,,,,,,,,,,,,,,,,,,,,,,,,,,,,,,,,,,,,,,,,,,Washington,Oregon,,,,5351.975205702,-33.43,5829.837171701,-19.69,-477.861965999,-1258.405834095,11181.812377403,10.03,28.26,3.0,2.0
2026-06-15,Rolling 3-Month,2026-01-01,2026-03-31,,State,,,,,,,,,,,,,,,,migration,,,,,,,,,,,,,,,,,,,,,,,,,,,,,,,,,,,,,,,,,,,,,,,,,,,,,,,,,,,,,,,,,Utah,Missouri,,,,63.986204464,-14.43,18.63090343,-63.7,45.355301034,21.912915029,82.617107894,1.32,0.93,15.0,28.0
2026-06-15,Rolling 3-Month,2026-01-01,2026-03-31,,State,,,,,,,,,,,,,,,,migration,,,,,,,,,,,,,,,,,,,,,,,,,,,,,,,,,,,,,,,,,,,,,,,,,,,,,,,,,,,,,,,,,Washington,Pennsylvania,,,,413.907643555,-25.75,235.676812668,-12.55,178.230830888,-109.675565868,649.584456223,0.78,2.51,20.0,21.0
2026-06-15,Rolling 3-Month,2026-01-01,2026-03-31,,State,,,,,,,,,,,,,,,,migration,,,,,,,,,,,,,,,,,,,,,,,,,,,,,,,,,,,,,,,,,,,,,,,,,,,,,,,,,,,,,,,,,Wisconsin,South Carolina,,,,63.03444718,-26.29,22.73654891,0.87,40.29789827,-22.68018553,85.77099609,1.29,0.34,16.0,32.0
2026-06-15,Rolling 3-Month,2026-01-01,2026-03-31,,State,,,,,,,,,,,,,,,,migration,,,,,,,,,,,,,,,,,,,,,,,,,,,,,,,,,,,,,,,,,,,,,,,,,,,,,,,,,,,,,,,,,Wisconsin,South Dakota,,,,8.931164768,-34.93,12.545454545,37.64,-3.614289777,-8.225150097,21.476619314,0.18,1.14,41.0,37.0
2026-06-15,Rolling 3-Month,2026-01-01,2026-03-31,,State,,,,,,,,,,,,,,,,migration,,,,,,,,,,,,,,,,,,,,,,,,,,,,,,,,,,,,,,,,,,,,,,,,,,,,,,,,,,,,,,,,,Wisconsin,Tennessee,,,,152.496326825,17.41,82.268362365,-14.08,70.22796446,36.092110372,234.764689191,3.12,0.78,7.0,16.0
2026-06-15,Rolling 3-Month,2026-01-01,2026-03-31,,State,,,,,,,,,,,,,,,,migration,,,,,,,,,,,,,,,,,,,,,,,,,,,,,,,,,,,,,,,,,,,,,,,,,,,,,,,,,,,,,,,,,Wisconsin,Texas,,,,366.777271747,20.09,312.209656647,-10.08,54.567615101,96.337082962,678.986928394,7.5,0.85,3.0,5.0
2026-06-15,Rolling 3-Month,2026-01-01,2026-03-31,,State,,,,,,,,,,,,,,,,migration,,,,,,,,,,,,,,,,,,,,,,,,,,,,,,,,,,,,,,,,,,,,,,,,,,,,,,,,,,,,,,,,,Wisconsin,Utah,,,,28.607824594,-14.3,29.75052766,-6.31,-1.142703066,-2.767652532,58.358352254,0.58,0.53,29.0,24.0
2026-06-15,Rolling 3-Month,2026-01-01,2026-03-31,,State,,,,,,,,,,,,,,,,migration,,,,,,,,,,,,,,,,,,,,,,,,,,,,,,,,,,,,,,,,,,,,,,,,,,,,,,,,,,,,,,,,,Wisconsin,Vermont,,,,5.514855489,-32.59,1.0,0.0,4.514855489,-2.666303931,6.514855489,0.11,0.27,46.0,49.0
2026-06-15,Rolling 3-Month,2026-01-01,2026-03-31,,State,,,,,,,,,,,,,,,,migration,,,,,,,,,,,,,,,,,,,,,,,,,,,,,,,,,,,,,,,,,,,,,,,,,,,,,,,,,,,,,,,,,Wisconsin,Virginia,,,,45.560818818,-6.79,104.364021028,-14.14,-58.80320221,13.867022578,149.924839846,0.93,0.23,22.0,11.0
2026-06-15,Rolling 3-Month,2026-01-01,2026-03-31,,State,,,,,,,,,,,,,,,,migration,,,,,,,,,,,,,,,,,,,,,,,,,,,,,,,,,,,,,,,,,,,,,,,,,,,,,,,,,,,,,,,,,Wisconsin,Washington,,,,113.704918599,8.81,306.686599321,-19.66,-192.981680722,84.244390402,420.391517921,2.32,0.37,9.0,6.0
2026-06-15,Rolling 3-Month,2026-01-01,2026-03-31,,State,,,,,,,,,,,,,,,,migration,,,,,,,,,,,,,,,,,,,,,,,,,,,,,,,,,,,,,,,,,,,,,,,,,,,,,,,,,,,,,,,,,Wisconsin,West Virginia,,,,9.486584532,315.72,6.0,14.22,3.486584532,6.457601697,15.486584532,0.19,0.34,40.0,43.0
2026-06-15,Rolling 3-Month,2026-01-01,2026-03-31,,State,,,,,,,,,,,,,,,,migration,,,,,,,,,,,,,,,,,,,,,,,,,,,,,,,,,,,,,,,,,,,,,,,,,,,,,,,,,,,,,,,,,Wisconsin,Wisconsin,,,,16561.827960442,-10.32,16561.827960442,-10.32,0.0,0.0,33123.655920885,,,,
2026-06-15,Rolling 3-Month,2026-01-01,2026-03-31,,State,,,,,,,,,,,,,,,,migration,,,,,,,,,,,,,,,,,,,,,,,,,,,,,,,,,,,,,,,,,,,,,,,,,,,,,,,,,,,,,,,,,Wisconsin,Wyoming,,,,4.313432836,-52.51,1.0,-50.0,3.313432836,-3.770082356,5.313432836,0.09,0.46,48.0,50.0
2026-06-15,Rolling 3-Month,2026-01-01,2026-03-31,,State,,,,,,,,,,,,,,,,migration,,,,,,,,,,,,,,,,,,,,,,,,,,,,,,,,,,,,,,,,,,,,,,,,,,,,,,,,,,,,,,,,,Wyoming,Alabama,,,,3.0,0.0,0.0,-100.0,3.0,2.126293188,3.0,0.5,0.04,29.0,40.0
2026-06-15,Rolling 3-Month,2026-01-01,2026-03-31,,State,,,,,,,,,,,,,,,,migration,,,,,,,,,,,,,,,,,,,,,,,,,,,,,,,,,,,,,,,,,,,,,,,,,,,,,,,,,,,,,,,,,Wyoming,Alaska,,,,0.5818181818,-88.36,3.769230769,145.75,-3.187412587,-6.653663728,4.351048951,0.1,0.07,44.0,26.0
2026-06-15,Rolling 3-Month,2026-01-01,2026-03-31,,State,,,,,,,,,,,,,,,,migration,,,,,,,,,,,,,,,,,,,,,,,,,,,,,,,,,,,,,,,,,,,,,,,,,,,,,,,,,,,,,,,,,Wyoming,Arizona,,,,86.424252874,7.37,27.393120666,-21.19,59.031132208,13.299406516,113.817373539,14.46,0.25,2.0,6.0
2026-06-15,Rolling 3-Month,2026-01-01,2026-03-31,,State,,,,,,,,,,,,,,,,migration,,,,,,,,,,,,,,,,,,,,,,,,,,,,,,,,,,,,,,,,,,,,,,,,,,,,,,,,,,,,,,,,,Wyoming,Arkansas,,,,6.794146936,19.01,3.0,200.0,3.794146936,-0.9147138235,9.794146936,1.14,0.16,19.0,30.0
2026-06-15,Rolling 3-Month,2026-01-01,2026-03-31,,State,,,,,,,,,,,,,,,,migration,,,,,,,,,,,,,,,,,,,,,,,,,,,,,,,,,,,,,,,,,,,,,,,,,,,,,,,,,,,,,,,,,Wyoming,California,,,,50.657929223,20.21,169.569325129,4.6,-118.911395906,1.057170779,220.227254352,8.48,0.1,4.0,3.0
2026-06-15,Rolling 3-Month,2026-01-01,2026-03-31,,State,,,,,,,,,,,,,,,,migration,,,,,,,,,,,,,,,,,,,,,,,,,,,,,,,,,,,,,,,,,,,,,,,,,,,,,,,,,,,,,,,,,Wyoming,Colorado,,,,119.730788637,48.04,189.669878615,-19.71,-69.939089978,85.413728734,309.400667252,20.04,0.76,1.0,2.0
2026-06-15,Rolling 3-Month,2026-01-01,2026-03-31,,State,,,,,,,,,,,,,,,,migration,,,,,,,,,,,,,,,,,,,,,,,,,,,,,,,,,,,,,,,,,,,,,,,,,,,,,,,,,,,,,,,,,Wisconsin,Rhode Island,,,,2.275862069,-24.14,1.319444444,,0.9564176245,-2.043582375,3.595306513,0.05,0.1,50.0,47.0
2026-06-15,Rolling 3-Month,2026-01-01,2026-03-31,,State,,,,,,,,,,,,,,,,migration,,,,,,,,,,,,,,,,,,,,,,,,,,,,,,,,,,,,,,,,,,,,,,,,,,,,,,,,,,,,,,,,,Wisconsin,Pennsylvania,,,,45.985357782,35.46,34.768460755,-34.19,11.216897027,30.099006575,80.753818538,0.94,0.28,20.0,22.0
2026-06-15,Rolling 3-Month,2026-01-01,2026-03-31,,State,,,,,,,,,,,,,,,,migration,,,,,,,,,,,,,,,,,,,,,,,,,,,,,,,,,,,,,,,,,,,,,,,,,,,,,,,,,,,,,,,,,Wisconsin,Oregon,,,,78.988254501,23.9,100.458055362,3.73,-21.469800862,11.626150618,179.446309863,1.61,0.42,14.0,12.0
2026-06-15,Rolling 3-Month,2026-01-01,2026-03-31,,State,,,,,,,,,,,,,,,,migration,,,,,,,,,,,,,,,,,,,,,,,,,,,,,,,,,,,,,,,,,,,,,,,,,,,,,,,,,,,,,,,,,Wisconsin,Nebraska,,,,14.0,75.0,17.0,21.04,-3.0,3.044709389,31.0,0.29,1.11,36.0,34.0
2026-06-15,Rolling 3-Month,2026-01-01,2026-03-31,,State,,,,,,,,,,,,,,,,migration,,,,,,,,,,,,,,,,,,,,,,,,,,,,,,,,,,,,,,,,,,,,,,,,,,,,,,,,,,,,,,,,,Wisconsin,Maryland,,,,22.443964355,-0.31,34.967296171,-40.73,-12.523331816,23.955115116,57.411260526,0.46,0.13,31.0,21.0
2026-06-15,Rolling 3-Month,2026-01-01,2026-03-31,,State,,,,,,,,,,,,,,,,migration,,,,,,,,,,,,,,,,,,,,,,,,,,,,,,,,,,,,,,,,,,,,,,,,,,,,,,,,,,,,,,,,,Wisconsin,Massachusetts,,,,30.945017619,47.23,32.428984974,-30.94,-1.483967355,24.459032984,63.374002593,0.63,0.31,28.0,23.0
2026-06-15,Rolling 3-Month,2026-01-01,2026-03-31,,State,,,,,,,,,,,,,,,,migration,,,,,,,,,,,,,,,,,,,,,,,,,,,,,,,,,,,,,,,,,,,,,,,,,,,,,,,,,,,,,,,,,Wisconsin,Michigan,,,,95.103768225,-24.91,130.266956906,35.2,-35.163188681,-65.467133582,225.370725131,1.94,1.01,11.0,10.0
2026-06-15,Rolling 3-Month,2026-01-01,2026-03-31,,State,,,,,,,,,,,,,,,,migration,,,,,,,,,,,,,,,,,,,,,,,,,,,,,,,,,,,,,,,,,,,,,,,,,,,,,,,,,,,,,,,,,Wisconsin,Minnesota,,,,272.062700292,-18.0,833.594735766,-23.14,-561.532035474,191.296104196,1105.657436058,5.56,5.76,6.0,2.0
2026-06-15,Rolling 3-Month,2026-01-01,2026-03-31,,State,,,,,,,,,,,,,,,,migration,,,,,,,,,,,,,,,,,,,,,,,,,,,,,,,,,,,,,,,,,,,,,,,,,,,,,,,,,,,,,,,,,Wisconsin,Mississippi,,,,31.354684082,-2.85,12.202020202,74.31,19.15266388,-6.12031976,43.556704284,0.64,1.03,27.0,38.0
2026-06-15,Rolling 3-Month,2026-01-01,2026-03-31,,State,,,,,,,,,,,,,,,,migration,,,,,,,,,,,,,,,,,,,,,,,,,,,,,,,,,,,,,,,,,,,,,,,,,,,,,,,,,,,,,,,,,Wisconsin,Missouri,,,,65.865643223,49.63,72.482946656,-27.89,-6.617303433,49.880009941,138.34858988,1.35,0.96,15.0,18.0
2026-06-15,Rolling 3-Month,2026-01-01,2026-03-31,,State,,,,,,,,,,,,,,,,migration,,,,,,,,,,,,,,,,,,,,,,,,,,,,,,,,,,,,,,,,,,,,,,,,,,,,,,,,,,,,,,,,,Wisconsin,Montana,,,,23.023434483,40.39,8.631075461,-21.48,14.392359022,8.985244582,31.654509944,0.47,0.72,30.0,41.0
2026-06-15,Rolling 3-Month,2026-01-01,2026-03-31,,State,,,,,,,,,,,,,,,,migration,,,,,,,,,,,,,,,,,,,,,,,,,,,,,,,,,,,,,,,,,,,,,,,,,,,,,,,,,,,,,,,,,Wisconsin,Nevada,,,,79.152386006,1.82,54.445355786,-24.11,24.70703022,18.711796499,133.597741792,1.62,0.4,13.0,20.0
2026-06-15,Rolling 3-Month,2026-01-01,2026-03-31,,State,,,,,,,,,,,,,,,,migration,,,,,,,,,,,,,,,,,,,,,,,,,,,,,,,,,,,,,,,,,,,,,,,,,,,,,,,,,,,,,,,,,Wisconsin,Oklahoma,,,,19.868809628,2.02,27.510638298,62.7,-7.64182867,-10.209320035,47.379447926,0.41,0.44,33.0,25.0
2026-06-15,Rolling 3-Month,2026-01-01,2026-03-31,,State,,,,,,,,,,,,,,,,migration,,,,,,,,,,,,,,,,,,,,,,,,,,,,,,,,,,,,,,,,,,,,,,,,,,,,,,,,,,,,,,,,,Wisconsin,New Hampshire,,,,7.590328819,-7.69,2.0,-21.99,5.590328819,-0.06912192903,9.590328819,0.16,0.14,43.0,45.0
2026-06-15,Rolling 3-Month,2026-01-01,2026-03-31,,State,,,,,,,,,,,,,,,,migration,,,,,,,,,,,,,,,,,,,,,,,,,,,,,,,,,,,,,,,,,,,,,,,,,,,,,,,,,,,,,,,,,Wisconsin,New Jersey,,,,12.412991597,-56.71,10.330273697,-48.75,2.0827179,-6.434864544,22.743265294,0.25,0.08,37.0,40.0
2026-06-15,Rolling 3-Month,2026-01-01,2026-03-31,,State,,,,,,,,,,,,,,,,migration,,,,,,,,,,,,,,,,,,,,,,,,,,,,,,,,,,,,,,,,,,,,,,,,,,,,,,,,,,,,,,,,,Wisconsin,New Mexico,,,,11.495322642,6.49,6.305790322,-13.04,5.18953232,1.646239231,17.801112964,0.23,0.34,38.0,42.0
2026-06-15,Rolling 3-Month,2026-01-01,2026-03-31,,State,,,,,,,,,,,,,,,,migration,,,,,,,,,,,,,,,,,,,,,,,,,,,,,,,,,,,,,,,,,,,,,,,,,,,,,,,,,,,,,,,,,Wisconsin,New York,,,,32.817086752,-2.98,98.070094341,-13.43,-65.253007589,14.203248911,130.887181093,0.67,0.23,26.0,13.0
2026-06-15,Rolling 3-Month,2026-01-01,2026-03-31,,State,,,,,,,,,,,,,,,,migration,,,,,,,,,,,,,,,,,,,,,,,,,,,,,,,,,,,,,,,,,,,,,,,,,,,,,,,,,,,,,,,,,Wisconsin,North Carolina,,,,97.591334613,0.85,94.043342574,-3.15,3.547992039,3.875372727,191.634677188,1.99,0.43,10.0,14.0
2026-06-15,Rolling 3-Month,2026-01-01,2026-03-31,,State,,,,,,,,,,,,,,,,migration,,,,,,,,,,,,,,,,,,,,,,,,,,,,,,,,,,,,,,,,,,,,,,,,,,,,,,,,,,,,,,,,,Wisconsin,North Dakota,,,,5.434911243,81.16,18.900954654,101.29,-13.466043411,-7.076212903,24.335865897,0.11,1.66,47.0,33.0
2026-06-15,Rolling 3-Month,2026-01-01,2026-03-31,,State,,,,,,,,,,,,,,,,migration,,,,,,,,,,,,,,,,,,,,,,,,,,,,,,,,,,,,,,,,,,,,,,,,,,,,,,,,,,,,,,,,,Wisconsin,Ohio,,,,49.176617716,-5.81,84.959383178,-6.41,-35.782765462,2.789620416,134.136000893,1.01,0.55,18.0,15.0
2026-06-15,Rolling 3-Month,2026-01-01,2026-03-31,,State,,,,,,,,,,,,,,,,migration,,,,,,,,,,,,,,,,,,,,,,,,,,,,,,,,,,,,,,,,,,,,,,,,,,,,,,,,,,,,,,,,,Wyoming,Columbia,,,,2.0,50.0,0.0,-100.0,2.0,2.666666667,2.0,0.33,0.04,32.0,42.0
2026-06-15,Rolling 3-Month,2026-01-01,2026-03-31,,State,,,,,,,,,,,,,,,,migration,,,,,,,,,,,,,,,,,,,,,,,,,,,,,,,,,,,,,,,,,,,,,,,,,,,,,,,,,,,,,,,,,Wyoming,Connecticut,,,,4.0,300.0,3.246195652,224.62,0.7538043478,0.7538043478,7.246195652,0.67,0.08,26.0,28.0
2026-06-15,Rolling 3-Month,2026-01-01,2026-03-31,,State,,,,,,,,,,,,,,,,migration,,,,,,,,,,,,,,,,,,,,,,,,,,,,,,,,,,,,,,,,,,,,,,,,,,,,,,,,,,,,,,,,,Wyoming,Delaware,,,,1.135483871,,0.0,,1.135483871,,1.135483871,0.19,0.03,36.0,41.0
2026-06-15,Rolling 3-Month,2026-01-01,2026-03-31,,State,,,,,,,,,,,,,,,,migration,,,,,,,,,,,,,,,,,,,,,,,,,,,,,,,,,,,,,,,,,,,,,,,,,,,,,,,,,,,,,,,,,Wyoming,South Carolina,,,,2.649275362,32.46,1.301204819,30.12,1.348070543,0.348070543,3.950480182,0.44,0.01,31.0,36.0
2026-06-15,Rolling 3-Month,2026-01-01,2026-03-31,,State,,,,,,,,,,,,,,,,migration,,,,,,,,,,,,,,,,,,,,,,,,,,,,,,,,,,,,,,,,,,,,,,,,,,,,,,,,,,,,,,,,,Wyoming,North Carolina,,,,3.658064516,-8.55,6.792857143,14.05,-3.134792627,-1.178513644,10.450921659,0.61,0.02,27.0,20.0
2026-06-15,Rolling 3-Month,2026-01-01,2026-03-31,,State,,,,,,,,,,,,,,,,migration,,,,,,,,,,,,,,,,,,,,,,,,,,,,,,,,,,,,,,,,,,,,,,,,,,,,,,,,,,,,,,,,,Wyoming,North Dakota,,,,1.0,0.0,0.0,-100.0,1.0,3.0,1.0,0.17,0.31,38.0,43.0
2026-06-15,Rolling 3-Month,2026-01-01,2026-03-31,,State,,,,,,,,,,,,,,,,migration,,,,,,,,,,,,,,,,,,,,,,,,,,,,,,,,,,,,,,,,,,,,,,,,,,,,,,,,,,,,,,,,,Wyoming,Ohio,,,,2.0,-60.0,10.582975498,39.73,-8.582975498,-6.009109981,12.582975498,0.33,0.02,33.0,14.0
2026-06-15,Rolling 3-Month,2026-01-01,2026-03-31,,State,,,,,,,,,,,,,,,,migration,,,,,,,,,,,,,,,,,,,,,,,,,,,,,,,,,,,,,,,,,,,,,,,,,,,,,,,,,,,,,,,,,Wyoming,Oklahoma,,,,7.0,133.33,3.0,-25.0,4.0,5.0,10.0,1.17,0.16,18.0,32.0
2026-06-15,Rolling 3-Month,2026-01-01,2026-03-31,,State,,,,,,,,,,,,,,,,migration,,,,,,,,,,,,,,,,,,,,,,,,,,,,,,,,,,,,,,,,,,,,,,,,,,,,,,,,,,,,,,,,,Wyoming,Oregon,,,,9.238445098,-42.05,33.194770304,-23.23,-23.956325206,3.339893283,42.433215401,1.55,0.05,13.0,5.0
2026-06-15,Rolling 3-Month,2026-01-01,2026-03-31,,State,,,,,,,,,,,,,,,,migration,,,,,,,,,,,,,,,,,,,,,,,,,,,,,,,,,,,,,,,,,,,,,,,,,,,,,,,,,,,,,,,,,Wyoming,Pennsylvania,,,,0.4941176471,-78.04,9.635352273,65.14,-9.141234626,-5.556659319,10.12946992,0.08,0.0,45.0,16.0
2026-06-15,Rolling 3-Month,2026-01-01,2026-03-31,,State,,,,,,,,,,,,,,,,migration,,,,,,,,,,,,,,,,,,,,,,,,,,,,,,,,,,,,,,,,,,,,,,,,,,,,,,,,,,,,,,,,,Wyoming,Rhode Island,,,,1.0,0.0,1.0,,0.0,-1.0,2.0,0.17,0.04,39.0,37.0
2026-06-15,Rolling 3-Month,2026-01-01,2026-03-31,,State,,,,,,,,,,,,,,,,migration,,,,,,,,,,,,,,,,,,,,,,,,,,,,,,,,,,,,,,,,,,,,,,,,,,,,,,,,,,,,,,,,,Wyoming,South Dakota,,,,10.474473064,-3.29,1.0,0.0,9.474473064,-0.3562597964,11.474473064,1.75,1.34,12.0,38.0
2026-06-15,Rolling 3-Month,2026-01-01,2026-03-31,,State,,,,,,,,,,,,,,,,migration,,,,,,,,,,,,,,,,,,,,,,,,,,,,,,,,,,,,,,,,,,,,,,,,,,,,,,,,,,,,,,,,,Wyoming,New Mexico,,,,8.0,48.2,3.0,200.0,5.0,0.6018518519,11.0,1.34,0.23,14.0,31.0
2026-06-15,Rolling 3-Month,2026-01-01,2026-03-31,,State,,,,,,,,,,,,,,,,migration,,,,,,,,,,,,,,,,,,,,,,,,,,,,,,,,,,,,,,,,,,,,,,,,,,,,,,,,,,,,,,,,,Wyoming,Tennessee,,,,15.334193682,321.95,2.882273933,42.47,12.451919749,10.840887454,18.216467614,2.57,0.08,9.0,34.0
2026-06-15,Rolling 3-Month,2026-01-01,2026-03-31,,State,,,,,,,,,,,,,,,,migration,,,,,,,,,,,,,,,,,,,,,,,,,,,,,,,,,,,,,,,,,,,,,,,,,,,,,,,,,,,,,,,,,Wyoming,Texas,,,,59.429291777,24.28,41.825731395,11.93,17.603560383,7.152811068,101.255023172,9.95,0.14,3.0,4.0
2026-06-15,Rolling 3-Month,2026-01-01,2026-03-31,,State,,,,,,,,,,,,,,,,migration,,,,,,,,,,,,,,,,,,,,,,,,,,,,,,,,,,,,,,,,,,,,,,,,,,,,,,,,,,,,,,,,,Wyoming,Utah,,,,34.839940852,65.41,26.541225723,-17.14,8.298715129,19.266682555,61.381166575,5.83,0.64,5.0,8.0
2026-06-15,Rolling 3-Month,2026-01-01,2026-03-31,,State,,,,,,,,,,,,,,,,migration,,,,,,,,,,,,,,,,,,,,,,,,,,,,,,,,,,,,,,,,,,,,,,,,,,,,,,,,,,,,,,,,,Wyoming,Virginia,,,,4.625283447,-20.74,15.455098246,92.74,-10.829814799,-8.646972952,20.080381692,0.77,0.02,24.0,11.0
2026-06-15,Rolling 3-Month,2026-01-01,2026-03-31,,State,,,,,,,,,,,,,,,,migration,,,,,,,,,,,,,,,,,,,,,,,,,,,,,,,,,,,,,,,,,,,,,,,,,,,,,,,,,,,,,,,,,Wyoming,Washington,,,,34.624269348,15.78,220.922574056,111.33,-186.298304709,-111.663064816,255.546843404,5.79,0.11,6.0,1.0
2026-06-15,Rolling 3-Month,2026-01-01,2026-03-31,,State,,,,,,,,,,,,,,,,migration,,,,,,,,,,,,,,,,,,,,,,,,,,,,,,,,,,,,,,,,,,,,,,,,,,,,,,,,,,,,,,,,,Wyoming,West Virginia,,,,2.0,100.0,0.0,-100.0,2.0,2.0,2.0,0.33,0.07,34.0,46.0
2026-06-15,Rolling 3-Month,2026-01-01,2026-03-31,,State,,,,,,,,,,,,,,,,migration,,,,,,,,,,,,,,,,,,,,,,,,,,,,,,,,,,,,,,,,,,,,,,,,,,,,,,,,,,,,,,,,,Wyoming,Wisconsin,,,,1.0,-50.0,4.313432836,-52.51,-3.313432836,3.770082356,5.313432836,0.17,0.01,43.0,22.0
2026-06-15,Rolling 3-Month,2026-01-01,2026-03-31,,State,,,,,,,,,,,,,,,,migration,,,,,,,,,,,,,,,,,,,,,,,,,,,,,,,,,,,,,,,,,,,,,,,,,,,,,,,,,,,,,,,,,Wyoming,New York,,,,7.0,35.97,8.892882697,-6.89,-1.892882697,2.510170944,15.892882697,1.17,0.05,17.0,17.0
2026-06-15,Rolling 3-Month,2026-01-01,2026-03-31,,State,,,,,,,,,,,,,,,,migration,,,,,,,,,,,,,,,,,,,,,,,,,,,,,,,,,,,,,,,,,,,,,,,,,,,,,,,,,,,,,,,,,Wyoming,Nevada,,,,5.0,-43.46,15.771681048,30.5,-10.771681048,-7.528700816,20.771681048,0.84,0.03,21.0,10.0
2026-06-15,Rolling 3-Month,2026-01-01,2026-03-31,,State,,,,,,,,,,,,,,,,migration,,,,,,,,,,,,,,,,,,,,,,,,,,,,,,,,,,,,,,,,,,,,,,,,,,,,,,,,,,,,,,,,,Wyoming,Florida,,,,24.173913043,47.25,20.871885786,23.09,3.302027257,3.841526571,45.04579883,4.05,0.03,7.0,9.0
2026-06-15,Rolling 3-Month,2026-01-01,2026-03-31,,State,,,,,,,,,,,,,,,,migration,,,,,,,,,,,,,,,,,,,,,,,,,,,,,,,,,,,,,,,,,,,,,,,,,,,,,,,,,,,,,,,,,Wyoming,Kentucky,,,,4.280794914,,4.0,,0.2807949141,,8.280794914,0.72,0.1,25.0,24.0
2026-06-15,Rolling 3-Month,2026-01-01,2026-03-31,,State,,,,,,,,,,,,,,,,migration,,,,,,,,,,,,,,,,,,,,,,,,,,,,,,,,,,,,,,,,,,,,,,,,,,,,,,,,,,,,,,,,,Wyoming,Georgia,,,,0.2064516129,-93.38,3.91858806,-23.25,-3.712136447,-1.72610351,4.125039673,0.03,0.0,46.0,25.0
2026-06-15,Rolling 3-Month,2026-01-01,2026-03-31,,State,,,,,,,,,,,,,,,,migration,,,,,,,,,,,,,,,,,,,,,,,,,,,,,,,,,,,,,,,,,,,,,,,,,,,,,,,,,,,,,,,,,Wyoming,Hawaii,,,,8.0,100.0,12.153474545,394.82,-4.153474545,-5.697334194,20.153474545,1.34,0.08,15.0,12.0
2026-06-15,Rolling 3-Month,2026-01-01,2026-03-31,,State,,,,,,,,,,,,,,,,migration,,,,,,,,,,,,,,,,,,,,,,,,,,,,,,,,,,,,,,,,,,,,,,,,,,,,,,,,,,,,,,,,,Wyoming,Idaho,,,,18.375730652,25.02,10.080352844,79.92,8.295377808,-0.8007042694,28.456083497,3.08,0.17,8.0,15.0
2026-06-15,Rolling 3-Month,2026-01-01,2026-03-31,,State,,,,,,,,,,,,,,,,migration,,,,,,,,,,,,,,,,,,,,,,,,,,,,,,,,,,,,,,,,,,,,,,,,,,,,,,,,,,,,,,,,,Wyoming,Illinois,,,,7.505882353,-53.09,26.779363878,-9.44,-19.273481525,-5.702939327,34.285246231,1.26,0.04,16.0,7.0
2026-06-15,Rolling 3-Month,2026-01-01,2026-03-31,,State,,,,,,,,,,,,,,,,migration,,,,,,,,,,,,,,,,,,,,,,,,,,,,,,,,,,,,,,,,,,,,,,,,,,,,,,,,,,,,,,,,,Wyoming,Indiana,,,,5.0,-16.67,3.0,200.0,2.0,-3.0,8.0,0.84,0.06,22.0,33.0
2026-06-15,Rolling 3-Month,2026-01-01,2026-03-31,,State,,,,,,,,,,,,,,,,migration,,,,,,,,,,,,,,,,,,,,,,,,,,,,,,,,,,,,,,,,,,,,,,,,,,,,,,,,,,,,,,,,,Wyoming,Iowa,,,,1.0,-50.0,1.0,1862.96,0.0,-1.949056604,2.0,0.17,0.05,40.0,39.0
2026-06-15,Rolling 3-Month,2026-01-01,2026-03-31,,State,,,,,,,,,,,,,,,,migration,,,,,,,,,,,,,,,,,,,,,,,,,,,,,,,,,,,,,,,,,,,,,,,,,,,,,,,,,,,,,,,,,Wyoming,Kansas,,,,1.063938619,6.39,0.0,-100.0,1.063938619,2.000409207,1.063938619,0.18,0.04,37.0,44.0
2026-06-15,Rolling 3-Month,2026-01-01,2026-03-31,,State,,,,,,,,,,,,,,,,migration,,,,,,,,,,,,,,,,,,,,,,,,,,,,,,,,,,,,,,,,,,,,,,,,,,,,,,,,,,,,,,,,,Wyoming,Louisiana,,,,5.683673469,121.57,3.035460993,51.77,2.648212476,2.082995085,8.719134462,0.95,0.1,20.0,29.0
2026-06-15,Rolling 3-Month,2026-01-01,2026-03-31,,State,,,,,,,,,,,,,,,,migration,,,,,,,,,,,,,,,,,,,,,,,,,,,,,,,,,,,,,,,,,,,,,,,,,,,,,,,,,,,,,,,,,Wyoming,Nebraska,,,,3.063768116,-68.55,4.0,-74.06,-0.9362318841,4.739322363,7.063768116,0.51,0.24,28.0,23.0
2026-06-15,Rolling 3-Month,2026-01-01,2026-03-31,,State,,,,,,,,,,,,,,,,migration,,,,,,,,,,,,,,,,,,,,,,,,,,,,,,,,,,,,,,,,,,,,,,,,,,,,,,,,,,,,,,,,,Wyoming,Maine,,,,1.0,-80.92,0.0,,1.0,-4.240389881,1.0,0.17,0.02,41.0,45.0
2026-06-15,Rolling 3-Month,2026-01-01,2026-03-31,,State,,,,,,,,,,,,,,,,migration,,,,,,,,,,,,,,,,,,,,,,,,,,,,,,,,,,,,,,,,,,,,,,,,,,,,,,,,,,,,,,,,,Wyoming,Maryland,,,,5.0,150.0,7.032888739,20.72,-2.032888739,1.792974357,12.032888739,0.84,0.03,23.0,19.0
2026-06-15,Rolling 3-Month,2026-01-01,2026-03-31,,State,,,,,,,,,,,,,,,,migration,,,,,,,,,,,,,,,,,,,,,,,,,,,,,,,,,,,,,,,,,,,,,,,,,,,,,,,,,,,,,,,,,Wyoming,Massachusetts,,,,1.0,-75.0,5.145976025,-22.39,-4.145976025,-1.515220841,6.145976025,0.17,0.01,42.0,21.0
2026-06-15,Rolling 3-Month,2026-01-01,2026-03-31,,State,,,,,,,,,,,,,,,,migration,,,,,,,,,,,,,,,,,,,,,,,,,,,,,,,,,,,,,,,,,,,,,,,,,,,,,,,,,,,,,,,,,Wyoming,Michigan,,,,3.0,-74.62,12.032307656,745.67,-9.032307656,-19.431719358,15.032307656,0.5,0.03,30.0,13.0
2026-06-15,Rolling 3-Month,2026-01-01,2026-03-31,,State,,,,,,,,,,,,,,,,migration,,,,,,,,,,,,,,,,,,,,,,,,,,,,,,,,,,,,,,,,,,,,,,,,,,,,,,,,,,,,,,,,,Wyoming,Mississippi,,,,2.0,233.33,1.635377042,63.54,0.3646229582,0.7646229582,3.635377042,0.33,0.07,35.0,35.0
2026-06-15,Rolling 3-Month,2026-01-01,2026-03-31,,State,,,,,,,,,,,,,,,,migration,,,,,,,,,,,,,,,,,,,,,,,,,,,,,,,,,,,,,,,,,,,,,,,,,,,,,,,,,,,,,,,,,Wyoming,Missouri,,,,12.365413467,109.46,3.647058824,20.61,8.718354643,5.838658762,16.012472291,2.07,0.18,10.0,27.0
2026-06-15,Rolling 3-Month,2026-01-01,2026-03-31,,State,,,,,,,,,,,,,,,,migration,,,,,,,,,,,,,,,,,,,,,,,,,,,,,,,,,,,,,,,,,,,,,,,,,,,,,,,,,,,,,,,,,Wyoming,Montana,,,,11.107598978,-4.71,7.070121951,-22.96,4.037477027,1.558680508,18.17772093,1.86,0.35,11.0,18.0
2026-06-15,Rolling 3-Month,2026-01-01,2026-03-31,,State,,,,,,,,,,,,,,,,migration,,,,,,,,,,,,,,,,,,,,,,,,,,,,,,,,,,,,,,,,,,,,,,,,,,,,,,,,,,,,,,,,,Wisconsin,Maine,,,,17.930904443,-8.37,1.991761423,-83.4,15.93914302,8.369795748,19.922665866,0.37,0.32,34.0,46.0
2026-06-15,Rolling 3-Month,2026-01-01,2026-03-31,,State,,,,,,,,,,,,,,,,migration,,,,,,,,,,,,,,,,,,,,,,,,,,,,,,,,,,,,,,,,,,,,,,,,,,,,,,,,,,,,,,,,,Wisconsin,Louisiana,,,,45.797416443,90.93,25.980331263,38.2,19.81708518,14.62991534,71.777747706,0.94,0.77,21.0,28.0
2026-06-15,Rolling 3-Month,2026-01-01,2026-03-31,,State,,,,,,,,,,,,,,,,migration,,,,,,,,,,,,,,,,,,,,,,,,,,,,,,,,,,,,,,,,,,,,,,,,,,,,,,,,,,,,,,,,,Wisconsin,Kentucky,,,,21.515366496,-60.0,26.509433962,18.32,-4.994067466,-36.378492249,48.024800459,0.44,0.48,32.0,26.0
2026-06-15,Rolling 3-Month,2026-01-01,2026-03-31,,State,,,,,,,,,,,,,,,,migration,,,,,,,,,,,,,,,,,,,,,,,,,,,,,,,,,,,,,,,,,,,,,,,,,,,,,,,,,,,,,,,,,West Virginia,Iowa,,,,3.0,50.0,1.0,,2.0,0.0,4.0,0.23,0.15,38.0,42.0
2026-06-15,Rolling 3-Month,2026-01-01,2026-03-31,,State,,,,,,,,,,,,,,,,migration,,,,,,,,,,,,,,,,,,,,,,,,,,,,,,,,,,,,,,,,,,,,,,,,,,,,,,,,,,,,,,,,,West Virginia,Delaware,,,,13.491038407,175.17,6.347457627,-7.16,7.14358078,9.07804359,19.838496034,1.05,0.31,19.0,31.0
2026-06-15,Rolling 3-Month,2026-01-01,2026-03-31,,State,,,,,,,,,,,,,,,,migration,,,,,,,,,,,,,,,,,,,,,,,,,,,,,,,,,,,,,,,,,,,,,,,,,,,,,,,,,,,,,,,,,West Virginia,Florida,,,,224.991939832,68.32,134.629220971,48.0,90.362718861,47.65655175,359.621160802,17.48,0.28,1.0,4.0
2026-06-15,Rolling 3-Month,2026-01-01,2026-03-31,,State,,,,,,,,,,,,,,,,migration,,,,,,,,,,,,,,,,,,,,,,,,,,,,,,,,,,,,,,,,,,,,,,,,,,,,,,,,,,,,,,,,,West Virginia,Georgia,,,,35.319682244,7.56,23.559778683,42.72,11.759903561,-4.570318121,58.879460926,2.74,0.19,9.0,15.0
2026-06-15,Rolling 3-Month,2026-01-01,2026-03-31,,State,,,,,,,,,,,,,,,,migration,,,,,,,,,,,,,,,,,,,,,,,,,,,,,,,,,,,,,,,,,,,,,,,,,,,,,,,,,,,,,,,,,West Virginia,Hawaii,,,,2.0,-33.33,4.991543642,339.89,-2.991543642,-4.856828616,6.991543642,0.16,0.02,40.0,33.0
2026-06-15,Rolling 3-Month,2026-01-01,2026-03-31,,State,,,,,,,,,,,,,,,,migration,,,,,,,,,,,,,,,,,,,,,,,,,,,,,,,,,,,,,,,,,,,,,,,,,,,,,,,,,,,,,,,,,West Virginia,Idaho,,,,1.0,,5.480769231,,-4.480769231,,6.480769231,0.08,0.01,44.0,32.0
2026-06-15,Rolling 3-Month,2026-01-01,2026-03-31,,State,,,,,,,,,,,,,,,,migration,,,,,,,,,,,,,,,,,,,,,,,,,,,,,,,,,,,,,,,,,,,,,,,,,,,,,,,,,,,,,,,,,West Virginia,Illinois,,,,9.395035461,-44.05,32.585445305,3.88,-23.190409844,-8.613057545,41.980480766,0.73,0.05,25.0,12.0
2026-06-15,Rolling 3-Month,2026-01-01,2026-03-31,,State,,,,,,,,,,,,,,,,migration,,,,,,,,,,,,,,,,,,,,,,,,,,,,,,,,,,,,,,,,,,,,,,,,,,,,,,,,,,,,,,,,,West Virginia,Indiana,,,,6.691489362,-50.69,12.949104864,110.46,-6.257615502,-13.674154193,19.640594226,0.52,0.07,28.0,24.0
2026-06-15,Rolling 3-Month,2026-01-01,2026-03-31,,State,,,,,,,,,,,,,,,,migration,,,,,,,,,,,,,,,,,,,,,,,,,,,,,,,,,,,,,,,,,,,,,,,,,,,,,,,,,,,,,,,,,West Virginia,Kansas,,,,3.0,0.0,1.0,107.55,2.0,-0.5181818182,4.0,0.23,0.13,39.0,43.0
2026-06-15,Rolling 3-Month,2026-01-01,2026-03-31,,State,,,,,,,,,,,,,,,,migration,,,,,,,,,,,,,,,,,,,,,,,,,,,,,,,,,,,,,,,,,,,,,,,,,,,,,,,,,,,,,,,,,West Virginia,Columbia,,,,13.0,30.0,51.786126013,4.13,-38.786126013,0.9458358431,64.786126013,1.01,0.24,20.0,9.0
2026-06-15,Rolling 3-Month,2026-01-01,2026-03-31,,State,,,,,,,,,,,,,,,,migration,,,,,,,,,,,,,,,,,,,,,,,,,,,,,,,,,,,,,,,,,,,,,,,,,,,,,,,,,,,,,,,,,West Virginia,Kentucky,,,,23.602038498,22.62,17.82267022,231.7,5.779368278,-8.095312663,41.424708718,1.83,0.53,13.0,20.0
2026-06-15,Rolling 3-Month,2026-01-01,2026-03-31,,State,,,,,,,,,,,,,,,,migration,,,,,,,,,,,,,,,,,,,,,,,,,,,,,,,,,,,,,,,,,,,,,,,,,,,,,,,,,,,,,,,,,West Virginia,Louisiana,,,,6.0,137.93,4.0,-6.66,2.0,3.763808487,10.0,0.47,0.1,30.0,34.0
2026-06-15,Rolling 3-Month,2026-01-01,2026-03-31,,State,,,,,,,,,,,,,,,,migration,,,,,,,,,,,,,,,,,,,,,,,,,,,,,,,,,,,,,,,,,,,,,,,,,,,,,,,,,,,,,,,,,West Virginia,Maine,,,,3.25974026,-59.25,6.452115413,88.49,-3.192375153,-7.76929823,9.711855672,0.25,0.06,34.0,29.0
2026-06-15,Rolling 3-Month,2026-01-01,2026-03-31,,State,,,,,,,,,,,,,,,,migration,,,,,,,,,,,,,,,,,,,,,,,,,,,,,,,,,,,,,,,,,,,,,,,,,,,,,,,,,,,,,,,,,West Virginia,Maryland,,,,144.556380675,-14.35,784.250399146,0.86,-639.694018471,-30.882617865,928.80677982,11.23,0.83,3.0,2.0
2026-06-15,Rolling 3-Month,2026-01-01,2026-03-31,,State,,,,,,,,,,,,,,,,migration,,,,,,,,,,,,,,,,,,,,,,,,,,,,,,,,,,,,,,,,,,,,,,,,,,,,,,,,,,,,,,,,,West Virginia,Massachusetts,,,,18.817647059,34.94,21.266561611,26.56,-2.448914552,0.4096070387,40.08420867,1.46,0.19,14.0,19.0
2026-06-15,Rolling 3-Month,2026-01-01,2026-03-31,,State,,,,,,,,,,,,,,,,migration,,,,,,,,,,,,,,,,,,,,,,,,,,,,,,,,,,,,,,,,,,,,,,,,,,,,,,,,,,,,,,,,,West Virginia,Michigan,,,,15.645238534,-6.0,24.880894898,174.5,-9.235656364,-16.815840201,40.526133432,1.22,0.17,17.0,14.0
2026-06-15,Rolling 3-Month,2026-01-01,2026-03-31,,State,,,,,,,,,,,,,,,,migration,,,,,,,,,,,,,,,,,,,,,,,,,,,,,,,,,,,,,,,,,,,,,,,,,,,,,,,,,,,,,,,,,West Virginia,Minnesota,,,,1.0,-71.16,9.896874731,426.75,-8.896874731,-10.485533959,10.896874731,0.08,0.02,45.0,26.0
2026-06-15,Rolling 3-Month,2026-01-01,2026-03-31,,State,,,,,,,,,,,,,,,,migration,,,,,,,,,,,,,,,,,,,,,,,,,,,,,,,,,,,,,,,,,,,,,,,,,,,,,,,,,,,,,,,,,West Virginia,Connecticut,,,,6.0,-4.14,22.502297393,106.9,-16.502297393,-11.885492112,28.502297393,0.47,0.11,29.0,16.0
2026-06-15,Rolling 3-Month,2026-01-01,2026-03-31,,State,,,,,,,,,,,,,,,,migration,,,,,,,,,,,,,,,,,,,,,,,,,,,,,,,,,,,,,,,,,,,,,,,,,,,,,,,,,,,,,,,,,West Virginia,Colorado,,,,10.784090909,19.82,22.432782858,130.31,-11.648691949,-10.908479908,33.216873767,0.84,0.07,21.0,17.0
2026-06-15,Rolling 3-Month,2026-01-01,2026-03-31,,State,,,,,,,,,,,,,,,,migration,,,,,,,,,,,,,,,,,,,,,,,,,,,,,,,,,,,,,,,,,,,,,,,,,,,,,,,,,,,,,,,,,West Virginia,Missouri,,,,3.0,-53.11,3.692307692,-18.09,-0.6923076923,-2.583045542,6.692307692,0.23,0.04,36.0,36.0
2026-06-15,Rolling 3-Month,2026-01-01,2026-03-31,,State,,,,,,,,,,,,,,,,migration,,,,,,,,,,,,,,,,,,,,,,,,,,,,,,,,,,,,,,,,,,,,,,,,,,,,,,,,,,,,,,,,,Washington,Virginia,,,,579.430053995,-34.55,615.487781924,-3.66,-36.057727929,-282.423804092,1194.917835919,1.09,2.98,18.0,10.0
2026-06-15,Rolling 3-Month,2026-01-01,2026-03-31,,State,,,,,,,,,,,,,,,,migration,,,,,,,,,,,,,,,,,,,,,,,,,,,,,,,,,,,,,,,,,,,,,,,,,,,,,,,,,,,,,,,,,Washington,Rhode Island,,,,45.455556131,-0.97,19.596206897,12.18,25.859349234,-2.571804341,65.051763027,0.09,2.04,46.0,45.0
2026-06-15,Rolling 3-Month,2026-01-01,2026-03-31,,State,,,,,,,,,,,,,,,,migration,,,,,,,,,,,,,,,,,,,,,,,,,,,,,,,,,,,,,,,,,,,,,,,,,,,,,,,,,,,,,,,,,Washington,South Carolina,,,,650.022947155,-2.01,73.107604556,-42.96,576.915342599,41.70243225,723.130551711,1.22,3.47,15.0,35.0
2026-06-15,Rolling 3-Month,2026-01-01,2026-03-31,,State,,,,,,,,,,,,,,,,migration,,,,,,,,,,,,,,,,,,,,,,,,,,,,,,,,,,,,,,,,,,,,,,,,,,,,,,,,,,,,,,,,,Washington,South Dakota,,,,86.753612693,-2.14,16.009371968,-26.6,70.744240725,3.902142274,102.762984661,0.16,11.11,42.0,49.0
2026-06-15,Rolling 3-Month,2026-01-01,2026-03-31,,State,,,,,,,,,,,,,,,,migration,,,,,,,,,,,,,,,,,,,,,,,,,,,,,,,,,,,,,,,,,,,,,,,,,,,,,,,,,,,,,,,,,Washington,Tennessee,,,,1255.74162418,13.13,232.95122317,-12.79,1022.790401011,179.915648775,1488.69284735,2.35,6.41,9.0,23.0
2026-06-15,Rolling 3-Month,2026-01-01,2026-03-31,,State,,,,,,,,,,,,,,,,migration,,,,,,,,,,,,,,,,,,,,,,,,,,,,,,,,,,,,,,,,,,,,,,,,,,,,,,,,,,,,,,,,,Washington,Texas,,,,5036.150472081,-8.79,2223.873333603,-16.55,2812.277138477,-44.529931491,7260.023805684,9.43,11.61,4.0,3.0
2026-06-15,Rolling 3-Month,2026-01-01,2026-03-31,,State,,,,,,,,,,,,,,,,migration,,,,,,,,,,,,,,,,,,,,,,,,,,,,,,,,,,,,,,,,,,,,,,,,,,,,,,,,,,,,,,,,,Washington,Utah,,,,605.388527956,-12.49,364.901902157,-28.15,240.486625799,56.612324757,970.290430112,1.13,11.19,16.0,13.0
2026-06-15,Rolling 3-Month,2026-01-01,2026-03-31,,State,,,,,,,,,,,,,,,,migration,,,,,,,,,,,,,,,,,,,,,,,,,,,,,,,,,,,,,,,,,,,,,,,,,,,,,,,,,,,,,,,,,Washington,Vermont,,,,38.322395707,-47.9,18.012643455,-21.45,20.309752253,-30.318252869,56.335039162,0.07,1.91,48.0,46.0
2026-06-15,Rolling 3-Month,2026-01-01,2026-03-31,,State,,,,,,,,,,,,,,,,migration,,,,,,,,,,,,,,,,,,,,,,,,,,,,,,,,,,,,,,,,,,,,,,,,,,,,,,,,,,,,,,,,,Washington,Washington,,,,291599.843872144,-12.84,291599.843872144,-12.84,0.0,0.0,583199.687744287,,,,
2026-06-15,Rolling 3-Month,2026-01-01,2026-03-31,,State,,,,,,,,,,,,,,,,migration,,,,,,,,,,,,,,,,,,,,,,,,,,,,,,,,,,,,,,,,,,,,,,,,,,,,,,,,,,,,,,,,,West Virginia,California,,,,35.883597884,57.75,86.731376972,6.21,-50.847779088,8.064512032,122.614974855,2.79,0.07,8.0,5.0
2026-06-15,Rolling 3-Month,2026-01-01,2026-03-31,,State,,,,,,,,,,,,,,,,migration,,,,,,,,,,,,,,,,,,,,,,,,,,,,,,,,,,,,,,,,,,,,,,,,,,,,,,,,,,,,,,,,,Washington,West Virginia,,,,42.509709674,16.36,9.57683641,66.75,32.932873264,2.142670721,52.086546083,0.08,1.53,47.0,50.0
2026-06-15,Rolling 3-Month,2026-01-01,2026-03-31,,State,,,,,,,,,,,,,,,,migration,,,,,,,,,,,,,,,,,,,,,,,,,,,,,,,,,,,,,,,,,,,,,,,,,,,,,,,,,,,,,,,,,Washington,Wisconsin,,,,306.686599321,-19.66,113.704918599,8.81,192.981680722,-84.244390402,420.391517921,0.57,3.54,29.0,30.0
2026-06-15,Rolling 3-Month,2026-01-01,2026-03-31,,State,,,,,,,,,,,,,,,,migration,,,,,,,,,,,,,,,,,,,,,,,,,,,,,,,,,,,,,,,,,,,,,,,,,,,,,,,,,,,,,,,,,Washington,Wyoming,,,,220.922574056,111.33,34.624269348,15.78,186.298304709,111.663064816,255.546843404,0.41,23.42,34.0,42.0
2026-06-15,Rolling 3-Month,2026-01-01,2026-03-31,,State,,,,,,,,,,,,,,,,migration,,,,,,,,,,,,,,,,,,,,,,,,,,,,,,,,,,,,,,,,,,,,,,,,,,,,,,,,,,,,,,,,,West Virginia,Alabama,,,,14.134934669,54.1,1.166101695,-17.92,12.968832974,5.216869912,15.301036364,1.1,0.21,18.0,40.0
2026-06-15,Rolling 3-Month,2026-01-01,2026-03-31,,State,,,,,,,,,,,,,,,,migration,,,,,,,,,,,,,,,,,,,,,,,,,,,,,,,,,,,,,,,,,,,,,,,,,,,,,,,,,,,,,,,,,West Virginia,Alaska,,,,3.219930006,221.99,1.30952381,,1.910406196,0.910406196,4.529453815,0.25,0.36,35.0,39.0
2026-06-15,Rolling 3-Month,2026-01-01,2026-03-31,,State,,,,,,,,,,,,,,,,migration,,,,,,,,,,,,,,,,,,,,,,,,,,,,,,,,,,,,,,,,,,,,,,,,,,,,,,,,,,,,,,,,,West Virginia,Arizona,,,,9.632917753,-30.2,22.195112095,19.7,-12.562194342,-7.819474182,31.828029848,0.75,0.03,23.0,18.0
2026-06-15,Rolling 3-Month,2026-01-01,2026-03-31,,State,,,,,,,,,,,,,,,,migration,,,,,,,,,,,,,,,,,,,,,,,,,,,,,,,,,,,,,,,,,,,,,,,,,,,,,,,,,,,,,,,,,West Virginia,Arkansas,,,,3.0,50.0,0.75,-71.95,2.25,2.924242424,3.75,0.23,0.07,37.0,45.0
2026-06-15,Rolling 3-Month,2026-01-01,2026-03-31,,State,,,,,,,,,,,,,,,,migration,,,,,,,,,,,,,,,,,,,,,,,,,,,,,,,,,,,,,,,,,,,,,,,,,,,,,,,,,,,,,,,,,West Virginia,Mississippi,,,,0.5,-77.89,0.0,-100.0,0.5,-1.405847901,0.5,0.04,0.02,47.0,47.0
2026-06-15,Rolling 3-Month,2026-01-01,2026-03-31,,State,,,,,,,,,,,,,,,,migration,,,,,,,,,,,,,,,,,,,,,,,,,,,,,,,,,,,,,,,,,,,,,,,,,,,,,,,,,,,,,,,,,West Virginia,Montana,,,,0.6990003835,-73.29,1.0,0.0,-0.3009996165,-1.918283567,1.699000384,0.05,0.02,46.0,41.0
2026-06-15,Rolling 3-Month,2026-01-01,2026-03-31,,State,,,,,,,,,,,,,,,,migration,,,,,,,,,,,,,,,,,,,,,,,,,,,,,,,,,,,,,,,,,,,,,,,,,,,,,,,,,,,,,,,,,Wisconsin,Kansas,,,,14.217391304,53.35,24.698861789,33.73,-10.481470484,-1.283142222,38.916253093,0.29,0.6,35.0,30.0
2026-06-15,Rolling 3-Month,2026-01-01,2026-03-31,,State,,,,,,,,,,,,,,,,migration,,,,,,,,,,,,,,,,,,,,,,,,,,,,,,,,,,,,,,,,,,,,,,,,,,,,,,,,,,,,,,,,,Wisconsin,Connecticut,,,,5.534478034,-59.98,10.510195886,-56.27,-4.975717852,5.230314552,16.044673919,0.11,0.1,45.0,39.0
2026-06-15,Rolling 3-Month,2026-01-01,2026-03-31,,State,,,,,,,,,,,,,,,,migration,,,,,,,,,,,,,,,,,,,,,,,,,,,,,,,,,,,,,,,,,,,,,,,,,,,,,,,,,,,,,,,,,Wisconsin,Alabama,,,,48.122287661,-12.03,23.072413793,28.8,25.049873868,-11.739157037,71.194701454,0.98,0.72,19.0,31.0
2026-06-15,Rolling 3-Month,2026-01-01,2026-03-31,,State,,,,,,,,,,,,,,,,migration,,,,,,,,,,,,,,,,,,,,,,,,,,,,,,,,,,,,,,,,,,,,,,,,,,,,,,,,,,,,,,,,,Wisconsin,Alaska,,,,7.899045817,-15.6,12.745029736,47.59,-4.845983919,-5.569205592,20.644075553,0.16,0.89,42.0,36.0
2026-06-15,Rolling 3-Month,2026-01-01,2026-03-31,,State,,,,,,,,,,,,,,,,migration,,,,,,,,,,,,,,,,,,,,,,,,,,,,,,,,,,,,,,,,,,,,,,,,,,,,,,,,,,,,,,,,,Wisconsin,Arizona,,,,338.674756965,31.26,253.139207498,-29.7,85.535549468,187.592655135,591.813964463,6.92,0.99,4.0,7.0
2026-06-15,Rolling 3-Month,2026-01-01,2026-03-31,,State,,,,,,,,,,,,,,,,migration,,,,,,,,,,,,,,,,,,,,,,,,,,,,,,,,,,,,,,,,,,,,,,,,,,,,,,,,,,,,,,,,,Wisconsin,Arkansas,,,,40.788821443,3.08,25.40304326,41.13,15.385778183,-6.184783841,66.191864702,0.83,0.97,24.0,29.0
2026-06-15,Rolling 3-Month,2026-01-01,2026-03-31,,State,,,,,,,,,,,,,,,,migration,,,,,,,,,,,,,,,,,,,,,,,,,,,,,,,,,,,,,,,,,,,,,,,,,,,,,,,,,,,,,,,,,Wisconsin,California,,,,308.062537403,14.54,527.909945568,-35.94,-219.847408165,335.297683024,835.972482972,6.3,0.59,5.0,3.0
2026-06-15,Rolling 3-Month,2026-01-01,2026-03-31,,State,,,,,,,,,,,,,,,,migration,,,,,,,,,,,,,,,,,,,,,,,,,,,,,,,,,,,,,,,,,,,,,,,,,,,,,,,,,,,,,,,,,Wisconsin,Colorado,,,,122.621257565,39.33,167.121368734,-39.99,-44.500111169,146.004190679,289.742626299,2.51,0.77,8.0,9.0
2026-06-15,Rolling 3-Month,2026-01-01,2026-03-31,,State,,,,,,,,,,,,,,,,migration,,,,,,,,,,,,,,,,,,,,,,,,,,,,,,,,,,,,,,,,,,,,,,,,,,,,,,,,,,,,,,,,,Wisconsin,Columbia,,,,6.629032258,-12.8,12.879371088,-41.48,-6.25033883,8.157370072,19.508403346,0.14,0.12,44.0,35.0
2026-06-15,Rolling 3-Month,2026-01-01,2026-03-31,,State,,,,,,,,,,,,,,,,migration,,,,,,,,,,,,,,,,,,,,,,,,,,,,,,,,,,,,,,,,,,,,,,,,,,,,,,,,,,,,,,,,,Wisconsin,Delaware,,,,2.555555556,-20.05,1.0,0.0,1.555555556,-0.6410514674,3.555555556,0.05,0.06,49.0,48.0
2026-06-15,Rolling 3-Month,2026-01-01,2026-03-31,,State,,,,,,,,,,,,,,,,migration,,,,,,,,,,,,,,,,,,,,,,,,,,,,,,,,,,,,,,,,,,,,,,,,,,,,,,,,,,,,,,,,,West Virginia,West Virginia,,,,786.816713242,20.84,786.816713242,20.84,0.0,0.0,1573.633426484,,,,
2026-06-15,Rolling 3-Month,2026-01-01,2026-03-31,,State,,,,,,,,,,,,,,,,migration,,,,,,,,,,,,,,,,,,,,,,,,,,,,,,,,,,,,,,,,,,,,,,,,,,,,,,,,,,,,,,,,,Wisconsin,Florida,,,,814.832497126,25.98,385.50568888,-19.25,429.326808246,259.893783215,1200.338186006,16.65,1.0,2.0,4.0
2026-06-15,Rolling 3-Month,2026-01-01,2026-03-31,,State,,,,,,,,,,,,,,,,migration,,,,,,,,,,,,,,,,,,,,,,,,,,,,,,,,,,,,,,,,,,,,,,,,,,,,,,,,,,,,,,,,,Wisconsin,Georgia,,,,91.175270711,-17.81,61.411686496,-33.67,29.763584215,11.413308278,152.586957207,1.86,0.49,12.0,19.0
2026-06-15,Rolling 3-Month,2026-01-01,2026-03-31,,State,,,,,,,,,,,,,,,,migration,,,,,,,,,,,,,,,,,,,,,,,,,,,,,,,,,,,,,,,,,,,,,,,,,,,,,,,,,,,,,,,,,Wisconsin,Hawaii,,,,34.903834491,-16.35,26.130501037,-18.38,8.773333455,-0.9412600343,61.034335528,0.71,0.33,25.0,27.0
2026-06-15,Rolling 3-Month,2026-01-01,2026-03-31,,State,,,,,,,,,,,,,,,,migration,,,,,,,,,,,,,,,,,,,,,,,,,,,,,,,,,,,,,,,,,,,,,,,,,,,,,,,,,,,,,,,,,Wisconsin,Idaho,,,,11.292149601,10.95,5.698724167,-12.26,5.593425434,1.91057186,16.990873769,0.23,0.11,39.0,44.0
2026-06-15,Rolling 3-Month,2026-01-01,2026-03-31,,State,,,,,,,,,,,,,,,,migration,,,,,,,,,,,,,,,,,,,,,,,,,,,,,,,,,,,,,,,,,,,,,,,,,,,,,,,,,,,,,,,,,Wisconsin,Illinois,,,,1060.369451028,6.48,4277.822125955,-29.61,-3217.452674927,1864.444976899,5338.191576983,21.67,5.62,1.0,1.0
2026-06-15,Rolling 3-Month,2026-01-01,2026-03-31,,State,,,,,,,,,,,,,,,,migration,,,,,,,,,,,,,,,,,,,,,,,,,,,,,,,,,,,,,,,,,,,,,,,,,,,,,,,,,,,,,,,,,Wisconsin,Indiana,,,,60.131276258,8.7,73.780324438,52.52,-13.64904818,-20.59416266,133.911600696,1.23,0.67,17.0,17.0
2026-06-15,Rolling 3-Month,2026-01-01,2026-03-31,,State,,,,,,,,,,,,,,,,migration,,,,,,,,,,,,,,,,,,,,,,,,,,,,,,,,,,,,,,,,,,,,,,,,,,,,,,,,,,,,,,,,,Wisconsin,Iowa,,,,44.10258792,30.87,176.5345886,-50.47,-132.43200068,190.282399337,220.637176519,0.9,2.17,23.0,8.0
2026-06-15,Rolling 3-Month,2026-01-01,2026-03-31,,State,,,,,,,,,,,,,,,,migration,,,,,,,,,,,,,,,,,,,,,,,,,,,,,,,,,,,,,,,,,,,,,,,,,,,,,,,,,,,,,,,,,West Virginia,Wisconsin,,,,6.0,14.22,9.486584532,315.72,-3.486584532,-6.457601697,15.486584532,0.47,0.07,31.0,27.0
2026-06-15,Rolling 3-Month,2026-01-01,2026-03-31,,State,,,,,,,,,,,,,,,,migration,,,,,,,,,,,,,,,,,,,,,,,,,,,,,,,,,,,,,,,,,,,,,,,,,,,,,,,,,,,,,,,,,West Virginia,Washington,,,,9.57683641,66.75,42.509709674,16.36,-32.932873264,-2.142670721,52.086546083,0.74,0.03,24.0,10.0
2026-06-15,Rolling 3-Month,2026-01-01,2026-03-31,,State,,,,,,,,,,,,,,,,migration,,,,,,,,,,,,,,,,,,,,,,,,,,,,,,,,,,,,,,,,,,,,,,,,,,,,,,,,,,,,,,,,,West Virginia,Nebraska,,,,1.0,0.0,3.728813559,3715.82,-2.728813559,-3.63109369,4.728813559,0.08,0.08,42.0,35.0
2026-06-15,Rolling 3-Month,2026-01-01,2026-03-31,,State,,,,,,,,,,,,,,,,migration,,,,,,,,,,,,,,,,,,,,,,,,,,,,,,,,,,,,,,,,,,,,,,,,,,,,,,,,,,,,,,,,,West Virginia,Oklahoma,,,,8.139662059,108.11,2.553333333,-48.93,5.586328726,6.675179,10.692995392,0.63,0.18,26.0,37.0
2026-06-15,Rolling 3-Month,2026-01-01,2026-03-31,,State,,,,,,,,,,,,,,,,migration,,,,,,,,,,,,,,,,,,,,,,,,,,,,,,,,,,,,,,,,,,,,,,,,,,,,,,,,,,,,,,,,,West Virginia,Nevada,,,,10.0,233.33,15.845515132,89.7,-5.845515132,-0.4925739553,25.845515132,0.78,0.05,22.0,21.0
2026-06-15,Rolling 3-Month,2026-01-01,2026-03-31,,State,,,,,,,,,,,,,,,,migration,,,,,,,,,,,,,,,,,,,,,,,,,,,,,,,,,,,,,,,,,,,,,,,,,,,,,,,,,,,,,,,,,West Virginia,New Hampshire,,,,8.0,-27.27,6.366832093,3.85,1.633167907,-3.235928091,14.366832093,0.62,0.14,27.0,30.0
2026-06-15,Rolling 3-Month,2026-01-01,2026-03-31,,State,,,,,,,,,,,,,,,,migration,,,,,,,,,,,,,,,,,,,,,,,,,,,,,,,,,,,,,,,,,,,,,,,,,,,,,,,,,,,,,,,,,West Virginia,New Jersey,,,,18.525641026,-34.84,27.410001508,58.81,-8.884360482,-20.055116461,45.935642534,1.44,0.12,15.0,13.0
2026-06-15,Rolling 3-Month,2026-01-01,2026-03-31,,State,,,,,,,,,,,,,,,,migration,,,,,,,,,,,,,,,,,,,,,,,,,,,,,,,,,,,,,,,,,,,,,,,,,,,,,,,,,,,,,,,,,West Virginia,New Mexico,,,,1.0,,0.0,,1.0,,1.0,0.08,0.03,43.0,46.0
2026-06-15,Rolling 3-Month,2026-01-01,2026-03-31,,State,,,,,,,,,,,,,,,,migration,,,,,,,,,,,,,,,,,,,,,,,,,,,,,,,,,,,,,,,,,,,,,,,,,,,,,,,,,,,,,,,,,West Virginia,New York,,,,25.384615385,23.46,63.868668092,-12.02,-38.484052707,13.547327745,89.253283476,1.97,0.17,12.0,8.0
2026-06-15,Rolling 3-Month,2026-01-01,2026-03-31,,State,,,,,,,,,,,,,,,,migration,,,,,,,,,,,,,,,,,,,,,,,,,,,,,,,,,,,,,,,,,,,,,,,,,,,,,,,,,,,,,,,,,West Virginia,North Carolina,,,,107.944706084,59.18,64.009177681,36.12,43.935528404,23.147442018,171.953883765,8.39,0.47,4.0,7.0
2026-06-15,Rolling 3-Month,2026-01-01,2026-03-31,,State,,,,,,,,,,,,,,,,migration,,,,,,,,,,,,,,,,,,,,,,,,,,,,,,,,,,,,,,,,,,,,,,,,,,,,,,,,,,,,,,,,,West Virginia,Ohio,,,,67.688422226,8.9,74.371862783,23.45,-6.683440557,-8.599441304,142.06028501,5.26,0.76,6.0,6.0
2026-06-15,Rolling 3-Month,2026-01-01,2026-03-31,,State,,,,,,,,,,,,,,,,migration,,,,,,,,,,,,,,,,,,,,,,,,,,,,,,,,,,,,,,,,,,,,,,,,,,,,,,,,,,,,,,,,,West Virginia,Oregon,,,,16.410345856,129.36,8.651625219,-16.37,7.758720636,10.949175626,25.061971075,1.27,0.09,16.0,28.0
2026-06-15,Rolling 3-Month,2026-01-01,2026-03-31,,State,,,,,,,,,,,,,,,,migration,,,,,,,,,,,,,,,,,,,,,,,,,,,,,,,,,,,,,,,,,,,,,,,,,,,,,,,,,,,,,,,,,West Virginia,Virginia,,,,168.968320679,11.49,841.832792391,11.59,-672.864471712,-70.014408284,1010.801113069,13.13,0.87,2.0,1.0
2026-06-15,Rolling 3-Month,2026-01-01,2026-03-31,,State,,,,,,,,,,,,,,,,migration,,,,,,,,,,,,,,,,,,,,,,,,,,,,,,,,,,,,,,,,,,,,,,,,,,,,,,,,,,,,,,,,,West Virginia,Pennsylvania,,,,99.928188358,17.71,228.289890829,38.16,-128.361702471,-48.020212183,328.218079187,7.76,0.61,5.0,3.0
2026-06-15,Rolling 3-Month,2026-01-01,2026-03-31,,State,,,,,,,,,,,,,,,,migration,,,,,,,,,,,,,,,,,,,,,,,,,,,,,,,,,,,,,,,,,,,,,,,,,,,,,,,,,,,,,,,,,West Virginia,Rhode Island,,,,2.0,100.0,1.565217391,56.52,0.4347826087,0.4347826087,3.565217391,0.16,0.09,41.0,38.0
2026-06-15,Rolling 3-Month,2026-01-01,2026-03-31,,State,,,,,,,,,,,,,,,,migration,,,,,,,,,,,,,,,,,,,,,,,,,,,,,,,,,,,,,,,,,,,,,,,,,,,,,,,,,,,,,,,,,West Virginia,South Carolina,,,,58.05776445,-12.31,14.1082301,45.34,43.94953435,-12.548637806,72.16599455,4.51,0.31,7.0,22.0
2026-06-15,Rolling 3-Month,2026-01-01,2026-03-31,,State,,,,,,,,,,,,,,,,migration,,,,,,,,,,,,,,,,,,,,,,,,,,,,,,,,,,,,,,,,,,,,,,,,,,,,,,,,,,,,,,,,,West Virginia,Tennessee,,,,30.476736474,15.51,12.951867093,-33.14,17.524869381,10.511393611,43.428603566,2.37,0.16,10.0,23.0
2026-06-15,Rolling 3-Month,2026-01-01,2026-03-31,,State,,,,,,,,,,,,,,,,migration,,,,,,,,,,,,,,,,,,,,,,,,,,,,,,,,,,,,,,,,,,,,,,,,,,,,,,,,,,,,,,,,,West Virginia,Texas,,,,28.842675648,29.92,41.986569971,-6.7,-13.143894322,9.657726098,70.829245619,2.24,0.07,11.0,11.0
2026-06-15,Rolling 3-Month,2026-01-01,2026-03-31,,State,,,,,,,,,,,,,,,,migration,,,,,,,,,,,,,,,,,,,,,,,,,,,,,,,,,,,,,,,,,,,,,,,,,,,,,,,,,,,,,,,,,West Virginia,Utah,,,,3.47983871,73.99,10.598171823,107.47,-7.118333113,-4.009928175,14.078010532,0.27,0.06,33.0,25.0
2026-06-15,Rolling 3-Month,2026-01-01,2026-03-31,,State,,,,,,,,,,,,,,,,migration,,,,,,,,,,,,,,,,,,,,,,,,,,,,,,,,,,,,,,,,,,,,,,,,,,,,,,,,,,,,,,,,,West Virginia,Vermont,,,,4.134831461,110.6,1.0,,3.134831461,1.171439215,5.134831461,0.32,0.21,32.0,44.0
2026-06-15,Rolling 3-Month,2026-01-01,2026-03-31,,State,,,,,,,,,,,,,,,,migration,,,,,,,,,,,,,,,,,,,,,,,,,,,,,,,,,,,,,,,,,,,,,,,,,,,,,,,,,,,,,,,,,Utah,Montana,,,,59.573393241,-25.61,41.735706541,49.06,17.8376867,-34.242921535,101.309099782,1.23,1.85,16.0,22.0
2026-06-15,Rolling 3-Month,2026-01-01,2026-03-31,,State,,,,,,,,,,,,,,,,migration,,,,,,,,,,,,,,,,,,,,,,,,,,,,,,,,,,,,,,,,,,,,,,,,,,,,,,,,,,,,,,,,,Utah,Mississippi,,,,6.212665237,-70.04,4.251348499,112.57,1.961316737,-16.773467201,10.464013736,0.13,0.2,46.0,44.0
2026-06-15,Rolling 3-Month,2026-01-01,2026-03-31,,State,,,,,,,,,,,,,,,,migration,,,,,,,,,,,,,,,,,,,,,,,,,,,,,,,,,,,,,,,,,,,,,,,,,,,,,,,,,,,,,,,,,Oregon,Virginia,,,,91.854005101,-23.2,184.064564402,-7.42,-92.210559302,-12.989452693,275.918569503,0.55,0.47,24.0,13.0
2026-06-15,Rolling 3-Month,2026-01-01,2026-03-31,,State,,,,,,,,,,,,,,,,migration,,,,,,,,,,,,,,,,,,,,,,,,,,,,,,,,,,,,,,,,,,,,,,,,,,,,,,,,,,,,,,,,,South Dakota,Hawaii,,,,7.0,-17.57,2.456790123,-31.35,4.543209877,-0.3696460337,9.456790123,1.36,0.07,20.0,35.0
2026-06-15,Rolling 3-Month,2026-01-01,2026-03-31,,State,,,,,,,,,,,,,,,,migration,,,,,,,,,,,,,,,,,,,,,,,,,,,,,,,,,,,,,,,,,,,,,,,,,,,,,,,,,,,,,,,,,South Carolina,Arizona,,,,86.703672936,-7.91,225.309951119,-21.49,-138.606278184,54.209288691,312.013624055,1.78,0.25,13.0,17.0
2026-06-15,Rolling 3-Month,2026-01-01,2026-03-31,,State,,,,,,,,,,,,,,,,migration,,,,,,,,,,,,,,,,,,,,,,,,,,,,,,,,,,,,,,,,,,,,,,,,,,,,,,,,,,,,,,,,,South Carolina,Arkansas,,,,12.605543735,-27.82,12.291622759,-37.22,0.3139209759,2.430138222,24.897166494,0.26,0.3,39.0,47.0
2026-06-15,Rolling 3-Month,2026-01-01,2026-03-31,,State,,,,,,,,,,,,,,,,migration,,,,,,,,,,,,,,,,,,,,,,,,,,,,,,,,,,,,,,,,,,,,,,,,,,,,,,,,,,,,,,,,,South Carolina,California,,,,237.612454895,23.68,1158.404294552,-32.64,-920.791839657,606.864911144,1396.016749447,4.89,0.46,5.0,4.0
2026-06-15,Rolling 3-Month,2026-01-01,2026-03-31,,State,,,,,,,,,,,,,,,,migration,,,,,,,,,,,,,,,,,,,,,,,,,,,,,,,,,,,,,,,,,,,,,,,,,,,,,,,,,,,,,,,,,South Carolina,Colorado,,,,86.391990283,-9.46,256.602033108,-37.29,-170.210042825,143.586391073,342.994023391,1.78,0.55,14.0,16.0
2026-06-15,Rolling 3-Month,2026-01-01,2026-03-31,,State,,,,,,,,,,,,,,,,migration,,,,,,,,,,,,,,,,,,,,,,,,,,,,,,,,,,,,,,,,,,,,,,,,,,,,,,,,,,,,,,,,,South Carolina,Columbia,,,,39.107463034,30.73,69.004540357,-15.35,-29.897077322,21.710230425,108.112003391,0.8,0.73,26.0,26.0
2026-06-15,Rolling 3-Month,2026-01-01,2026-03-31,,State,,,,,,,,,,,,,,,,migration,,,,,,,,,,,,,,,,,,,,,,,,,,,,,,,,,,,,,,,,,,,,,,,,,,,,,,,,,,,,,,,,,South Carolina,Connecticut,,,,67.389694976,-1.85,364.247586775,-9.78,-296.857891798,38.21079844,431.637281751,1.39,1.27,20.0,15.0
2026-06-15,Rolling 3-Month,2026-01-01,2026-03-31,,State,,,,,,,,,,,,,,,,migration,,,,,,,,,,,,,,,,,,,,,,,,,,,,,,,,,,,,,,,,,,,,,,,,,,,,,,,,,,,,,,,,,South Carolina,Delaware,,,,26.287838057,-7.21,38.177729089,-30.23,-11.889891032,14.498537962,64.465567147,0.54,0.6,29.0,35.0
2026-06-15,Rolling 3-Month,2026-01-01,2026-03-31,,State,,,,,,,,,,,,,,,,migration,,,,,,,,,,,,,,,,,,,,,,,,,,,,,,,,,,,,,,,,,,,,,,,,,,,,,,,,,,,,,,,,,South Carolina,Florida,,,,881.344843658,28.88,1268.741450909,-22.27,-387.396607251,560.975136474,2150.086294567,18.14,1.08,1.0,3.0
2026-06-15,Rolling 3-Month,2026-01-01,2026-03-31,,State,,,,,,,,,,,,,,,,migration,,,,,,,,,,,,,,,,,,,,,,,,,,,,,,,,,,,,,,,,,,,,,,,,,,,,,,,,,,,,,,,,,South Carolina,Georgia,,,,382.891994185,-1.92,1075.910266537,-30.89,-693.018272352,473.523969589,1458.802260722,7.88,2.04,3.0,5.0
2026-06-15,Rolling 3-Month,2026-01-01,2026-03-31,,State,,,,,,,,,,,,,,,,migration,,,,,,,,,,,,,,,,,,,,,,,,,,,,,,,,,,,,,,,,,,,,,,,,,,,,,,,,,,,,,,,,,South Carolina,Hawaii,,,,15.829660915,-53.54,48.644919067,-45.85,-32.815258152,22.954591813,64.474579981,0.33,0.15,33.0,34.0
2026-06-15,Rolling 3-Month,2026-01-01,2026-03-31,,State,,,,,,,,,,,,,,,,migration,,,,,,,,,,,,,,,,,,,,,,,,,,,,,,,,,,,,,,,,,,,,,,,,,,,,,,,,,,,,,,,,,South Carolina,Idaho,,,,7.929897689,-27.26,20.87662102,-4.56,-12.946723331,-1.974508029,28.806518708,0.16,0.07,41.0,40.0
2026-06-15,Rolling 3-Month,2026-01-01,2026-03-31,,State,,,,,,,,,,,,,,,,migration,,,,,,,,,,,,,,,,,,,,,,,,,,,,,,,,,,,,,,,,,,,,,,,,,,,,,,,,,,,,,,,,,South Carolina,Illinois,,,,84.494605445,-13.61,671.499664038,-20.65,-587.005058594,161.426116136,755.994269483,1.74,0.45,15.0,10.0
2026-06-15,Rolling 3-Month,2026-01-01,2026-03-31,,State,,,,,,,,,,,,,,,,migration,,,,,,,,,,,,,,,,,,,,,,,,,,,,,,,,,,,,,,,,,,,,,,,,,,,,,,,,,,,,,,,,,South Carolina,Indiana,,,,57.216132692,56.47,105.725479265,-14.28,-48.509346573,38.265291074,162.941611958,1.18,0.64,21.0,21.0
2026-06-15,Rolling 3-Month,2026-01-01,2026-03-31,,State,,,,,,,,,,,,,,,,migration,,,,,,,,,,,,,,,,,,,,,,,,,,,,,,,,,,,,,,,,,,,,,,,,,,,,,,,,,,,,,,,,,South Carolina,Iowa,,,,3.0,-50.0,23.028524401,141.45,-20.028524401,-16.491024401,26.028524401,0.06,0.15,47.0,39.0
2026-06-15,Rolling 3-Month,2026-01-01,2026-03-31,,State,,,,,,,,,,,,,,,,migration,,,,,,,,,,,,,,,,,,,,,,,,,,,,,,,,,,,,,,,,,,,,,,,,,,,,,,,,,,,,,,,,,South Carolina,Kansas,,,,5.0,-52.13,19.513183331,-25.74,-14.513183331,1.318810963,24.513183331,0.1,0.21,46.0,41.0
2026-06-15,Rolling 3-Month,2026-01-01,2026-03-31,,State,,,,,,,,,,,,,,,,migration,,,,,,,,,,,,,,,,,,,,,,,,,,,,,,,,,,,,,,,,,,,,,,,,,,,,,,,,,,,,,,,,,South Carolina,Kentucky,,,,49.59787328,-1.17,97.524803839,43.15,-47.92693056,-29.987026928,147.122677119,1.02,1.12,22.0,23.0
2026-06-15,Rolling 3-Month,2026-01-01,2026-03-31,,State,,,,,,,,,,,,,,,,migration,,,,,,,,,,,,,,,,,,,,,,,,,,,,,,,,,,,,,,,,,,,,,,,,,,,,,,,,,,,,,,,,,South Carolina,Louisiana,,,,40.18330827,28.82,33.36058722,-15.61,6.82272105,15.160870163,73.543895491,0.83,0.67,24.0,37.0
2026-06-15,Rolling 3-Month,2026-01-01,2026-03-31,,State,,,,,,,,,,,,,,,,migration,,,,,,,,,,,,,,,,,,,,,,,,,,,,,,,,,,,,,,,,,,,,,,,,,,,,,,,,,,,,,,,,,South Carolina,Alaska,,,,1.0,-71.82,13.315821436,166.32,-12.315821436,-10.864841044,14.315821436,0.02,0.11,50.0,46.0
2026-06-15,Rolling 3-Month,2026-01-01,2026-03-31,,State,,,,,,,,,,,,,,,,migration,,,,,,,,,,,,,,,,,,,,,,,,,,,,,,,,,,,,,,,,,,,,,,,,,,,,,,,,,,,,,,,,,South Carolina,Alabama,,,,74.399237055,66.37,55.922176715,-13.99,18.47706034,38.774561968,130.32141377,1.53,1.11,17.0,31.0
2026-06-15,Rolling 3-Month,2026-01-01,2026-03-31,,State,,,,,,,,,,,,,,,,migration,,,,,,,,,,,,,,,,,,,,,,,,,,,,,,,,,,,,,,,,,,,,,,,,,,,,,,,,,,,,,,,,,Rhode Island,Wyoming,,,,1.0,,1.0,,0.0,,2.0,0.06,0.11,41.0,40.0
2026-06-15,Rolling 3-Month,2026-01-01,2026-03-31,,State,,,,,,,,,,,,,,,,migration,,,,,,,,,,,,,,,,,,,,,,,,,,,,,,,,,,,,,,,,,,,,,,,,,,,,,,,,,,,,,,,,,Rhode Island,Rhode Island,,,,2245.959999429,-4.07,2245.959999429,-4.07,0.0,0.0,4491.919998859,,,,
2026-06-15,Rolling 3-Month,2026-01-01,2026-03-31,,State,,,,,,,,,,,,,,,,migration,,,,,,,,,,,,,,,,,,,,,,,,,,,,,,,,,,,,,,,,,,,,,,,,,,,,,,,,,,,,,,,,,Rhode Island,New Mexico,,,,1.0,-67.51,1.0,-61.4,0.0,-0.4869466179,2.0,0.06,0.03,37.0,37.0
2026-06-15,Rolling 3-Month,2026-01-01,2026-03-31,,State,,,,,,,,,,,,,,,,migration,,,,,,,,,,,,,,,,,,,,,,,,,,,,,,,,,,,,,,,,,,,,,,,,,,,,,,,,,,,,,,,,,Rhode Island,New York,,,,39.008192594,-1.82,152.972848224,-1.36,-113.96465563,1.394771192,191.981040818,2.26,0.27,9.0,4.0
2026-06-15,Rolling 3-Month,2026-01-01,2026-03-31,,State,,,,,,,,,,,,,,,,migration,,,,,,,,,,,,,,,,,,,,,,,,,,,,,,,,,,,,,,,,,,,,,,,,,,,,,,,,,,,,,,,,,Rhode Island,North Carolina,,,,38.072873223,-19.51,31.578376818,-32.96,6.494496404,6.297796883,69.651250041,2.21,0.17,10.0,10.0
2026-06-15,Rolling 3-Month,2026-01-01,2026-03-31,,State,,,,,,,,,,,,,,,,migration,,,,,,,,,,,,,,,,,,,,,,,,,,,,,,,,,,,,,,,,,,,,,,,,,,,,,,,,,,,,,,,,,Rhode Island,North Dakota,,,,1.0,,1.0,,0.0,,2.0,0.06,0.31,38.0,38.0
2026-06-15,Rolling 3-Month,2026-01-01,2026-03-31,,State,,,,,,,,,,,,,,,,migration,,,,,,,,,,,,,,,,,,,,,,,,,,,,,,,,,,,,,,,,,,,,,,,,,,,,,,,,,,,,,,,,,Rhode Island,Ohio,,,,13.483014049,7.92,19.447384011,40.94,-5.964369963,-4.659454411,32.93039806,0.78,0.15,21.0,16.0
2026-06-15,Rolling 3-Month,2026-01-01,2026-03-31,,State,,,,,,,,,,,,,,,,migration,,,,,,,,,,,,,,,,,,,,,,,,,,,,,,,,,,,,,,,,,,,,,,,,,,,,,,,,,,,,,,,,,Rhode Island,Oregon,,,,1.0,-73.14,6.095830738,-25.68,-5.095830738,-0.6163415385,7.095830738,0.06,0.01,39.0,28.0
2026-06-15,Rolling 3-Month,2026-01-01,2026-03-31,,State,,,,,,,,,,,,,,,,migration,,,,,,,,,,,,,,,,,,,,,,,,,,,,,,,,,,,,,,,,,,,,,,,,,,,,,,,,,,,,,,,,,Rhode Island,Pennsylvania,,,,35.188236448,-5.97,26.766085834,-26.58,8.422150614,7.458018706,61.954322282,2.04,0.21,11.0,11.0
2026-06-15,Rolling 3-Month,2026-01-01,2026-03-31,,State,,,,,,,,,,,,,,,,migration,,,,,,,,,,,,,,,,,,,,,,,,,,,,,,,,,,,,,,,,,,,,,,,,,,,,,,,,,,,,,,,,,Rhode Island,South Carolina,,,,49.837459526,3.63,14.22626076,-16.67,35.611198766,4.590909853,64.063720285,2.89,0.27,7.0,19.0
2026-06-15,Rolling 3-Month,2026-01-01,2026-03-31,,State,,,,,,,,,,,,,,,,migration,,,,,,,,,,,,,,,,,,,,,,,,,,,,,,,,,,,,,,,,,,,,,,,,,,,,,,,,,,,,,,,,,Rhode Island,Wisconsin,,,,1.319444444,,2.275862069,,-0.9564176245,,3.595306513,0.08,0.02,36.0,32.0
2026-06-15,Rolling 3-Month,2026-01-01,2026-03-31,,State,,,,,,,,,,,,,,,,migration,,,,,,,,,,,,,,,,,,,,,,,,,,,,,,,,,,,,,,,,,,,,,,,,,,,,,,,,,,,,,,,,,Rhode Island,Tennessee,,,,32.0,80.87,9.558031674,-53.06,22.441968326,25.111466782,41.558031674,1.86,0.16,12.0,22.0
2026-06-15,Rolling 3-Month,2026-01-01,2026-03-31,,State,,,,,,,,,,,,,,,,migration,,,,,,,,,,,,,,,,,,,,,,,,,,,,,,,,,,,,,,,,,,,,,,,,,,,,,,,,,,,,,,,,,Rhode Island,Texas,,,,43.578441189,19.14,36.200380961,-32.04,7.378060229,24.062877849,79.77882215,2.53,0.1,8.0,8.0
2026-06-15,Rolling 3-Month,2026-01-01,2026-03-31,,State,,,,,,,,,,,,,,,,migration,,,,,,,,,,,,,,,,,,,,,,,,,,,,,,,,,,,,,,,,,,,,,,,,,,,,,,,,,,,,,,,,,Rhode Island,Utah,,,,3.149659864,-53.32,2.057142857,-37.22,1.092517007,-2.3778752,5.206802721,0.18,0.06,31.0,33.0
2026-06-15,Rolling 3-Month,2026-01-01,2026-03-31,,State,,,,,,,,,,,,,,,,migration,,,,,,,,,,,,,,,,,,,,,,,,,,,,,,,,,,,,,,,,,,,,,,,,,,,,,,,,,,,,,,,,,Rhode Island,Vermont,,,,30.754533157,14.96,2.527368319,-62.48,28.227164838,8.210958637,33.281901476,1.78,1.53,13.0,31.0
2026-06-15,Rolling 3-Month,2026-01-01,2026-03-31,,State,,,,,,,,,,,,,,,,migration,,,,,,,,,,,,,,,,,,,,,,,,,,,,,,,,,,,,,,,,,,,,,,,,,,,,,,,,,,,,,,,,,Rhode Island,Virginia,,,,26.806210143,-47.01,63.369439715,-26.92,-36.563229572,-0.4405813678,90.175649859,1.55,0.14,15.0,6.0
2026-06-15,Rolling 3-Month,2026-01-01,2026-03-31,,State,,,,,,,,,,,,,,,,migration,,,,,,,,,,,,,,,,,,,,,,,,,,,,,,,,,,,,,,,,,,,,,,,,,,,,,,,,,,,,,,,,,Rhode Island,Washington,,,,19.596206897,12.18,45.455556131,-0.97,-25.859349234,2.571804341,65.051763027,1.14,0.06,16.0,7.0
2026-06-15,Rolling 3-Month,2026-01-01,2026-03-31,,State,,,,,,,,,,,,,,,,migration,,,,,,,,,,,,,,,,,,,,,,,,,,,,,,,,,,,,,,,,,,,,,,,,,,,,,,,,,,,,,,,,,Rhode Island,West Virginia,,,,1.565217391,56.52,2.0,100.0,-0.4347826087,-0.4347826087,3.565217391,0.09,0.06,35.0,35.0
2026-06-15,Rolling 3-Month,2026-01-01,2026-03-31,,State,,,,,,,,,,,,,,,,migration,,,,,,,,,,,,,,,,,,,,,,,,,,,,,,,,,,,,,,,,,,,,,,,,,,,,,,,,,,,,,,,,,South Carolina,Maine,,,,39.739141456,-8.43,58.749938374,-13.24,-19.010796919,5.310615555,98.48907983,0.82,0.71,25.0,28.0
2026-06-15,Rolling 3-Month,2026-01-01,2026-03-31,,State,,,,,,,,,,,,,,,,migration,,,,,,,,,,,,,,,,,,,,,,,,,,,,,,,,,,,,,,,,,,,,,,,,,,,,,,,,,,,,,,,,,South Carolina,Maryland,,,,161.969108991,4.24,852.956641066,-14.15,-690.987532075,147.183469874,1014.925750057,3.33,0.93,8.0,7.0
2026-06-15,Rolling 3-Month,2026-01-01,2026-03-31,,State,,,,,,,,,,,,,,,,migration,,,,,,,,,,,,,,,,,,,,,,,,,,,,,,,,,,,,,,,,,,,,,,,,,,,,,,,,,,,,,,,,,South Carolina,Massachusetts,,,,99.160357849,15.48,798.459968685,-10.51,-699.299610836,107.06976576,897.620326535,2.04,1.0,12.0,9.0
2026-06-15,Rolling 3-Month,2026-01-01,2026-03-31,,State,,,,,,,,,,,,,,,,migration,,,,,,,,,,,,,,,,,,,,,,,,,,,,,,,,,,,,,,,,,,,,,,,,,,,,,,,,,,,,,,,,,South Carolina,Wyoming,,,,1.301204819,30.12,2.649275362,32.46,-1.348070543,-0.348070543,3.950480182,0.03,0.14,49.0,50.0
2026-06-15,Rolling 3-Month,2026-01-01,2026-03-31,,State,,,,,,,,,,,,,,,,migration,,,,,,,,,,,,,,,,,,,,,,,,,,,,,,,,,,,,,,,,,,,,,,,,,,,,,,,,,,,,,,,,,South Carolina,Texas,,,,191.115706802,-1.25,400.00526736,-27.29,-208.889560558,147.728367181,591.120974162,3.93,0.44,7.0,14.0
2026-06-15,Rolling 3-Month,2026-01-01,2026-03-31,,State,,,,,,,,,,,,,,,,migration,,,,,,,,,,,,,,,,,,,,,,,,,,,,,,,,,,,,,,,,,,,,,,,,,,,,,,,,,,,,,,,,,South Carolina,Utah,,,,12.548974361,-42.24,51.24963634,-39.16,-38.70066198,23.802307013,63.798610701,0.26,0.23,40.0,32.0
2026-06-15,Rolling 3-Month,2026-01-01,2026-03-31,,State,,,,,,,,,,,,,,,,migration,,,,,,,,,,,,,,,,,,,,,,,,,,,,,,,,,,,,,,,,,,,,,,,,,,,,,,,,,,,,,,,,,South Carolina,Vermont,,,,14.14739229,60.01,37.008475816,42.17,-22.861083526,-5.672203486,51.155868107,0.29,0.7,37.0,36.0
2026-06-15,Rolling 3-Month,2026-01-01,2026-03-31,,State,,,,,,,,,,,,,,,,migration,,,,,,,,,,,,,,,,,,,,,,,,,,,,,,,,,,,,,,,,,,,,,,,,,,,,,,,,,,,,,,,,,South Carolina,Virginia,,,,253.720051451,-8.82,1061.069369997,-13.05,-807.349318546,134.697530793,1314.789421448,5.22,1.31,4.0,6.0
2026-06-15,Rolling 3-Month,2026-01-01,2026-03-31,,State,,,,,,,,,,,,,,,,migration,,,,,,,,,,,,,,,,,,,,,,,,,,,,,,,,,,,,,,,,,,,,,,,,,,,,,,,,,,,,,,,,,South Carolina,Washington,,,,73.107604556,-42.96,650.022947155,-2.01,-576.915342599,-41.70243225,723.130551711,1.5,0.24,18.0,11.0
2026-06-15,Rolling 3-Month,2026-01-01,2026-03-31,,State,,,,,,,,,,,,,,,,migration,,,,,,,,,,,,,,,,,,,,,,,,,,,,,,,,,,,,,,,,,,,,,,,,,,,,,,,,,,,,,,,,,South Carolina,West Virginia,,,,14.1082301,45.34,58.05776445,-12.31,-43.94953435,12.548637806,72.16599455,0.29,0.51,38.0,29.0
2026-06-15,Rolling 3-Month,2026-01-01,2026-03-31,,State,,,,,,,,,,,,,,,,migration,,,,,,,,,,,,,,,,,,,,,,,,,,,,,,,,,,,,,,,,,,,,,,,,,,,,,,,,,,,,,,,,,South Carolina,Wisconsin,,,,22.73654891,0.87,63.03444718,-26.29,-40.29789827,22.68018553,85.77099609,0.47,0.26,31.0,27.0
2026-06-15,Rolling 3-Month,2026-01-01,2026-03-31,,State,,,,,,,,,,,,,,,,migration,,,,,,,,,,,,,,,,,,,,,,,,,,,,,,,,,,,,,,,,,,,,,,,,,,,,,,,,,,,,,,,,,South Dakota,Alabama,,,,7.410852713,147.03,3.0,200.0,4.410852713,2.410852713,10.410852713,1.44,0.11,17.0,33.0
2026-06-15,Rolling 3-Month,2026-01-01,2026-03-31,,State,,,,,,,,,,,,,,,,migration,,,,,,,,,,,,,,,,,,,,,,,,,,,,,,,,,,,,,,,,,,,,,,,,,,,,,,,,,,,,,,,,,South Carolina,South Dakota,,,,5.0,400.0,7.0,16.67,-2.0,3.0,12.0,0.1,0.64,45.0,48.0
2026-06-15,Rolling 3-Month,2026-01-01,2026-03-31,,State,,,,,,,,,,,,,,,,migration,,,,,,,,,,,,,,,,,,,,,,,,,,,,,,,,,,,,,,,,,,,,,,,,,,,,,,,,,,,,,,,,,South Dakota,Alaska,,,,1.0,,6.230769231,,-5.230769231,,7.230769231,0.19,0.11,39.0,20.0
2026-06-15,Rolling 3-Month,2026-01-01,2026-03-31,,State,,,,,,,,,,,,,,,,migration,,,,,,,,,,,,,,,,,,,,,,,,,,,,,,,,,,,,,,,,,,,,,,,,,,,,,,,,,,,,,,,,,South Dakota,Arizona,,,,57.191922415,-8.4,27.854495998,-8.87,29.337426417,-2.534344254,85.046418413,11.1,0.17,1.0,7.0
2026-06-15,Rolling 3-Month,2026-01-01,2026-03-31,,State,,,,,,,,,,,,,,,,migration,,,,,,,,,,,,,,,,,,,,,,,,,,,,,,,,,,,,,,,,,,,,,,,,,,,,,,,,,,,,,,,,,South Dakota,Arkansas,,,,1.0,-50.0,6.0,1144.44,-5.0,-6.517857143,7.0,0.19,0.02,40.0,22.0
2026-06-15,Rolling 3-Month,2026-01-01,2026-03-31,,State,,,,,,,,,,,,,,,,migration,,,,,,,,,,,,,,,,,,,,,,,,,,,,,,,,,,,,,,,,,,,,,,,,,,,,,,,,,,,,,,,,,South Dakota,California,,,,35.287612613,49.43,109.301597437,-9.05,-74.013984825,22.552910213,144.58921005,6.85,0.07,6.0,2.0
2026-06-15,Rolling 3-Month,2026-01-01,2026-03-31,,State,,,,,,,,,,,,,,,,migration,,,,,,,,,,,,,,,,,,,,,,,,,,,,,,,,,,,,,,,,,,,,,,,,,,,,,,,,,,,,,,,,,South Dakota,Colorado,,,,43.794679234,17.43,82.231457955,-14.61,-38.436778721,20.563892491,126.026137189,8.5,0.28,5.0,4.0
2026-06-15,Rolling 3-Month,2026-01-01,2026-03-31,,State,,,,,,,,,,,,,,,,migration,,,,,,,,,,,,,,,,,,,,,,,,,,,,,,,,,,,,,,,,,,,,,,,,,,,,,,,,,,,,,,,,,South Dakota,Columbia,,,,1.0,-50.0,1.0,,0.0,-2.0,2.0,0.19,0.02,41.0,39.0
2026-06-15,Rolling 3-Month,2026-01-01,2026-03-31,,State,,,,,,,,,,,,,,,,migration,,,,,,,,,,,,,,,,,,,,,,,,,,,,,,,,,,,,,,,,,,,,,,,,,,,,,,,,,,,,,,,,,South Dakota,Florida,,,,48.236367127,65.96,18.727448951,6.79,29.508918177,17.9797353,66.963816078,9.37,0.06,3.0,11.0
2026-06-15,Rolling 3-Month,2026-01-01,2026-03-31,,State,,,,,,,,,,,,,,,,migration,,,,,,,,,,,,,,,,,,,,,,,,,,,,,,,,,,,,,,,,,,,,,,,,,,,,,,,,,,,,,,,,,South Carolina,Tennessee,,,,131.967894006,-24.8,222.985909908,-25.41,-91.018015902,32.443847232,354.953803915,2.72,0.67,10.0,19.0
2026-06-15,Rolling 3-Month,2026-01-01,2026-03-31,,State,,,,,,,,,,,,,,,,migration,,,,,,,,,,,,,,,,,,,,,,,,,,,,,,,,,,,,,,,,,,,,,,,,,,,,,,,,,,,,,,,,,South Carolina,South Carolina,,,,10711.223562419,-16.32,10711.223562419,-16.32,0.0,0.0,21422.447124838,,,,
2026-06-15,Rolling 3-Month,2026-01-01,2026-03-31,,State,,,,,,,,,,,,,,,,migration,,,,,,,,,,,,,,,,,,,,,,,,,,,,,,,,,,,,,,,,,,,,,,,,,,,,,,,,,,,,,,,,,South Carolina,Michigan,,,,67.722974654,-0.3,223.867754911,-7.01,-156.144780257,16.668381716,291.590729565,1.39,0.72,19.0,18.0
2026-06-15,Rolling 3-Month,2026-01-01,2026-03-31,,State,,,,,,,,,,,,,,,,migration,,,,,,,,,,,,,,,,,,,,,,,,,,,,,,,,,,,,,,,,,,,,,,,,,,,,,,,,,,,,,,,,,South Carolina,New Jersey,,,,77.192857978,10.78,568.304317615,0.74,-491.111459638,3.317507686,645.497175593,1.59,0.51,16.0,12.0
2026-06-15,Rolling 3-Month,2026-01-01,2026-03-31,,State,,,,,,,,,,,,,,,,migration,,,,,,,,,,,,,,,,,,,,,,,,,,,,,,,,,,,,,,,,,,,,,,,,,,,,,,,,,,,,,,,,,South Carolina,Minnesota,,,,15.563675428,-20.81,91.033988732,-19.64,-75.470313303,18.162676458,106.59766416,0.32,0.33,34.0,24.0
2026-06-15,Rolling 3-Month,2026-01-01,2026-03-31,,State,,,,,,,,,,,,,,,,migration,,,,,,,,,,,,,,,,,,,,,,,,,,,,,,,,,,,,,,,,,,,,,,,,,,,,,,,,,,,,,,,,,South Carolina,Mississippi,,,,14.677112578,-16.54,17.228948157,30.25,-2.551835579,-6.909610911,31.906060735,0.3,0.48,35.0,42.0
2026-06-15,Rolling 3-Month,2026-01-01,2026-03-31,,State,,,,,,,,,,,,,,,,migration,,,,,,,,,,,,,,,,,,,,,,,,,,,,,,,,,,,,,,,,,,,,,,,,,,,,,,,,,,,,,,,,,South Carolina,Missouri,,,,23.398097933,-27.17,57.89986815,-26.62,-34.501770217,12.278517474,81.297966083,0.48,0.34,30.0,30.0
2026-06-15,Rolling 3-Month,2026-01-01,2026-03-31,,State,,,,,,,,,,,,,,,,migration,,,,,,,,,,,,,,,,,,,,,,,,,,,,,,,,,,,,,,,,,,,,,,,,,,,,,,,,,,,,,,,,,South Carolina,Montana,,,,6.268536843,6.31,13.586206897,127.76,-7.317670054,-7.249143035,19.854743739,0.13,0.2,43.0,45.0
2026-06-15,Rolling 3-Month,2026-01-01,2026-03-31,,State,,,,,,,,,,,,,,,,migration,,,,,,,,,,,,,,,,,,,,,,,,,,,,,,,,,,,,,,,,,,,,,,,,,,,,,,,,,,,,,,,,,South Carolina,Nebraska,,,,5.0,-11.34,16.707630719,-38.24,-11.707630719,9.707416523,21.707630719,0.1,0.4,44.0,43.0
2026-06-15,Rolling 3-Month,2026-01-01,2026-03-31,,State,,,,,,,,,,,,,,,,migration,,,,,,,,,,,,,,,,,,,,,,,,,,,,,,,,,,,,,,,,,,,,,,,,,,,,,,,,,,,,,,,,,South Carolina,Nevada,,,,28.677362008,31.68,81.135995857,-33.45,-52.458633849,47.678737285,109.813357865,0.59,0.15,27.0,25.0
2026-06-15,Rolling 3-Month,2026-01-01,2026-03-31,,State,,,,,,,,,,,,,,,,migration,,,,,,,,,,,,,,,,,,,,,,,,,,,,,,,,,,,,,,,,,,,,,,,,,,,,,,,,,,,,,,,,,South Carolina,New Hampshire,,,,26.983503935,53.44,99.796122047,0.04,-72.812618113,9.361612773,126.779625982,0.56,0.48,28.0,22.0
2026-06-15,Rolling 3-Month,2026-01-01,2026-03-31,,State,,,,,,,,,,,,,,,,migration,,,,,,,,,,,,,,,,,,,,,,,,,,,,,,,,,,,,,,,,,,,,,,,,,,,,,,,,,,,,,,,,,South Carolina,New Mexico,,,,7.477272727,12.01,16.686757846,-36.91,-9.209485119,10.563015704,24.164030573,0.15,0.22,42.0,44.0
2026-06-15,Rolling 3-Month,2026-01-01,2026-03-31,,State,,,,,,,,,,,,,,,,migration,,,,,,,,,,,,,,,,,,,,,,,,,,,,,,,,,,,,,,,,,,,,,,,,,,,,,,,,,,,,,,,,,South Carolina,Rhode Island,,,,14.22626076,-16.67,49.837459526,3.63,-35.611198766,-4.590909853,64.063720285,0.29,0.64,36.0,33.0
2026-06-15,Rolling 3-Month,2026-01-01,2026-03-31,,State,,,,,,,,,,,,,,,,migration,,,,,,,,,,,,,,,,,,,,,,,,,,,,,,,,,,,,,,,,,,,,,,,,,,,,,,,,,,,,,,,,,South Carolina,New York,,,,160.725271097,9.06,1614.466449053,-11.88,-1453.741177956,231.055616401,1775.19172015,3.31,1.11,9.0,2.0
2026-06-15,Rolling 3-Month,2026-01-01,2026-03-31,,State,,,,,,,,,,,,,,,,migration,,,,,,,,,,,,,,,,,,,,,,,,,,,,,,,,,,,,,,,,,,,,,,,,,,,,,,,,,,,,,,,,,South Carolina,North Carolina,,,,847.467464108,2.79,4529.593785457,-10.75,-3682.12632135,568.6603476,5377.061249565,17.44,3.71,2.0,1.0
2026-06-15,Rolling 3-Month,2026-01-01,2026-03-31,,State,,,,,,,,,,,,,,,,migration,,,,,,,,,,,,,,,,,,,,,,,,,,,,,,,,,,,,,,,,,,,,,,,,,,,,,,,,,,,,,,,,,South Carolina,North Dakota,,,,2.0,,5.0,,-3.0,,7.0,0.04,0.61,48.0,49.0
2026-06-15,Rolling 3-Month,2026-01-01,2026-03-31,,State,,,,,,,,,,,,,,,,migration,,,,,,,,,,,,,,,,,,,,,,,,,,,,,,,,,,,,,,,,,,,,,,,,,,,,,,,,,,,,,,,,,South Carolina,Ohio,,,,117.010900113,2.73,505.717484441,-1.53,-388.706584327,10.971932271,622.728384554,2.41,1.32,11.0,13.0
2026-06-15,Rolling 3-Month,2026-01-01,2026-03-31,,State,,,,,,,,,,,,,,,,migration,,,,,,,,,,,,,,,,,,,,,,,,,,,,,,,,,,,,,,,,,,,,,,,,,,,,,,,,,,,,,,,,,South Carolina,Oklahoma,,,,21.601680822,-7.2,25.911120946,27.15,-4.309440123,-7.209119524,47.512801768,0.44,0.48,32.0,38.0
2026-06-15,Rolling 3-Month,2026-01-01,2026-03-31,,State,,,,,,,,,,,,,,,,migration,,,,,,,,,,,,,,,,,,,,,,,,,,,,,,,,,,,,,,,,,,,,,,,,,,,,,,,,,,,,,,,,,South Carolina,Oregon,,,,46.000507318,100.77,146.061079912,29.32,-100.060572594,-10.031695585,192.06158723,0.95,0.24,23.0,20.0
2026-06-15,Rolling 3-Month,2026-01-01,2026-03-31,,State,,,,,,,,,,,,,,,,migration,,,,,,,,,,,,,,,,,,,,,,,,,,,,,,,,,,,,,,,,,,,,,,,,,,,,,,,,,,,,,,,,,South Carolina,Pennsylvania,,,,197.174532582,50.62,831.841240465,-11.14,-634.666707883,170.549164296,1029.015773046,4.06,1.2,6.0,8.0
2026-06-15,Rolling 3-Month,2026-01-01,2026-03-31,,State,,,,,,,,,,,,,,,,migration,,,,,,,,,,,,,,,,,,,,,,,,,,,,,,,,,,,,,,,,,,,,,,,,,,,,,,,,,,,,,,,,,Rhode Island,New Jersey,,,,19.55050481,53.25,17.013207967,-15.13,2.537296843,9.826830753,36.563712777,1.13,0.13,17.0,17.0
2026-06-15,Rolling 3-Month,2026-01-01,2026-03-31,,State,,,,,,,,,,,,,,,,migration,,,,,,,,,,,,,,,,,,,,,,,,,,,,,,,,,,,,,,,,,,,,,,,,,,,,,,,,,,,,,,,,,Rhode Island,New Hampshire,,,,84.874832572,-11.01,16.564012706,9.03,68.310819866,-11.876936143,101.438845279,4.92,1.51,5.0,18.0
2026-06-15,Rolling 3-Month,2026-01-01,2026-03-31,,State,,,,,,,,,,,,,,,,migration,,,,,,,,,,,,,,,,,,,,,,,,,,,,,,,,,,,,,,,,,,,,,,,,,,,,,,,,,,,,,,,,,Rhode Island,Nevada,,,,6.759036145,-5.4,7.108597285,108.58,-0.3495611405,-4.086676454,13.86763343,0.39,0.03,24.0,26.0
2026-06-15,Rolling 3-Month,2026-01-01,2026-03-31,,State,,,,,,,,,,,,,,,,migration,,,,,,,,,,,,,,,,,,,,,,,,,,,,,,,,,,,,,,,,,,,,,,,,,,,,,,,,,,,,,,,,,Pennsylvania,Minnesota,,,,33.313399914,-30.72,52.556557713,-18.04,-19.243157798,-3.205921422,85.869957627,0.18,0.71,37.0,30.0
2026-06-15,Rolling 3-Month,2026-01-01,2026-03-31,,State,,,,,,,,,,,,,,,,migration,,,,,,,,,,,,,,,,,,,,,,,,,,,,,,,,,,,,,,,,,,,,,,,,,,,,,,,,,,,,,,,,,Pennsylvania,Kansas,,,,18.08168687,-22.19,12.493145743,-4.54,5.588541127,-4.562539754,30.574832614,0.1,0.76,43.0,46.0
2026-06-15,Rolling 3-Month,2026-01-01,2026-03-31,,State,,,,,,,,,,,,,,,,migration,,,,,,,,,,,,,,,,,,,,,,,,,,,,,,,,,,,,,,,,,,,,,,,,,,,,,,,,,,,,,,,,,Pennsylvania,Kentucky,,,,57.665372892,-0.01,68.755282253,36.96,-11.089909361,-18.561851136,126.420655145,0.3,1.3,31.0,26.0
2026-06-15,Rolling 3-Month,2026-01-01,2026-03-31,,State,,,,,,,,,,,,,,,,migration,,,,,,,,,,,,,,,,,,,,,,,,,,,,,,,,,,,,,,,,,,,,,,,,,,,,,,,,,,,,,,,,,Pennsylvania,Louisiana,,,,79.616690233,23.02,29.397078905,-32.7,50.219611328,29.18259695,109.013769138,0.42,1.34,27.0,38.0
2026-06-15,Rolling 3-Month,2026-01-01,2026-03-31,,State,,,,,,,,,,,,,,,,migration,,,,,,,,,,,,,,,,,,,,,,,,,,,,,,,,,,,,,,,,,,,,,,,,,,,,,,,,,,,,,,,,,Pennsylvania,Maine,,,,188.229935691,-15.4,54.743482251,28.38,133.486453441,-46.355408852,242.973417942,0.99,3.37,20.0,29.0
2026-06-15,Rolling 3-Month,2026-01-01,2026-03-31,,State,,,,,,,,,,,,,,,,migration,,,,,,,,,,,,,,,,,,,,,,,,,,,,,,,,,,,,,,,,,,,,,,,,,,,,,,,,,,,,,,,,,Mississippi,Wisconsin,,,,12.202020202,74.31,31.354684082,-2.85,-19.15266388,6.12031976,43.556704284,0.93,0.14,22.0,20.0
2026-06-15,Rolling 3-Month,2026-01-01,2026-03-31,,State,,,,,,,,,,,,,,,,migration,,,,,,,,,,,,,,,,,,,,,,,,,,,,,,,,,,,,,,,,,,,,,,,,,,,,,,,,,,,,,,,,,Pennsylvania,Massachusetts,,,,283.994968026,-0.52,391.779900544,-36.51,-107.784932518,223.832008701,675.77486857,1.5,2.88,15.0,12.0
2026-06-15,Rolling 3-Month,2026-01-01,2026-03-31,,State,,,,,,,,,,,,,,,,migration,,,,,,,,,,,,,,,,,,,,,,,,,,,,,,,,,,,,,,,,,,,,,,,,,,,,,,,,,,,,,,,,,Pennsylvania,Michigan,,,,123.510757445,-30.0,197.277290756,29.68,-73.766533311,-98.090825998,320.7880482,0.65,1.31,21.0,16.0
2026-06-15,Rolling 3-Month,2026-01-01,2026-03-31,,State,,,,,,,,,,,,,,,,migration,,,,,,,,,,,,,,,,,,,,,,,,,,,,,,,,,,,,,,,,,,,,,,,,,,,,,,,,,,,,,,,,,Pennsylvania,Mississippi,,,,21.758701843,-30.5,10.782637068,37.45,10.976064775,-12.484548096,32.541338911,0.11,0.72,41.0,47.0
2026-06-15,Rolling 3-Month,2026-01-01,2026-03-31,,State,,,,,,,,,,,,,,,,migration,,,,,,,,,,,,,,,,,,,,,,,,,,,,,,,,,,,,,,,,,,,,,,,,,,,,,,,,,,,,,,,,,Pennsylvania,Indiana,,,,71.178571739,-32.7,104.532804229,8.74,-33.354232491,-42.981279477,175.711375968,0.38,0.8,28.0,22.0
2026-06-15,Rolling 3-Month,2026-01-01,2026-03-31,,State,,,,,,,,,,,,,,,,migration,,,,,,,,,,,,,,,,,,,,,,,,,,,,,,,,,,,,,,,,,,,,,,,,,,,,,,,,,,,,,,,,,Pennsylvania,Missouri,,,,53.995307309,-15.4,45.347614825,-27.14,8.647692484,7.064748707,99.342922134,0.29,0.78,32.0,33.0
2026-06-15,Rolling 3-Month,2026-01-01,2026-03-31,,State,,,,,,,,,,,,,,,,migration,,,,,,,,,,,,,,,,,,,,,,,,,,,,,,,,,,,,,,,,,,,,,,,,,,,,,,,,,,,,,,,,,Pennsylvania,Montana,,,,24.289792219,-3.51,13.549295775,-0.58,10.740496445,-0.8029857403,37.839087994,0.13,0.76,39.0,43.0
2026-06-15,Rolling 3-Month,2026-01-01,2026-03-31,,State,,,,,,,,,,,,,,,,migration,,,,,,,,,,,,,,,,,,,,,,,,,,,,,,,,,,,,,,,,,,,,,,,,,,,,,,,,,,,,,,,,,Pennsylvania,Nebraska,,,,5.869256987,-34.64,19.296422101,460.57,-13.427165114,-18.96489372,25.165679088,0.03,0.47,49.0,40.0
2026-06-15,Rolling 3-Month,2026-01-01,2026-03-31,,State,,,,,,,,,,,,,,,,migration,,,,,,,,,,,,,,,,,,,,,,,,,,,,,,,,,,,,,,,,,,,,,,,,,,,,,,,,,,,,,,,,,Pennsylvania,Nevada,,,,107.313139866,-3.38,98.267900826,-23.08,9.04523904,25.730435318,205.581040692,0.57,0.55,24.0,25.0
2026-06-15,Rolling 3-Month,2026-01-01,2026-03-31,,State,,,,,,,,,,,,,,,,migration,,,,,,,,,,,,,,,,,,,,,,,,,,,,,,,,,,,,,,,,,,,,,,,,,,,,,,,,,,,,,,,,,Pennsylvania,New Hampshire,,,,64.593894027,-8.82,43.964242561,44.48,20.629651466,-19.783429494,108.558136588,0.34,1.15,30.0,35.0
2026-06-15,Rolling 3-Month,2026-01-01,2026-03-31,,State,,,,,,,,,,,,,,,,migration,,,,,,,,,,,,,,,,,,,,,,,,,,,,,,,,,,,,,,,,,,,,,,,,,,,,,,,,,,,,,,,,,Pennsylvania,New Jersey,,,,3712.565220586,-21.71,2197.230188334,-5.36,1515.335032252,-904.994109557,5909.795408919,19.6,24.67,1.0,2.0
2026-06-15,Rolling 3-Month,2026-01-01,2026-03-31,,State,,,,,,,,,,,,,,,,migration,,,,,,,,,,,,,,,,,,,,,,,,,,,,,,,,,,,,,,,,,,,,,,,,,,,,,,,,,,,,,,,,,Pennsylvania,New Mexico,,,,20.121076485,-47.89,47.180266828,40.89,-27.059190342,-32.185270552,67.301343313,0.11,0.59,42.0,31.0
2026-06-15,Rolling 3-Month,2026-01-01,2026-03-31,,State,,,,,,,,,,,,,,,,migration,,,,,,,,,,,,,,,,,,,,,,,,,,,,,,,,,,,,,,,,,,,,,,,,,,,,,,,,,,,,,,,,,Pennsylvania,Iowa,,,,12.801152681,-7.98,18.95856126,-6.43,-6.157408579,0.1915948972,31.759713941,0.07,0.63,45.0,41.0
2026-06-15,Rolling 3-Month,2026-01-01,2026-03-31,,State,,,,,,,,,,,,,,,,migration,,,,,,,,,,,,,,,,,,,,,,,,,,,,,,,,,,,,,,,,,,,,,,,,,,,,,,,,,,,,,,,,,Pennsylvania,Illinois,,,,244.378246333,-11.93,281.713178098,-26.38,-37.334931765,67.851179217,526.09142443,1.29,1.29,17.0,14.0
2026-06-15,Rolling 3-Month,2026-01-01,2026-03-31,,State,,,,,,,,,,,,,,,,migration,,,,,,,,,,,,,,,,,,,,,,,,,,,,,,,,,,,,,,,,,,,,,,,,,,,,,,,,,,,,,,,,,Pennsylvania,North Carolina,,,,882.921613184,-7.63,504.635409787,-3.96,378.286203396,-52.14250584,1387.557022971,4.66,3.86,6.0,7.0
2026-06-15,Rolling 3-Month,2026-01-01,2026-03-31,,State,,,,,,,,,,,,,,,,migration,,,,,,,,,,,,,,,,,,,,,,,,,,,,,,,,,,,,,,,,,,,,,,,,,,,,,,,,,,,,,,,,,Pennsylvania,Arkansas,,,,23.6249436,-24.52,13.635683009,1.81,9.989260591,-7.918564875,37.260626608,0.12,0.56,40.0,42.0
2026-06-15,Rolling 3-Month,2026-01-01,2026-03-31,,State,,,,,,,,,,,,,,,,migration,,,,,,,,,,,,,,,,,,,,,,,,,,,,,,,,,,,,,,,,,,,,,,,,,,,,,,,,,,,,,,,,,Oregon,Washington,,,,5829.837171701,-19.69,5351.975205702,-33.43,477.861965999,1258.405834095,11181.812377403,34.62,18.97,1.0,2.0
2026-06-15,Rolling 3-Month,2026-01-01,2026-03-31,,State,,,,,,,,,,,,,,,,migration,,,,,,,,,,,,,,,,,,,,,,,,,,,,,,,,,,,,,,,,,,,,,,,,,,,,,,,,,,,,,,,,,Oregon,West Virginia,,,,8.651625219,-16.37,16.410345856,129.36,-7.758720636,-10.949175626,25.061971075,0.05,0.31,47.0,43.0
2026-06-15,Rolling 3-Month,2026-01-01,2026-03-31,,State,,,,,,,,,,,,,,,,migration,,,,,,,,,,,,,,,,,,,,,,,,,,,,,,,,,,,,,,,,,,,,,,,,,,,,,,,,,,,,,,,,,Oregon,Wisconsin,,,,100.458055362,3.73,78.988254501,23.9,21.469800862,-11.626150618,179.446309863,0.6,1.16,21.0,25.0
2026-06-15,Rolling 3-Month,2026-01-01,2026-03-31,,State,,,,,,,,,,,,,,,,migration,,,,,,,,,,,,,,,,,,,,,,,,,,,,,,,,,,,,,,,,,,,,,,,,,,,,,,,,,,,,,,,,,Oregon,Wyoming,,,,33.194770304,-23.23,9.238445098,-42.05,23.956325206,-3.339893283,42.433215401,0.2,3.52,37.0,45.0
2026-06-15,Rolling 3-Month,2026-01-01,2026-03-31,,State,,,,,,,,,,,,,,,,migration,,,,,,,,,,,,,,,,,,,,,,,,,,,,,,,,,,,,,,,,,,,,,,,,,,,,,,,,,,,,,,,,,Pennsylvania,Alabama,,,,106.748283803,27.29,56.906521881,40.07,49.841761922,6.608497141,163.654805684,0.56,1.6,25.0,28.0
2026-06-15,Rolling 3-Month,2026-01-01,2026-03-31,,State,,,,,,,,,,,,,,,,migration,,,,,,,,,,,,,,,,,,,,,,,,,,,,,,,,,,,,,,,,,,,,,,,,,,,,,,,,,,,,,,,,,Pennsylvania,Alaska,,,,11.420668693,471.03,13.049989226,1.2,-1.629320533,9.266055189,24.470657919,0.06,1.29,46.0,45.0
2026-06-15,Rolling 3-Month,2026-01-01,2026-03-31,,State,,,,,,,,,,,,,,,,migration,,,,,,,,,,,,,,,,,,,,,,,,,,,,,,,,,,,,,,,,,,,,,,,,,,,,,,,,,,,,,,,,,Pennsylvania,Arizona,,,,303.691861988,3.06,192.628416847,-32.34,111.063445141,101.062049565,496.320278835,1.6,0.89,13.0,18.0
2026-06-15,Rolling 3-Month,2026-01-01,2026-03-31,,State,,,,,,,,,,,,,,,,migration,,,,,,,,,,,,,,,,,,,,,,,,,,,,,,,,,,,,,,,,,,,,,,,,,,,,,,,,,,,,,,,,,Pennsylvania,California,,,,969.869932955,6.54,1312.470582515,-22.4,-342.60064956,438.33657104,2282.340515469,5.12,1.86,5.0,5.0
2026-06-15,Rolling 3-Month,2026-01-01,2026-03-31,,State,,,,,,,,,,,,,,,,migration,,,,,,,,,,,,,,,,,,,,,,,,,,,,,,,,,,,,,,,,,,,,,,,,,,,,,,,,,,,,,,,,,Pennsylvania,Idaho,,,,14.951024994,-47.82,13.307490208,-10.34,1.643534786,-12.168886024,28.258515202,0.08,0.14,44.0,44.0
2026-06-15,Rolling 3-Month,2026-01-01,2026-03-31,,State,,,,,,,,,,,,,,,,migration,,,,,,,,,,,,,,,,,,,,,,,,,,,,,,,,,,,,,,,,,,,,,,,,,,,,,,,,,,,,,,,,,Pennsylvania,Colorado,,,,246.000968534,31.26,205.462565996,-9.88,40.538402537,81.09716796,451.46353453,1.3,1.55,16.0,15.0
2026-06-15,Rolling 3-Month,2026-01-01,2026-03-31,,State,,,,,,,,,,,,,,,,migration,,,,,,,,,,,,,,,,,,,,,,,,,,,,,,,,,,,,,,,,,,,,,,,,,,,,,,,,,,,,,,,,,Pennsylvania,Columbia,,,,115.691656966,-11.76,188.267499255,-16.12,-72.575842289,20.763737775,303.959156221,0.61,2.16,23.0,19.0
2026-06-15,Rolling 3-Month,2026-01-01,2026-03-31,,State,,,,,,,,,,,,,,,,migration,,,,,,,,,,,,,,,,,,,,,,,,,,,,,,,,,,,,,,,,,,,,,,,,,,,,,,,,,,,,,,,,,Pennsylvania,Connecticut,,,,90.240257936,-22.78,185.592626809,1.6,-95.352368873,-29.535612556,275.832884745,0.48,1.7,26.0,20.0
2026-06-15,Rolling 3-Month,2026-01-01,2026-03-31,,State,,,,,,,,,,,,,,,,migration,,,,,,,,,,,,,,,,,,,,,,,,,,,,,,,,,,,,,,,,,,,,,,,,,,,,,,,,,,,,,,,,,Pennsylvania,Delaware,,,,1475.795333996,-21.18,417.173346153,-4.3,1058.621987843,-377.720138493,1892.968680148,7.79,33.41,3.0,10.0
2026-06-15,Rolling 3-Month,2026-01-01,2026-03-31,,State,,,,,,,,,,,,,,,,migration,,,,,,,,,,,,,,,,,,,,,,,,,,,,,,,,,,,,,,,,,,,,,,,,,,,,,,,,,,,,,,,,,Pennsylvania,Florida,,,,3412.181245017,12.84,1333.264694059,-16.72,2078.916550958,656.026323314,4745.445939077,18.02,4.18,2.0,4.0
2026-06-15,Rolling 3-Month,2026-01-01,2026-03-31,,State,,,,,,,,,,,,,,,,migration,,,,,,,,,,,,,,,,,,,,,,,,,,,,,,,,,,,,,,,,,,,,,,,,,,,,,,,,,,,,,,,,,Pennsylvania,Georgia,,,,494.608014007,-14.03,296.662520317,-20.66,197.94549369,-3.478520904,791.270534325,2.61,2.64,11.0,13.0
2026-06-15,Rolling 3-Month,2026-01-01,2026-03-31,,State,,,,,,,,,,,,,,,,migration,,,,,,,,,,,,,,,,,,,,,,,,,,,,,,,,,,,,,,,,,,,,,,,,,,,,,,,,,,,,,,,,,Pennsylvania,Hawaii,,,,68.356337081,-18.43,68.204799821,-0.85,0.1515372592,-14.860713376,136.561136902,0.36,0.64,29.0,27.0
2026-06-15,Rolling 3-Month,2026-01-01,2026-03-31,,State,,,,,,,,,,,,,,,,migration,,,,,,,,,,,,,,,,,,,,,,,,,,,,,,,,,,,,,,,,,,,,,,,,,,,,,,,,,,,,,,,,,Pennsylvania,New York,,,,704.649899997,-18.93,3380.328687902,-26.72,-2675.678787906,1068.15376949,4084.978587899,3.72,4.85,8.0,1.0
2026-06-15,Rolling 3-Month,2026-01-01,2026-03-31,,State,,,,,,,,,,,,,,,,migration,,,,,,,,,,,,,,,,,,,,,,,,,,,,,,,,,,,,,,,,,,,,,,,,,,,,,,,,,,,,,,,,,Pennsylvania,North Dakota,,,,2.203539823,61.27,2.0,-52.52,0.203539823,3.04942045,4.203539823,0.01,0.67,50.0,49.0
2026-06-15,Rolling 3-Month,2026-01-01,2026-03-31,,State,,,,,,,,,,,,,,,,migration,,,,,,,,,,,,,,,,,,,,,,,,,,,,,,,,,,,,,,,,,,,,,,,,,,,,,,,,,,,,,,,,,Rhode Island,Nebraska,,,,2.0,,2.0,,0.0,,4.0,0.12,0.16,34.0,34.0
2026-06-15,Rolling 3-Month,2026-01-01,2026-03-31,,State,,,,,,,,,,,,,,,,migration,,,,,,,,,,,,,,,,,,,,,,,,,,,,,,,,,,,,,,,,,,,,,,,,,,,,,,,,,,,,,,,,,Rhode Island,Indiana,,,,5.0,-32.57,10.0,-26.56,-5.0,1.201098961,15.0,0.29,0.06,26.0,21.0
2026-06-15,Rolling 3-Month,2026-01-01,2026-03-31,,State,,,,,,,,,,,,,,,,migration,,,,,,,,,,,,,,,,,,,,,,,,,,,,,,,,,,,,,,,,,,,,,,,,,,,,,,,,,,,,,,,,,Rhode Island,Connecticut,,,,104.33445871,-22.15,160.608374137,-31.41,-56.273915427,43.860578979,264.942832846,6.05,1.97,4.0,2.0
2026-06-15,Rolling 3-Month,2026-01-01,2026-03-31,,State,,,,,,,,,,,,,,,,migration,,,,,,,,,,,,,,,,,,,,,,,,,,,,,,,,,,,,,,,,,,,,,,,,,,,,,,,,,,,,,,,,,Rhode Island,Delaware,,,,4.511592112,-52.49,3.0,-44.33,1.511592112,-2.594757095,7.511592112,0.26,0.1,29.0,30.0
2026-06-15,Rolling 3-Month,2026-01-01,2026-03-31,,State,,,,,,,,,,,,,,,,migration,,,,,,,,,,,,,,,,,,,,,,,,,,,,,,,,,,,,,,,,,,,,,,,,,,,,,,,,,,,,,,,,,Rhode Island,Florida,,,,426.576004683,67.49,156.474439354,-13.4,270.101565329,196.11214686,583.050444037,24.73,0.52,1.0,3.0
2026-06-15,Rolling 3-Month,2026-01-01,2026-03-31,,State,,,,,,,,,,,,,,,,migration,,,,,,,,,,,,,,,,,,,,,,,,,,,,,,,,,,,,,,,,,,,,,,,,,,,,,,,,,,,,,,,,,Rhode Island,Georgia,,,,27.705882353,-17.4,22.69536079,-10.85,5.010521562,-3.075796674,50.401243143,1.61,0.15,14.0,12.0
2026-06-15,Rolling 3-Month,2026-01-01,2026-03-31,,State,,,,,,,,,,,,,,,,migration,,,,,,,,,,,,,,,,,,,,,,,,,,,,,,,,,,,,,,,,,,,,,,,,,,,,,,,,,,,,,,,,,Rhode Island,Hawaii,,,,5.681818182,-48.13,7.409343434,120.46,-1.727525253,-9.320473098,13.091161616,0.33,0.05,25.0,25.0
2026-06-15,Rolling 3-Month,2026-01-01,2026-03-31,,State,,,,,,,,,,,,,,,,migration,,,,,,,,,,,,,,,,,,,,,,,,,,,,,,,,,,,,,,,,,,,,,,,,,,,,,,,,,,,,,,,,,Rhode Island,Idaho,,,,1.0,41.18,1.0,,0.0,-0.7083333333,2.0,0.06,0.01,40.0,39.0
2026-06-15,Rolling 3-Month,2026-01-01,2026-03-31,,State,,,,,,,,,,,,,,,,migration,,,,,,,,,,,,,,,,,,,,,,,,,,,,,,,,,,,,,,,,,,,,,,,,,,,,,,,,,,,,,,,,,Rhode Island,Illinois,,,,12.790862666,66.87,32.724397116,1.42,-19.933534449,4.66928954,45.515259782,0.74,0.07,22.0,9.0
2026-06-15,Rolling 3-Month,2026-01-01,2026-03-31,,State,,,,,,,,,,,,,,,,migration,,,,,,,,,,,,,,,,,,,,,,,,,,,,,,,,,,,,,,,,,,,,,,,,,,,,,,,,,,,,,,,,,Rhode Island,Kentucky,,,,5.0,222.98,5.44059117,54.53,-0.4405911702,1.53216524,10.44059117,0.29,0.11,27.0,29.0
2026-06-15,Rolling 3-Month,2026-01-01,2026-03-31,,State,,,,,,,,,,,,,,,,migration,,,,,,,,,,,,,,,,,,,,,,,,,,,,,,,,,,,,,,,,,,,,,,,,,,,,,,,,,,,,,,,,,Rhode Island,Colorado,,,,15.903302979,-12.07,21.346217971,-17.2,-5.442914992,2.250073479,37.24952095,0.92,0.1,20.0,13.0
2026-06-15,Rolling 3-Month,2026-01-01,2026-03-31,,State,,,,,,,,,,,,,,,,migration,,,,,,,,,,,,,,,,,,,,,,,,,,,,,,,,,,,,,,,,,,,,,,,,,,,,,,,,,,,,,,,,,Rhode Island,Louisiana,,,,2.544117647,-57.6,0.2976190476,-94.77,2.246498599,1.934425753,2.841736695,0.15,0.04,32.0,41.0
2026-06-15,Rolling 3-Month,2026-01-01,2026-03-31,,State,,,,,,,,,,,,,,,,migration,,,,,,,,,,,,,,,,,,,,,,,,,,,,,,,,,,,,,,,,,,,,,,,,,,,,,,,,,,,,,,,,,Rhode Island,Maine,,,,104.43666688,4.23,7.454331134,-66.51,96.982335746,19.046295781,111.890998013,6.05,1.87,3.0,24.0
2026-06-15,Rolling 3-Month,2026-01-01,2026-03-31,,State,,,,,,,,,,,,,,,,migration,,,,,,,,,,,,,,,,,,,,,,,,,,,,,,,,,,,,,,,,,,,,,,,,,,,,,,,,,,,,,,,,,Rhode Island,Maryland,,,,17.564574699,-11.18,19.451316015,-39.28,-1.886741315,10.370321165,37.015890714,1.02,0.1,18.0,15.0
2026-06-15,Rolling 3-Month,2026-01-01,2026-03-31,,State,,,,,,,,,,,,,,,,migration,,,,,,,,,,,,,,,,,,,,,,,,,,,,,,,,,,,,,,,,,,,,,,,,,,,,,,,,,,,,,,,,,Rhode Island,Massachusetts,,,,419.24283496,18.85,1132.384099727,-35.17,-713.141264767,680.688917894,1551.626934687,24.3,4.25,2.0,1.0
2026-06-15,Rolling 3-Month,2026-01-01,2026-03-31,,State,,,,,,,,,,,,,,,,migration,,,,,,,,,,,,,,,,,,,,,,,,,,,,,,,,,,,,,,,,,,,,,,,,,,,,,,,,,,,,,,,,,Rhode Island,Michigan,,,,4.022264593,-23.43,13.987549407,1.83,-9.965284814,-1.481622826,18.009814,0.23,0.04,30.0,20.0
2026-06-15,Rolling 3-Month,2026-01-01,2026-03-31,,State,,,,,,,,,,,,,,,,migration,,,,,,,,,,,,,,,,,,,,,,,,,,,,,,,,,,,,,,,,,,,,,,,,,,,,,,,,,,,,,,,,,Rhode Island,Minnesota,,,,0.7321428571,-85.36,7.0,-27.25,-6.267857143,-1.646055141,7.732142857,0.04,0.02,42.0,27.0
2026-06-15,Rolling 3-Month,2026-01-01,2026-03-31,,State,,,,,,,,,,,,,,,,migration,,,,,,,,,,,,,,,,,,,,,,,,,,,,,,,,,,,,,,,,,,,,,,,,,,,,,,,,,,,,,,,,,Rhode Island,Mississippi,,,,2.493506494,-20.34,0.0,-100.0,2.493506494,-0.04519022255,2.493506494,0.14,0.08,33.0,42.0
2026-06-15,Rolling 3-Month,2026-01-01,2026-03-31,,State,,,,,,,,,,,,,,,,migration,,,,,,,,,,,,,,,,,,,,,,,,,,,,,,,,,,,,,,,,,,,,,,,,,,,,,,,,,,,,,,,,,Rhode Island,Columbia,,,,6.9304249,-8.25,9.466270444,-49.71,-2.535845544,8.734227045,16.396695343,0.4,0.13,23.0,23.0
2026-06-15,Rolling 3-Month,2026-01-01,2026-03-31,,State,,,,,,,,,,,,,,,,migration,,,,,,,,,,,,,,,,,,,,,,,,,,,,,,,,,,,,,,,,,,,,,,,,,,,,,,,,,,,,,,,,,Rhode Island,California,,,,84.665600903,8.92,128.252850625,-28.18,-43.587249722,57.254591136,212.918451529,4.91,0.16,6.0,5.0
2026-06-15,Rolling 3-Month,2026-01-01,2026-03-31,,State,,,,,,,,,,,,,,,,migration,,,,,,,,,,,,,,,,,,,,,,,,,,,,,,,,,,,,,,,,,,,,,,,,,,,,,,,,,,,,,,,,,Pennsylvania,Ohio,,,,412.273841123,-31.07,421.068518815,0.23,-8.794677692,-186.815113319,833.342359938,2.18,4.64,12.0,9.0
2026-06-15,Rolling 3-Month,2026-01-01,2026-03-31,,State,,,,,,,,,,,,,,,,migration,,,,,,,,,,,,,,,,,,,,,,,,,,,,,,,,,,,,,,,,,,,,,,,,,,,,,,,,,,,,,,,,,Pennsylvania,Texas,,,,633.034294394,-4.88,496.419901234,-36.25,136.614393161,249.759861926,1129.454195628,3.34,1.46,10.0,8.0
2026-06-15,Rolling 3-Month,2026-01-01,2026-03-31,,State,,,,,,,,,,,,,,,,migration,,,,,,,,,,,,,,,,,,,,,,,,,,,,,,,,,,,,,,,,,,,,,,,,,,,,,,,,,,,,,,,,,Pennsylvania,Oklahoma,,,,34.988547711,-13.19,22.964994408,-22.57,12.023553303,1.379615961,57.953542119,0.18,0.78,35.0,39.0
2026-06-15,Rolling 3-Month,2026-01-01,2026-03-31,,State,,,,,,,,,,,,,,,,migration,,,,,,,,,,,,,,,,,,,,,,,,,,,,,,,,,,,,,,,,,,,,,,,,,,,,,,,,,,,,,,,,,Pennsylvania,Oregon,,,,122.510215092,-15.92,104.225999246,-40.57,18.284215846,47.959361115,226.736214338,0.65,0.65,22.0,23.0
2026-06-15,Rolling 3-Month,2026-01-01,2026-03-31,,State,,,,,,,,,,,,,,,,migration,,,,,,,,,,,,,,,,,,,,,,,,,,,,,,,,,,,,,,,,,,,,,,,,,,,,,,,,,,,,,,,,,Pennsylvania,Pennsylvania,,,,76209.132824398,-14.15,76209.132824398,-14.15,0.0,0.0,152418.265648796,,,,
2026-06-15,Rolling 3-Month,2026-01-01,2026-03-31,,State,,,,,,,,,,,,,,,,migration,,,,,,,,,,,,,,,,,,,,,,,,,,,,,,,,,,,,,,,,,,,,,,,,,,,,,,,,,,,,,,,,,Pennsylvania,Rhode Island,,,,26.766085834,-26.58,35.188236448,-5.97,-8.422150614,-7.458018706,61.954322282,0.14,1.2,38.0,37.0
2026-06-15,Rolling 3-Month,2026-01-01,2026-03-31,,State,,,,,,,,,,,,,,,,migration,,,,,,,,,,,,,,,,,,,,,,,,,,,,,,,,,,,,,,,,,,,,,,,,,,,,,,,,,,,,,,,,,Pennsylvania,South Carolina,,,,831.841240465,-11.14,197.174532582,50.62,634.666707883,-170.549164296,1029.015773046,4.39,4.44,7.0,17.0
2026-06-15,Rolling 3-Month,2026-01-01,2026-03-31,,State,,,,,,,,,,,,,,,,migration,,,,,,,,,,,,,,,,,,,,,,,,,,,,,,,,,,,,,,,,,,,,,,,,,,,,,,,,,,,,,,,,,Pennsylvania,South Dakota,,,,6.20765878,3.46,7.911504425,397.5,-1.703845645,-6.1135813,14.119163204,0.03,0.8,48.0,48.0
2026-06-15,Rolling 3-Month,2026-01-01,2026-03-31,,State,,,,,,,,,,,,,,,,migration,,,,,,,,,,,,,,,,,,,,,,,,,,,,,,,,,,,,,,,,,,,,,,,,,,,,,,,,,,,,,,,,,Pennsylvania,Tennessee,,,,292.199617519,10.92,150.317536533,-5.88,141.882080986,38.155755916,442.517154053,1.54,1.49,14.0,21.0
2026-06-15,Rolling 3-Month,2026-01-01,2026-03-31,,State,,,,,,,,,,,,,,,,migration,,,,,,,,,,,,,,,,,,,,,,,,,,,,,,,,,,,,,,,,,,,,,,,,,,,,,,,,,,,,,,,,,Pennsylvania,Utah,,,,43.211727454,71.53,44.71479183,-42.27,-1.503064375,50.753137305,87.926519284,0.23,0.8,34.0,34.0
2026-06-15,Rolling 3-Month,2026-01-01,2026-03-31,,State,,,,,,,,,,,,,,,,migration,,,,,,,,,,,,,,,,,,,,,,,,,,,,,,,,,,,,,,,,,,,,,,,,,,,,,,,,,,,,,,,,,Rhode Island,Arizona,,,,17.41210728,-1.69,21.004475085,-13.08,-3.592367805,2.862320387,38.416582364,1.01,0.05,19.0,14.0
2026-06-15,Rolling 3-Month,2026-01-01,2026-03-31,,State,,,,,,,,,,,,,,,,migration,,,,,,,,,,,,,,,,,,,,,,,,,,,,,,,,,,,,,,,,,,,,,,,,,,,,,,,,,,,,,,,,,Pennsylvania,Vermont,,,,52.353200959,-31.7,42.922905777,2.18,9.430295182,-25.211734351,95.276106736,0.28,2.6,33.0,36.0
2026-06-15,Rolling 3-Month,2026-01-01,2026-03-31,,State,,,,,,,,,,,,,,,,migration,,,,,,,,,,,,,,,,,,,,,,,,,,,,,,,,,,,,,,,,,,,,,,,,,,,,,,,,,,,,,,,,,Pennsylvania,Virginia,,,,694.570357252,-3.17,1060.525172376,-32.15,-365.954815124,479.656166596,1755.095529628,3.67,3.57,9.0,6.0
2026-06-15,Rolling 3-Month,2026-01-01,2026-03-31,,State,,,,,,,,,,,,,,,,migration,,,,,,,,,,,,,,,,,,,,,,,,,,,,,,,,,,,,,,,,,,,,,,,,,,,,,,,,,,,,,,,,,Pennsylvania,Washington,,,,235.676812668,-12.55,413.907643555,-25.75,-178.230830888,109.675565868,649.584456223,1.24,0.77,18.0,11.0
2026-06-15,Rolling 3-Month,2026-01-01,2026-03-31,,State,,,,,,,,,,,,,,,,migration,,,,,,,,,,,,,,,,,,,,,,,,,,,,,,,,,,,,,,,,,,,,,,,,,,,,,,,,,,,,,,,,,Pennsylvania,West Virginia,,,,228.289890829,38.16,99.928188358,17.71,128.361702471,48.020212183,328.218079187,1.21,8.22,19.0,24.0
2026-06-15,Rolling 3-Month,2026-01-01,2026-03-31,,State,,,,,,,,,,,,,,,,migration,,,,,,,,,,,,,,,,,,,,,,,,,,,,,,,,,,,,,,,,,,,,,,,,,,,,,,,,,,,,,,,,,Pennsylvania,Wisconsin,,,,34.768460755,-34.19,45.985357782,35.46,-11.216897027,-30.099006575,80.753818538,0.18,0.4,36.0,32.0
2026-06-15,Rolling 3-Month,2026-01-01,2026-03-31,,State,,,,,,,,,,,,,,,,migration,,,,,,,,,,,,,,,,,,,,,,,,,,,,,,,,,,,,,,,,,,,,,,,,,,,,,,,,,,,,,,,,,Pennsylvania,Wyoming,,,,9.635352273,65.14,0.4941176471,-78.04,9.141234626,5.556659319,10.12946992,0.05,1.02,47.0,50.0
2026-06-15,Rolling 3-Month,2026-01-01,2026-03-31,,State,,,,,,,,,,,,,,,,migration,,,,,,,,,,,,,,,,,,,,,,,,,,,,,,,,,,,,,,,,,,,,,,,,,,,,,,,,,,,,,,,,,Rhode Island,Alabama,,,,4.947975223,-17.53,1.568103718,-76.64,3.379871505,4.092908195,6.51607894,0.29,0.07,28.0,36.0
2026-06-15,Rolling 3-Month,2026-01-01,2026-03-31,,State,,,,,,,,,,,,,,,,migration,,,,,,,,,,,,,,,,,,,,,,,,,,,,,,,,,,,,,,,,,,,,,,,,,,,,,,,,,,,,,,,,,South Dakota,Georgia,,,,5.247311828,74.91,4.0,-31.78,1.247311828,4.110527139,9.247311828,1.02,0.03,24.0,30.0
2026-06-15,Rolling 3-Month,2026-01-01,2026-03-31,,State,,,,,,,,,,,,,,,,migration,,,,,,,,,,,,,,,,,,,,,,,,,,,,,,,,,,,,,,,,,,,,,,,,,,,,,,,,,,,,,,,,,South Dakota,Idaho,,,,13.720501352,22.51,6.0,-20.78,7.720501352,4.095195369,19.720501352,2.66,0.13,9.0,23.0
2026-06-15,Rolling 3-Month,2026-01-01,2026-03-31,,State,,,,,,,,,,,,,,,,migration,,,,,,,,,,,,,,,,,,,,,,,,,,,,,,,,,,,,,,,,,,,,,,,,,,,,,,,,,,,,,,,,,Utah,Minnesota,,,,43.702602125,-27.44,41.343820676,12.86,2.358781449,-21.240271586,85.046422801,0.9,0.93,23.0,23.0
2026-06-15,Rolling 3-Month,2026-01-01,2026-03-31,,State,,,,,,,,,,,,,,,,migration,,,,,,,,,,,,,,,,,,,,,,,,,,,,,,,,,,,,,,,,,,,,,,,,,,,,,,,,,,,,,,,,,South Dakota,Illinois,,,,47.522727273,465.94,26.304294144,-35.68,21.218433129,53.718151382,73.827021416,9.23,0.25,4.0,9.0
2026-06-15,Rolling 3-Month,2026-01-01,2026-03-31,,State,,,,,,,,,,,,,,,,migration,,,,,,,,,,,,,,,,,,,,,,,,,,,,,,,,,,,,,,,,,,,,,,,,,,,,,,,,,,,,,,,,,Texas,Kentucky,,,,188.295727215,-18.27,162.594966503,-7.91,25.700760712,-28.125053747,350.890693719,0.57,4.24,36.0,37.0
2026-06-15,Rolling 3-Month,2026-01-01,2026-03-31,,State,,,,,,,,,,,,,,,,migration,,,,,,,,,,,,,,,,,,,,,,,,,,,,,,,,,,,,,,,,,,,,,,,,,,,,,,,,,,,,,,,,,Texas,Louisiana,,,,1269.54291327,-26.08,629.517964288,-5.12,640.024948981,-413.874981986,1899.060877558,3.81,21.32,8.0,16.0
2026-06-15,Rolling 3-Month,2026-01-01,2026-03-31,,State,,,,,,,,,,,,,,,,migration,,,,,,,,,,,,,,,,,,,,,,,,,,,,,,,,,,,,,,,,,,,,,,,,,,,,,,,,,,,,,,,,,Texas,Maine,,,,195.416333749,-28.06,49.919981028,23.96,145.496352721,-85.861005856,245.336314776,0.59,3.5,35.0,46.0
2026-06-15,Rolling 3-Month,2026-01-01,2026-03-31,,State,,,,,,,,,,,,,,,,migration,,,,,,,,,,,,,,,,,,,,,,,,,,,,,,,,,,,,,,,,,,,,,,,,,,,,,,,,,,,,,,,,,Texas,Maryland,,,,517.620952753,-18.71,1066.899295951,-2.18,-549.278343198,-95.343593106,1584.520248703,1.55,2.99,17.0,9.0
2026-06-15,Rolling 3-Month,2026-01-01,2026-03-31,,State,,,,,,,,,,,,,,,,migration,,,,,,,,,,,,,,,,,,,,,,,,,,,,,,,,,,,,,,,,,,,,,,,,,,,,,,,,,,,,,,,,,Texas,Massachusetts,,,,417.872463803,-22.06,755.15482962,-18.13,-337.282365817,49.018443636,1173.027293424,1.26,4.23,25.0,12.0
2026-06-15,Rolling 3-Month,2026-01-01,2026-03-31,,State,,,,,,,,,,,,,,,,migration,,,,,,,,,,,,,,,,,,,,,,,,,,,,,,,,,,,,,,,,,,,,,,,,,,,,,,,,,,,,,,,,,Texas,Michigan,,,,457.671452982,-35.26,553.553088409,1.23,-95.881635427,-255.925913996,1011.224541391,1.37,4.84,22.0,19.0
2026-06-15,Rolling 3-Month,2026-01-01,2026-03-31,,State,,,,,,,,,,,,,,,,migration,,,,,,,,,,,,,,,,,,,,,,,,,,,,,,,,,,,,,,,,,,,,,,,,,,,,,,,,,,,,,,,,,Texas,Minnesota,,,,336.263238076,-34.56,502.707262297,-10.11,-166.444024221,-121.036785498,838.970500372,1.01,7.12,27.0,22.0
2026-06-15,Rolling 3-Month,2026-01-01,2026-03-31,,State,,,,,,,,,,,,,,,,migration,,,,,,,,,,,,,,,,,,,,,,,,,,,,,,,,,,,,,,,,,,,,,,,,,,,,,,,,,,,,,,,,,Texas,Mississippi,,,,287.63982686,13.39,192.635957201,6.97,95.003869659,21.431583981,480.275784061,0.86,9.47,30.0,34.0
2026-06-15,Rolling 3-Month,2026-01-01,2026-03-31,,State,,,,,,,,,,,,,,,,migration,,,,,,,,,,,,,,,,,,,,,,,,,,,,,,,,,,,,,,,,,,,,,,,,,,,,,,,,,,,,,,,,,Texas,Missouri,,,,563.172690729,-16.25,539.25565624,-8.26,23.917034489,-60.734324241,1102.428346969,1.69,8.17,16.0,20.0
2026-06-15,Rolling 3-Month,2026-01-01,2026-03-31,,State,,,,,,,,,,,,,,,,migration,,,,,,,,,,,,,,,,,,,,,,,,,,,,,,,,,,,,,,,,,,,,,,,,,,,,,,,,,,,,,,,,,Texas,Montana,,,,170.500561094,32.72,73.855548448,44.41,96.645012646,19.320327885,244.356109541,0.51,5.31,37.0,41.0
2026-06-15,Rolling 3-Month,2026-01-01,2026-03-31,,State,,,,,,,,,,,,,,,,migration,,,,,,,,,,,,,,,,,,,,,,,,,,,,,,,,,,,,,,,,,,,,,,,,,,,,,,,,,,,,,,,,,Texas,Nebraska,,,,94.419241998,-15.87,154.036359793,-6.43,-59.617117795,-7.222802227,248.455601791,0.28,7.51,41.0,38.0
2026-06-15,Rolling 3-Month,2026-01-01,2026-03-31,,State,,,,,,,,,,,,,,,,migration,,,,,,,,,,,,,,,,,,,,,,,,,,,,,,,,,,,,,,,,,,,,,,,,,,,,,,,,,,,,,,,,,Texas,Nevada,,,,449.784517344,-27.82,636.486964133,-23.47,-186.702446789,21.763159893,1086.271481477,1.35,2.29,23.0,14.0
2026-06-15,Rolling 3-Month,2026-01-01,2026-03-31,,State,,,,,,,,,,,,,,,,migration,,,,,,,,,,,,,,,,,,,,,,,,,,,,,,,,,,,,,,,,,,,,,,,,,,,,,,,,,,,,,,,,,Texas,New Hampshire,,,,72.18788943,-34.06,66.030174516,-3.99,6.157714914,-34.549724851,138.218063946,0.22,1.29,42.0,43.0
2026-06-15,Rolling 3-Month,2026-01-01,2026-03-31,,State,,,,,,,,,,,,,,,,migration,,,,,,,,,,,,,,,,,,,,,,,,,,,,,,,,,,,,,,,,,,,,,,,,,,,,,,,,,,,,,,,,,Texas,New Jersey,,,,254.913410481,-26.64,475.248670525,-4.51,-220.335260044,-70.093600714,730.162081007,0.77,1.69,32.0,23.0
2026-06-15,Rolling 3-Month,2026-01-01,2026-03-31,,State,,,,,,,,,,,,,,,,migration,,,,,,,,,,,,,,,,,,,,,,,,,,,,,,,,,,,,,,,,,,,,,,,,,,,,,,,,,,,,,,,,,Texas,New Mexico,,,,504.32712568,-29.05,293.164009034,-10.72,211.163116646,-171.275507379,797.491134714,1.51,14.74,18.0,30.0
2026-06-15,Rolling 3-Month,2026-01-01,2026-03-31,,State,,,,,,,,,,,,,,,,migration,,,,,,,,,,,,,,,,,,,,,,,,,,,,,,,,,,,,,,,,,,,,,,,,,,,,,,,,,,,,,,,,,Texas,New York,,,,674.609219893,-29.94,1736.378009258,-12.31,-1061.768789364,-44.552721737,2410.987229151,2.03,4.64,15.0,5.0
2026-06-15,Rolling 3-Month,2026-01-01,2026-03-31,,State,,,,,,,,,,,,,,,,migration,,,,,,,,,,,,,,,,,,,,,,,,,,,,,,,,,,,,,,,,,,,,,,,,,,,,,,,,,,,,,,,,,Texas,North Carolina,,,,949.347155693,-26.28,752.787696655,5.08,196.559459038,-374.743608807,1702.134852349,2.85,4.15,10.0,13.0
2026-06-15,Rolling 3-Month,2026-01-01,2026-03-31,,State,,,,,,,,,,,,,,,,migration,,,,,,,,,,,,,,,,,,,,,,,,,,,,,,,,,,,,,,,,,,,,,,,,,,,,,,,,,,,,,,,,,Texas,Kansas,,,,234.841431602,-6.31,364.839923237,60.19,-129.998491635,-152.915330265,599.681354839,0.71,9.91,33.0,26.0
2026-06-15,Rolling 3-Month,2026-01-01,2026-03-31,,State,,,,,,,,,,,,,,,,migration,,,,,,,,,,,,,,,,,,,,,,,,,,,,,,,,,,,,,,,,,,,,,,,,,,,,,,,,,,,,,,,,,Texas,Iowa,,,,106.591042351,-11.97,256.841988997,47.25,-150.250946646,-96.914842848,363.433031349,0.32,5.24,40.0,32.0
2026-06-15,Rolling 3-Month,2026-01-01,2026-03-31,,State,,,,,,,,,,,,,,,,migration,,,,,,,,,,,,,,,,,,,,,,,,,,,,,,,,,,,,,,,,,,,,,,,,,,,,,,,,,,,,,,,,,Texas,Indiana,,,,257.182626093,-11.66,297.859874554,6.56,-40.677248461,-52.297841473,555.042500647,0.77,2.88,31.0,29.0
2026-06-15,Rolling 3-Month,2026-01-01,2026-03-31,,State,,,,,,,,,,,,,,,,migration,,,,,,,,,,,,,,,,,,,,,,,,,,,,,,,,,,,,,,,,,,,,,,,,,,,,,,,,,,,,,,,,,Texas,California,,,,5248.093662012,-5.22,12152.369346466,-28.84,-6904.275684454,4636.339199926,17400.463008478,15.76,10.05,1.0,1.0
2026-06-15,Rolling 3-Month,2026-01-01,2026-03-31,,State,,,,,,,,,,,,,,,,migration,,,,,,,,,,,,,,,,,,,,,,,,,,,,,,,,,,,,,,,,,,,,,,,,,,,,,,,,,,,,,,,,,Tennessee,West Virginia,,,,12.951867093,-33.14,30.476736474,15.51,-17.524869381,-10.511393611,43.428603566,0.14,0.47,43.0,39.0
2026-06-15,Rolling 3-Month,2026-01-01,2026-03-31,,State,,,,,,,,,,,,,,,,migration,,,,,,,,,,,,,,,,,,,,,,,,,,,,,,,,,,,,,,,,,,,,,,,,,,,,,,,,,,,,,,,,,Tennessee,Wisconsin,,,,82.268362365,-14.08,152.496326825,17.41,-70.22796446,-36.092110372,234.764689191,0.88,0.95,26.0,26.0
2026-06-15,Rolling 3-Month,2026-01-01,2026-03-31,,State,,,,,,,,,,,,,,,,migration,,,,,,,,,,,,,,,,,,,,,,,,,,,,,,,,,,,,,,,,,,,,,,,,,,,,,,,,,,,,,,,,,Tennessee,Wyoming,,,,2.882273933,42.47,15.334193682,321.95,-12.451919749,-10.840887454,18.216467614,0.03,0.31,49.0,48.0
2026-06-15,Rolling 3-Month,2026-01-01,2026-03-31,,State,,,,,,,,,,,,,,,,migration,,,,,,,,,,,,,,,,,,,,,,,,,,,,,,,,,,,,,,,,,,,,,,,,,,,,,,,,,,,,,,,,,Texas,Alabama,,,,431.17347438,-3.37,338.928078764,27.53,92.245395616,-88.200720529,770.101553144,1.3,6.46,24.0,27.0
2026-06-15,Rolling 3-Month,2026-01-01,2026-03-31,,State,,,,,,,,,,,,,,,,migration,,,,,,,,,,,,,,,,,,,,,,,,,,,,,,,,,,,,,,,,,,,,,,,,,,,,,,,,,,,,,,,,,Texas,Alaska,,,,63.637677239,-5.93,100.677216731,90.51,-37.039539492,-51.844296602,164.31489397,0.19,7.16,44.0,40.0
2026-06-15,Rolling 3-Month,2026-01-01,2026-03-31,,State,,,,,,,,,,,,,,,,migration,,,,,,,,,,,,,,,,,,,,,,,,,,,,,,,,,,,,,,,,,,,,,,,,,,,,,,,,,,,,,,,,,Texas,Arizona,,,,1317.892499195,-1.92,1307.011069095,-19.57,10.8814301,292.22188985,2624.90356829,3.96,3.86,6.0,8.0
2026-06-15,Rolling 3-Month,2026-01-01,2026-03-31,,State,,,,,,,,,,,,,,,,migration,,,,,,,,,,,,,,,,,,,,,,,,,,,,,,,,,,,,,,,,,,,,,,,,,,,,,,,,,,,,,,,,,Texas,Arkansas,,,,875.689279966,-25.28,278.696496303,15.61,596.992783663,-333.868689583,1154.385776269,2.63,20.85,11.0,31.0
2026-06-15,Rolling 3-Month,2026-01-01,2026-03-31,,State,,,,,,,,,,,,,,,,migration,,,,,,,,,,,,,,,,,,,,,,,,,,,,,,,,,,,,,,,,,,,,,,,,,,,,,,,,,,,,,,,,,Texas,Colorado,,,,2235.53072718,-17.81,1613.167422891,-26.39,622.363304289,93.944762987,3848.698150071,6.71,14.12,3.0,6.0
2026-06-15,Rolling 3-Month,2026-01-01,2026-03-31,,State,,,,,,,,,,,,,,,,migration,,,,,,,,,,,,,,,,,,,,,,,,,,,,,,,,,,,,,,,,,,,,,,,,,,,,,,,,,,,,,,,,,Texas,Illinois,,,,1805.987513754,-22.52,3075.241064067,-14.32,-1269.253550313,-11.091328104,4881.228577821,5.42,9.57,5.0,3.0
2026-06-15,Rolling 3-Month,2026-01-01,2026-03-31,,State,,,,,,,,,,,,,,,,migration,,,,,,,,,,,,,,,,,,,,,,,,,,,,,,,,,,,,,,,,,,,,,,,,,,,,,,,,,,,,,,,,,Texas,Columbia,,,,136.093756498,-13.96,176.195101325,-8.08,-40.101344828,-6.596506522,312.288857823,0.41,2.54,39.0,36.0
2026-06-15,Rolling 3-Month,2026-01-01,2026-03-31,,State,,,,,,,,,,,,,,,,migration,,,,,,,,,,,,,,,,,,,,,,,,,,,,,,,,,,,,,,,,,,,,,,,,,,,,,,,,,,,,,,,,,Texas,Connecticut,,,,155.056842578,-40.87,217.663318916,11.04,-62.606476337,-128.82632113,372.720161494,0.47,2.93,38.0,33.0
2026-06-15,Rolling 3-Month,2026-01-01,2026-03-31,,State,,,,,,,,,,,,,,,,migration,,,,,,,,,,,,,,,,,,,,,,,,,,,,,,,,,,,,,,,,,,,,,,,,,,,,,,,,,,,,,,,,,Texas,Delaware,,,,69.271200447,-16.7,46.053436658,7.59,23.21776379,-17.13907815,115.324637105,0.21,1.57,43.0,47.0
2026-06-15,Rolling 3-Month,2026-01-01,2026-03-31,,State,,,,,,,,,,,,,,,,migration,,,,,,,,,,,,,,,,,,,,,,,,,,,,,,,,,,,,,,,,,,,,,,,,,,,,,,,,,,,,,,,,,Texas,Florida,,,,3072.20530279,-0.07,2039.361561607,-18.89,1032.843741183,472.902859517,5111.566864397,9.23,3.77,2.0,4.0
2026-06-15,Rolling 3-Month,2026-01-01,2026-03-31,,State,,,,,,,,,,,,,,,,migration,,,,,,,,,,,,,,,,,,,,,,,,,,,,,,,,,,,,,,,,,,,,,,,,,,,,,,,,,,,,,,,,,Texas,Georgia,,,,776.442785615,-26.44,934.379495176,-12.01,-157.936709561,-151.437186224,1710.822280791,2.33,4.14,13.0,10.0
2026-06-15,Rolling 3-Month,2026-01-01,2026-03-31,,State,,,,,,,,,,,,,,,,migration,,,,,,,,,,,,,,,,,,,,,,,,,,,,,,,,,,,,,,,,,,,,,,,,,,,,,,,,,,,,,,,,,Texas,Hawaii,,,,482.712443882,-6.83,452.221072964,-14.65,30.491370917,42.252568357,934.933516846,1.45,4.55,20.0,24.0
2026-06-15,Rolling 3-Month,2026-01-01,2026-03-31,,State,,,,,,,,,,,,,,,,migration,,,,,,,,,,,,,,,,,,,,,,,,,,,,,,,,,,,,,,,,,,,,,,,,,,,,,,,,,,,,,,,,,Texas,Idaho,,,,198.98690597,-10.61,117.934657092,5.06,81.052248878,-29.28511849,316.921563062,0.6,1.87,34.0,39.0
2026-06-15,Rolling 3-Month,2026-01-01,2026-03-31,,State,,,,,,,,,,,,,,,,migration,,,,,,,,,,,,,,,,,,,,,,,,,,,,,,,,,,,,,,,,,,,,,,,,,,,,,,,,,,,,,,,,,Texas,North Dakota,,,,14.914877876,32.96,66.406779661,109.74,-51.491901785,-31.048302059,81.321657537,0.04,4.56,50.0,42.0
2026-06-15,Rolling 3-Month,2026-01-01,2026-03-31,,State,,,,,,,,,,,,,,,,migration,,,,,,,,,,,,,,,,,,,,,,,,,,,,,,,,,,,,,,,,,,,,,,,,,,,,,,,,,,,,,,,,,Texas,Ohio,,,,469.724886918,-20.8,531.312117879,-13.1,-61.58723096,-43.286224219,1001.037004797,1.41,5.29,21.0,21.0
2026-06-15,Rolling 3-Month,2026-01-01,2026-03-31,,State,,,,,,,,,,,,,,,,migration,,,,,,,,,,,,,,,,,,,,,,,,,,,,,,,,,,,,,,,,,,,,,,,,,,,,,,,,,,,,,,,,,Texas,Oklahoma,,,,1289.151496311,-25.44,597.164884603,26.16,691.986611708,-563.700959594,1886.316380914,3.87,28.83,7.0,18.0
2026-06-15,Rolling 3-Month,2026-01-01,2026-03-31,,State,,,,,,,,,,,,,,,,migration,,,,,,,,,,,,,,,,,,,,,,,,,,,,,,,,,,,,,,,,,,,,,,,,,,,,,,,,,,,,,,,,,Utah,Indiana,,,,21.62967033,-42.4,31.703804348,96.05,-10.074134018,-31.453446055,53.333474677,0.45,0.24,33.0,26.0
2026-06-15,Rolling 3-Month,2026-01-01,2026-03-31,,State,,,,,,,,,,,,,,,,migration,,,,,,,,,,,,,,,,,,,,,,,,,,,,,,,,,,,,,,,,,,,,,,,,,,,,,,,,,,,,,,,,,Utah,Connecticut,,,,10.494080051,-49.34,18.620472244,-8.69,-8.126392192,-8.44879025,29.114552295,0.22,0.2,41.0,29.0
2026-06-15,Rolling 3-Month,2026-01-01,2026-03-31,,State,,,,,,,,,,,,,,,,migration,,,,,,,,,,,,,,,,,,,,,,,,,,,,,,,,,,,,,,,,,,,,,,,,,,,,,,,,,,,,,,,,,Utah,Delaware,,,,2.57003784,145.94,2.0,-75.94,0.5700378397,7.838176517,4.57003784,0.05,0.06,48.0,49.0
2026-06-15,Rolling 3-Month,2026-01-01,2026-03-31,,State,,,,,,,,,,,,,,,,migration,,,,,,,,,,,,,,,,,,,,,,,,,,,,,,,,,,,,,,,,,,,,,,,,,,,,,,,,,,,,,,,,,Utah,Florida,,,,347.375143731,-19.35,188.904272233,16.21,158.470871498,-109.664561401,536.279415964,7.15,0.43,5.0,7.0
2026-06-15,Rolling 3-Month,2026-01-01,2026-03-31,,State,,,,,,,,,,,,,,,,migration,,,,,,,,,,,,,,,,,,,,,,,,,,,,,,,,,,,,,,,,,,,,,,,,,,,,,,,,,,,,,,,,,Utah,Georgia,,,,95.479421412,-14.24,49.56849762,-31.84,45.910923791,7.295516727,145.047919032,1.97,0.51,12.0,16.0
2026-06-15,Rolling 3-Month,2026-01-01,2026-03-31,,State,,,,,,,,,,,,,,,,migration,,,,,,,,,,,,,,,,,,,,,,,,,,,,,,,,,,,,,,,,,,,,,,,,,,,,,,,,,,,,,,,,,Utah,Hawaii,,,,115.33123375,-29.77,71.669859063,-32.91,43.661374687,-13.72281501,187.001092813,2.37,1.09,10.0,14.0
2026-06-15,Rolling 3-Month,2026-01-01,2026-03-31,,State,,,,,,,,,,,,,,,,migration,,,,,,,,,,,,,,,,,,,,,,,,,,,,,,,,,,,,,,,,,,,,,,,,,,,,,,,,,,,,,,,,,Utah,Idaho,,,,481.682624652,-26.27,133.813827216,28.05,347.868797436,-200.975058075,615.496451868,9.92,4.52,2.0,10.0
2026-06-15,Rolling 3-Month,2026-01-01,2026-03-31,,State,,,,,,,,,,,,,,,,migration,,,,,,,,,,,,,,,,,,,,,,,,,,,,,,,,,,,,,,,,,,,,,,,,,,,,,,,,,,,,,,,,,Utah,Illinois,,,,69.265317083,-31.17,145.871378712,-32.28,-76.606061629,38.164228623,215.136695795,1.43,0.37,14.0,9.0
2026-06-15,Rolling 3-Month,2026-01-01,2026-03-31,,State,,,,,,,,,,,,,,,,migration,,,,,,,,,,,,,,,,,,,,,,,,,,,,,,,,,,,,,,,,,,,,,,,,,,,,,,,,,,,,,,,,,Utah,Iowa,,,,10.0,-45.16,16.403018697,92.7,-6.403018697,-16.125668156,26.403018697,0.21,0.49,42.0,30.0
2026-06-15,Rolling 3-Month,2026-01-01,2026-03-31,,State,,,,,,,,,,,,,,,,migration,,,,,,,,,,,,,,,,,,,,,,,,,,,,,,,,,,,,,,,,,,,,,,,,,,,,,,,,,,,,,,,,,Utah,Colorado,,,,228.559175446,-18.08,340.160307216,-7.78,-111.60113177,-21.724587623,568.719482662,4.71,1.44,8.0,3.0
2026-06-15,Rolling 3-Month,2026-01-01,2026-03-31,,State,,,,,,,,,,,,,,,,migration,,,,,,,,,,,,,,,,,,,,,,,,,,,,,,,,,,,,,,,,,,,,,,,,,,,,,,,,,,,,,,,,,Utah,Kansas,,,,16.777185654,-37.51,10.644876835,30.46,6.132308819,-12.555183135,27.422062489,0.35,0.71,36.0,37.0
2026-06-15,Rolling 3-Month,2026-01-01,2026-03-31,,State,,,,,,,,,,,,,,,,migration,,,,,,,,,,,,,,,,,,,,,,,,,,,,,,,,,,,,,,,,,,,,,,,,,,,,,,,,,,,,,,,,,Utah,Kentucky,,,,27.646776653,-33.78,8.327994238,-7.47,19.318782415,-13.428380661,35.974770891,0.57,0.62,31.0,39.0
2026-06-15,Rolling 3-Month,2026-01-01,2026-03-31,,State,,,,,,,,,,,,,,,,migration,,,,,,,,,,,,,,,,,,,,,,,,,,,,,,,,,,,,,,,,,,,,,,,,,,,,,,,,,,,,,,,,,Utah,Louisiana,,,,19.958303445,-8.49,13.1147343,27.37,6.843569145,-4.669406383,33.073037744,0.41,0.34,34.0,34.0
2026-06-15,Rolling 3-Month,2026-01-01,2026-03-31,,State,,,,,,,,,,,,,,,,migration,,,,,,,,,,,,,,,,,,,,,,,,,,,,,,,,,,,,,,,,,,,,,,,,,,,,,,,,,,,,,,,,,Utah,Maine,,,,14.592844904,-55.71,4.0,33.33,10.592844904,-19.356536012,18.592844904,0.3,0.26,38.0,45.0
2026-06-15,Rolling 3-Month,2026-01-01,2026-03-31,,State,,,,,,,,,,,,,,,,migration,,,,,,,,,,,,,,,,,,,,,,,,,,,,,,,,,,,,,,,,,,,,,,,,,,,,,,,,,,,,,,,,,Utah,Maryland,,,,33.245495501,-19.21,44.313245776,-26.59,-11.067750275,8.14683837,77.558741277,0.68,0.19,27.0,19.0
2026-06-15,Rolling 3-Month,2026-01-01,2026-03-31,,State,,,,,,,,,,,,,,,,migration,,,,,,,,,,,,,,,,,,,,,,,,,,,,,,,,,,,,,,,,,,,,,,,,,,,,,,,,,,,,,,,,,Utah,Massachusetts,,,,31.828821998,-31.85,46.599406666,35.98,-14.770584669,-27.205501163,78.428228664,0.66,0.32,29.0,18.0
2026-06-15,Rolling 3-Month,2026-01-01,2026-03-31,,State,,,,,,,,,,,,,,,,migration,,,,,,,,,,,,,,,,,,,,,,,,,,,,,,,,,,,,,,,,,,,,,,,,,,,,,,,,,,,,,,,,,Utah,Michigan,,,,33.677239197,-48.59,41.784685123,45.05,-8.107445925,-44.800197393,75.46192432,0.69,0.36,26.0,21.0
2026-06-15,Rolling 3-Month,2026-01-01,2026-03-31,,State,,,,,,,,,,,,,,,,migration,,,,,,,,,,,,,,,,,,,,,,,,,,,,,,,,,,,,,,,,,,,,,,,,,,,,,,,,,,,,,,,,,Utah,Columbia,,,,6.597270311,-51.01,6.561930364,-61.43,0.03533994699,3.580045696,13.159200674,0.14,0.12,45.0,42.0
2026-06-15,Rolling 3-Month,2026-01-01,2026-03-31,,State,,,,,,,,,,,,,,,,migration,,,,,,,,,,,,,,,,,,,,,,,,,,,,,,,,,,,,,,,,,,,,,,,,,,,,,,,,,,,,,,,,,Utah,California,,,,834.487572221,-5.36,1777.348735311,-23.57,-942.86116309,500.838650024,2611.836307533,17.18,1.6,1.0,1.0
2026-06-15,Rolling 3-Month,2026-01-01,2026-03-31,,State,,,,,,,,,,,,,,,,migration,,,,,,,,,,,,,,,,,,,,,,,,,,,,,,,,,,,,,,,,,,,,,,,,,,,,,,,,,,,,,,,,,Texas,Oregon,,,,743.49492839,-18.86,877.97574893,-17.35,-134.480820541,11.405023111,1621.47067732,2.23,3.93,14.0,11.0
2026-06-15,Rolling 3-Month,2026-01-01,2026-03-31,,State,,,,,,,,,,,,,,,,migration,,,,,,,,,,,,,,,,,,,,,,,,,,,,,,,,,,,,,,,,,,,,,,,,,,,,,,,,,,,,,,,,,Texas,Vermont,,,,44.457261195,-53.15,21.654844611,30.65,22.802416583,-55.516821278,66.112105806,0.13,2.21,45.0,50.0
2026-06-15,Rolling 3-Month,2026-01-01,2026-03-31,,State,,,,,,,,,,,,,,,,migration,,,,,,,,,,,,,,,,,,,,,,,,,,,,,,,,,,,,,,,,,,,,,,,,,,,,,,,,,,,,,,,,,Texas,Pennsylvania,,,,496.419901234,-36.25,633.034294394,-4.88,-136.614393161,-249.759861926,1129.454195628,1.49,3.01,19.0,15.0
2026-06-15,Rolling 3-Month,2026-01-01,2026-03-31,,State,,,,,,,,,,,,,,,,migration,,,,,,,,,,,,,,,,,,,,,,,,,,,,,,,,,,,,,,,,,,,,,,,,,,,,,,,,,,,,,,,,,Texas,Rhode Island,,,,36.200380961,-32.04,43.578441189,19.14,-7.378060229,-24.062877849,79.77882215,0.11,1.62,49.0,48.0
2026-06-15,Rolling 3-Month,2026-01-01,2026-03-31,,State,,,,,,,,,,,,,,,,migration,,,,,,,,,,,,,,,,,,,,,,,,,,,,,,,,,,,,,,,,,,,,,,,,,,,,,,,,,,,,,,,,,Texas,South Carolina,,,,400.00526736,-27.29,191.115706802,-1.25,208.889560558,-147.728367181,591.120974162,1.2,2.14,26.0,35.0
2026-06-15,Rolling 3-Month,2026-01-01,2026-03-31,,State,,,,,,,,,,,,,,,,migration,,,,,,,,,,,,,,,,,,,,,,,,,,,,,,,,,,,,,,,,,,,,,,,,,,,,,,,,,,,,,,,,,Texas,South Dakota,,,,37.371738934,17.29,53.824415767,39.64,-16.452676833,-9.77061585,91.196154701,0.11,4.79,48.0,45.0
2026-06-15,Rolling 3-Month,2026-01-01,2026-03-31,,State,,,,,,,,,,,,,,,,migration,,,,,,,,,,,,,,,,,,,,,,,,,,,,,,,,,,,,,,,,,,,,,,,,,,,,,,,,,,,,,,,,,Texas,Tennessee,,,,1103.329543644,-13.84,606.472174284,-1.41,496.85736936,-168.560582867,1709.801717928,3.31,5.63,9.0,17.0
2026-06-15,Rolling 3-Month,2026-01-01,2026-03-31,,State,,,,,,,,,,,,,,,,migration,,,,,,,,,,,,,,,,,,,,,,,,,,,,,,,,,,,,,,,,,,,,,,,,,,,,,,,,,,,,,,,,,Texas,Texas,,,,206258.365578103,-18.04,206258.365578103,-18.04,0.0,0.0,412516.731156206,,,,
2026-06-15,Rolling 3-Month,2026-01-01,2026-03-31,,State,,,,,,,,,,,,,,,,migration,,,,,,,,,,,,,,,,,,,,,,,,,,,,,,,,,,,,,,,,,,,,,,,,,,,,,,,,,,,,,,,,,Texas,Utah,,,,322.245021429,13.14,310.096433483,-32.32,12.148587945,185.48875412,632.341454912,0.97,5.96,28.0,28.0
2026-06-15,Rolling 3-Month,2026-01-01,2026-03-31,,State,,,,,,,,,,,,,,,,migration,,,,,,,,,,,,,,,,,,,,,,,,,,,,,,,,,,,,,,,,,,,,,,,,,,,,,,,,,,,,,,,,,Texas,Virginia,,,,845.449933429,-17.27,1531.791278436,-5.34,-686.341345007,-90.029586112,2377.241211865,2.54,4.35,12.0,7.0
2026-06-15,Rolling 3-Month,2026-01-01,2026-03-31,,State,,,,,,,,,,,,,,,,migration,,,,,,,,,,,,,,,,,,,,,,,,,,,,,,,,,,,,,,,,,,,,,,,,,,,,,,,,,,,,,,,,,Utah,Arkansas,,,,37.659188483,-10.03,7.0,20.1,30.659188483,-5.370924971,44.659188483,0.78,0.9,25.0,40.0
2026-06-15,Rolling 3-Month,2026-01-01,2026-03-31,,State,,,,,,,,,,,,,,,,migration,,,,,,,,,,,,,,,,,,,,,,,,,,,,,,,,,,,,,,,,,,,,,,,,,,,,,,,,,,,,,,,,,Texas,Washington,,,,2223.873333603,-16.55,5036.150472081,-8.79,-2812.277138477,44.529931491,7260.023805684,6.68,7.24,4.0,2.0
2026-06-15,Rolling 3-Month,2026-01-01,2026-03-31,,State,,,,,,,,,,,,,,,,migration,,,,,,,,,,,,,,,,,,,,,,,,,,,,,,,,,,,,,,,,,,,,,,,,,,,,,,,,,,,,,,,,,Texas,West Virginia,,,,41.986569971,-6.7,28.842675648,29.92,13.143894322,-9.657726098,70.829245619,0.13,1.51,46.0,49.0
2026-06-15,Rolling 3-Month,2026-01-01,2026-03-31,,State,,,,,,,,,,,,,,,,migration,,,,,,,,,,,,,,,,,,,,,,,,,,,,,,,,,,,,,,,,,,,,,,,,,,,,,,,,,,,,,,,,,Texas,Wisconsin,,,,312.209656647,-10.08,366.777271747,20.09,-54.567615101,-96.337082962,678.986928394,0.94,3.6,29.0,25.0
2026-06-15,Rolling 3-Month,2026-01-01,2026-03-31,,State,,,,,,,,,,,,,,,,migration,,,,,,,,,,,,,,,,,,,,,,,,,,,,,,,,,,,,,,,,,,,,,,,,,,,,,,,,,,,,,,,,,Texas,Wyoming,,,,41.825731395,11.93,59.429291777,24.28,-17.603560383,-7.152811068,101.255023172,0.13,4.43,47.0,44.0
2026-06-15,Rolling 3-Month,2026-01-01,2026-03-31,,State,,,,,,,,,,,,,,,,migration,,,,,,,,,,,,,,,,,,,,,,,,,,,,,,,,,,,,,,,,,,,,,,,,,,,,,,,,,,,,,,,,,Utah,Alabama,,,,39.343119726,26.02,5.573120562,-72.71,33.769999164,22.972345143,44.916240288,0.81,0.59,24.0,43.0
2026-06-15,Rolling 3-Month,2026-01-01,2026-03-31,,State,,,,,,,,,,,,,,,,migration,,,,,,,,,,,,,,,,,,,,,,,,,,,,,,,,,,,,,,,,,,,,,,,,,,,,,,,,,,,,,,,,,Utah,Alaska,,,,15.270588235,-52.76,16.297619048,132.82,-1.027030812,-26.353101867,31.568207283,0.31,1.72,37.0,31.0
2026-06-15,Rolling 3-Month,2026-01-01,2026-03-31,,State,,,,,,,,,,,,,,,,migration,,,,,,,,,,,,,,,,,,,,,,,,,,,,,,,,,,,,,,,,,,,,,,,,,,,,,,,,,,,,,,,,,Utah,Arizona,,,,413.414607628,-8.56,306.262406751,-14.61,107.152200877,13.688391188,719.677014379,8.51,1.21,3.0,5.0
2026-06-15,Rolling 3-Month,2026-01-01,2026-03-31,,State,,,,,,,,,,,,,,,,migration,,,,,,,,,,,,,,,,,,,,,,,,,,,,,,,,,,,,,,,,,,,,,,,,,,,,,,,,,,,,,,,,,Tennessee,Washington,,,,232.95122317,-12.79,1255.74162418,13.13,-1022.790401011,-179.915648775,1488.69284735,2.48,0.76,12.0,5.0
2026-06-15,Rolling 3-Month,2026-01-01,2026-03-31,,State,,,,,,,,,,,,,,,,migration,,,,,,,,,,,,,,,,,,,,,,,,,,,,,,,,,,,,,,,,,,,,,,,,,,,,,,,,,,,,,,,,,Tennessee,Virginia,,,,309.670744977,6.23,855.452360167,25.01,-545.781615189,-152.982404039,1165.123105144,3.3,1.59,10.0,7.0
2026-06-15,Rolling 3-Month,2026-01-01,2026-03-31,,State,,,,,,,,,,,,,,,,migration,,,,,,,,,,,,,,,,,,,,,,,,,,,,,,,,,,,,,,,,,,,,,,,,,,,,,,,,,,,,,,,,,Tennessee,Vermont,,,,9.710699634,-32.57,28.635998157,12.32,-18.925298523,-7.831585127,38.346697791,0.1,0.48,45.0,41.0
2026-06-15,Rolling 3-Month,2026-01-01,2026-03-31,,State,,,,,,,,,,,,,,,,migration,,,,,,,,,,,,,,,,,,,,,,,,,,,,,,,,,,,,,,,,,,,,,,,,,,,,,,,,,,,,,,,,,South Dakota,Utah,,,,7.0,75.0,2.767605634,-80.9,4.232394366,14.721764054,9.767605634,1.36,0.13,22.0,34.0
2026-06-15,Rolling 3-Month,2026-01-01,2026-03-31,,State,,,,,,,,,,,,,,,,migration,,,,,,,,,,,,,,,,,,,,,,,,,,,,,,,,,,,,,,,,,,,,,,,,,,,,,,,,,,,,,,,,,South Dakota,Oklahoma,,,,7.136884137,-10.79,5.227074236,385.81,1.909809901,-5.014240732,12.363958373,1.39,0.16,18.0,24.0
2026-06-15,Rolling 3-Month,2026-01-01,2026-03-31,,State,,,,,,,,,,,,,,,,migration,,,,,,,,,,,,,,,,,,,,,,,,,,,,,,,,,,,,,,,,,,,,,,,,,,,,,,,,,,,,,,,,,South Dakota,Oregon,,,,7.0,0.0,15.606547123,-0.23,-8.606547123,0.03628815038,22.606547123,1.36,0.04,19.0,13.0
2026-06-15,Rolling 3-Month,2026-01-01,2026-03-31,,State,,,,,,,,,,,,,,,,migration,,,,,,,,,,,,,,,,,,,,,,,,,,,,,,,,,,,,,,,,,,,,,,,,,,,,,,,,,,,,,,,,,South Dakota,Pennsylvania,,,,7.911504425,397.5,6.20765878,3.46,1.703845645,6.1135813,14.119163204,1.54,0.05,16.0,21.0
2026-06-15,Rolling 3-Month,2026-01-01,2026-03-31,,State,,,,,,,,,,,,,,,,migration,,,,,,,,,,,,,,,,,,,,,,,,,,,,,,,,,,,,,,,,,,,,,,,,,,,,,,,,,,,,,,,,,South Dakota,South Carolina,,,,7.0,16.67,5.0,400.0,2.0,-3.0,12.0,1.36,0.04,21.0,26.0
2026-06-15,Rolling 3-Month,2026-01-01,2026-03-31,,State,,,,,,,,,,,,,,,,migration,,,,,,,,,,,,,,,,,,,,,,,,,,,,,,,,,,,,,,,,,,,,,,,,,,,,,,,,,,,,,,,,,South Dakota,South Dakota,,,,328.930897003,-10.85,328.930897003,-10.85,0.0,0.0,657.861794006,,,,
2026-06-15,Rolling 3-Month,2026-01-01,2026-03-31,,State,,,,,,,,,,,,,,,,migration,,,,,,,,,,,,,,,,,,,,,,,,,,,,,,,,,,,,,,,,,,,,,,,,,,,,,,,,,,,,,,,,,South Dakota,Tennessee,,,,12.062190235,162.22,12.347560976,248.5,-0.2853707403,-1.34232461,24.409751211,2.34,0.06,11.0,14.0
2026-06-15,Rolling 3-Month,2026-01-01,2026-03-31,,State,,,,,,,,,,,,,,,,migration,,,,,,,,,,,,,,,,,,,,,,,,,,,,,,,,,,,,,,,,,,,,,,,,,,,,,,,,,,,,,,,,,South Dakota,Texas,,,,53.824415767,39.64,37.371738934,17.29,16.452676833,9.77061585,91.196154701,10.45,0.12,2.0,5.0
2026-06-15,Rolling 3-Month,2026-01-01,2026-03-31,,State,,,,,,,,,,,,,,,,migration,,,,,,,,,,,,,,,,,,,,,,,,,,,,,,,,,,,,,,,,,,,,,,,,,,,,,,,,,,,,,,,,,South Dakota,Virginia,,,,8.483870968,-22.87,19.247033498,2.16,-10.76316253,-2.922994366,27.730904466,1.65,0.04,14.0,10.0
2026-06-15,Rolling 3-Month,2026-01-01,2026-03-31,,State,,,,,,,,,,,,,,,,migration,,,,,,,,,,,,,,,,,,,,,,,,,,,,,,,,,,,,,,,,,,,,,,,,,,,,,,,,,,,,,,,,,South Dakota,North Dakota,,,,3.0,16.28,5.129485418,-18.88,-2.129485418,1.614043994,8.129485418,0.58,0.92,30.0,25.0
2026-06-15,Rolling 3-Month,2026-01-01,2026-03-31,,State,,,,,,,,,,,,,,,,migration,,,,,,,,,,,,,,,,,,,,,,,,,,,,,,,,,,,,,,,,,,,,,,,,,,,,,,,,,,,,,,,,,South Dakota,Washington,,,,16.009371968,-26.6,86.753612693,-2.14,-70.744240725,-3.902142274,102.762984661,3.11,0.05,8.0,3.0
2026-06-15,Rolling 3-Month,2026-01-01,2026-03-31,,State,,,,,,,,,,,,,,,,migration,,,,,,,,,,,,,,,,,,,,,,,,,,,,,,,,,,,,,,,,,,,,,,,,,,,,,,,,,,,,,,,,,South Dakota,Wisconsin,,,,12.545454545,37.64,8.931164768,-34.93,3.614289777,8.225150097,21.476619314,2.44,0.14,10.0,17.0
2026-06-15,Rolling 3-Month,2026-01-01,2026-03-31,,State,,,,,,,,,,,,,,,,migration,,,,,,,,,,,,,,,,,,,,,,,,,,,,,,,,,,,,,,,,,,,,,,,,,,,,,,,,,,,,,,,,,South Dakota,Wyoming,,,,1.0,0.0,10.474473064,-3.29,-9.474473064,0.3562597964,11.474473064,0.19,0.11,43.0,15.0
2026-06-15,Rolling 3-Month,2026-01-01,2026-03-31,,State,,,,,,,,,,,,,,,,migration,,,,,,,,,,,,,,,,,,,,,,,,,,,,,,,,,,,,,,,,,,,,,,,,,,,,,,,,,,,,,,,,,Tennessee,Alabama,,,,527.759473633,1.5,378.394901086,12.47,149.364572547,-34.154174483,906.15437472,5.62,7.9,6.0,13.0
2026-06-15,Rolling 3-Month,2026-01-01,2026-03-31,,State,,,,,,,,,,,,,,,,migration,,,,,,,,,,,,,,,,,,,,,,,,,,,,,,,,,,,,,,,,,,,,,,,,,,,,,,,,,,,,,,,,,Tennessee,Alaska,,,,9.557902973,-32.17,23.536665405,9.24,-13.978762432,-6.523313987,33.094568379,0.1,1.08,47.0,44.0
2026-06-15,Rolling 3-Month,2026-01-01,2026-03-31,,State,,,,,,,,,,,,,,,,migration,,,,,,,,,,,,,,,,,,,,,,,,,,,,,,,,,,,,,,,,,,,,,,,,,,,,,,,,,,,,,,,,,Tennessee,Arizona,,,,215.691413483,6.93,426.809804246,-17.6,-211.118390763,105.132408768,642.501217729,2.3,0.63,14.0,11.0
2026-06-15,Rolling 3-Month,2026-01-01,2026-03-31,,State,,,,,,,,,,,,,,,,migration,,,,,,,,,,,,,,,,,,,,,,,,,,,,,,,,,,,,,,,,,,,,,,,,,,,,,,,,,,,,,,,,,Tennessee,Arkansas,,,,194.460739002,-5.28,185.722871599,-1.0,8.737867403,-8.955191028,380.183610601,2.07,4.63,15.0,25.0
2026-06-15,Rolling 3-Month,2026-01-01,2026-03-31,,State,,,,,,,,,,,,,,,,migration,,,,,,,,,,,,,,,,,,,,,,,,,,,,,,,,,,,,,,,,,,,,,,,,,,,,,,,,,,,,,,,,,South Dakota,Ohio,,,,2.458333333,-50.83,9.0,41.87,-6.541666667,-5.197693531,11.458333333,0.48,0.03,32.0,16.0
2026-06-15,Rolling 3-Month,2026-01-01,2026-03-31,,State,,,,,,,,,,,,,,,,migration,,,,,,,,,,,,,,,,,,,,,,,,,,,,,,,,,,,,,,,,,,,,,,,,,,,,,,,,,,,,,,,,,South Dakota,North Carolina,,,,10.0,150.0,4.0,-11.76,6.0,6.533333333,14.0,1.94,0.04,12.0,29.0
2026-06-15,Rolling 3-Month,2026-01-01,2026-03-31,,State,,,,,,,,,,,,,,,,migration,,,,,,,,,,,,,,,,,,,,,,,,,,,,,,,,,,,,,,,,,,,,,,,,,,,,,,,,,,,,,,,,,Tennessee,Colorado,,,,236.410057952,15.94,484.08601973,-13.41,-247.675961778,107.469137503,720.496077683,2.52,1.49,11.0,9.0
2026-06-15,Rolling 3-Month,2026-01-01,2026-03-31,,State,,,,,,,,,,,,,,,,migration,,,,,,,,,,,,,,,,,,,,,,,,,,,,,,,,,,,,,,,,,,,,,,,,,,,,,,,,,,,,,,,,,South Dakota,Minnesota,,,,31.256382621,-22.25,125.706996828,6.05,-94.450614207,-16.117682087,156.963379449,6.07,0.66,7.0,1.0
2026-06-15,Rolling 3-Month,2026-01-01,2026-03-31,,State,,,,,,,,,,,,,,,,migration,,,,,,,,,,,,,,,,,,,,,,,,,,,,,,,,,,,,,,,,,,,,,,,,,,,,,,,,,,,,,,,,,South Dakota,Indiana,,,,2.0,100.0,0.4133333333,-93.06,1.586666667,6.54345679,2.413333333,0.39,0.02,35.0,43.0
2026-06-15,Rolling 3-Month,2026-01-01,2026-03-31,,State,,,,,,,,,,,,,,,,migration,,,,,,,,,,,,,,,,,,,,,,,,,,,,,,,,,,,,,,,,,,,,,,,,,,,,,,,,,,,,,,,,,South Dakota,Iowa,,,,5.0,-40.02,16.0,-21.68,-11.0,1.093900018,21.0,0.97,0.25,26.0,12.0
2026-06-15,Rolling 3-Month,2026-01-01,2026-03-31,,State,,,,,,,,,,,,,,,,migration,,,,,,,,,,,,,,,,,,,,,,,,,,,,,,,,,,,,,,,,,,,,,,,,,,,,,,,,,,,,,,,,,South Dakota,Kansas,,,,2.0,100.0,6.460122699,91.41,-4.460122699,-2.085122699,8.460122699,0.39,0.08,36.0,19.0
2026-06-15,Rolling 3-Month,2026-01-01,2026-03-31,,State,,,,,,,,,,,,,,,,migration,,,,,,,,,,,,,,,,,,,,,,,,,,,,,,,,,,,,,,,,,,,,,,,,,,,,,,,,,,,,,,,,,South Dakota,Louisiana,,,,5.0,400.0,1.0,-80.0,4.0,8.0,6.0,0.97,0.08,27.0,40.0
2026-06-15,Rolling 3-Month,2026-01-01,2026-03-31,,State,,,,,,,,,,,,,,,,migration,,,,,,,,,,,,,,,,,,,,,,,,,,,,,,,,,,,,,,,,,,,,,,,,,,,,,,,,,,,,,,,,,South Dakota,Maine,,,,1.0,-75.0,1.0,-50.0,0.0,-2.0,2.0,0.19,0.02,42.0,41.0
2026-06-15,Rolling 3-Month,2026-01-01,2026-03-31,,State,,,,,,,,,,,,,,,,migration,,,,,,,,,,,,,,,,,,,,,,,,,,,,,,,,,,,,,,,,,,,,,,,,,,,,,,,,,,,,,,,,,South Dakota,Massachusetts,,,,5.076489707,407.65,1.0,-50.0,4.076489707,5.076489707,6.076489707,0.99,0.05,25.0,42.0
2026-06-15,Rolling 3-Month,2026-01-01,2026-03-31,,State,,,,,,,,,,,,,,,,migration,,,,,,,,,,,,,,,,,,,,,,,,,,,,,,,,,,,,,,,,,,,,,,,,,,,,,,,,,,,,,,,,,South Dakota,Michigan,,,,1.241071429,-79.32,3.758457229,64.43,-2.5173858,-6.231671515,4.999528658,0.24,0.01,38.0,31.0
2026-06-15,Rolling 3-Month,2026-01-01,2026-03-31,,State,,,,,,,,,,,,,,,,migration,,,,,,,,,,,,,,,,,,,,,,,,,,,,,,,,,,,,,,,,,,,,,,,,,,,,,,,,,,,,,,,,,South Dakota,Mississippi,,,,4.0,,2.0,,2.0,,6.0,0.78,0.13,28.0,36.0
2026-06-15,Rolling 3-Month,2026-01-01,2026-03-31,,State,,,,,,,,,,,,,,,,migration,,,,,,,,,,,,,,,,,,,,,,,,,,,,,,,,,,,,,,,,,,,,,,,,,,,,,,,,,,,,,,,,,South Dakota,New York,,,,3.088495575,-26.27,4.70802005,-36.28,-1.619524475,1.57981622,7.796515625,0.6,0.02,29.0,27.0
2026-06-15,Rolling 3-Month,2026-01-01,2026-03-31,,State,,,,,,,,,,,,,,,,migration,,,,,,,,,,,,,,,,,,,,,,,,,,,,,,,,,,,,,,,,,,,,,,,,,,,,,,,,,,,,,,,,,South Dakota,Missouri,,,,9.533333333,23.42,27.0,188.58,-17.466666667,-15.834657916,36.533333333,1.85,0.14,13.0,8.0
2026-06-15,Rolling 3-Month,2026-01-01,2026-03-31,,State,,,,,,,,,,,,,,,,migration,,,,,,,,,,,,,,,,,,,,,,,,,,,,,,,,,,,,,,,,,,,,,,,,,,,,,,,,,,,,,,,,,South Dakota,Montana,,,,2.568783069,156.88,3.715641569,-53.3,-1.146858501,5.809540555,6.284424638,0.5,0.08,31.0,32.0
2026-06-15,Rolling 3-Month,2026-01-01,2026-03-31,,State,,,,,,,,,,,,,,,,migration,,,,,,,,,,,,,,,,,,,,,,,,,,,,,,,,,,,,,,,,,,,,,,,,,,,,,,,,,,,,,,,,,South Dakota,Nebraska,,,,5.537037037,-29.85,33.673685242,-53.79,-28.136648205,36.838222588,39.210722279,1.08,0.44,23.0,6.0
2026-06-15,Rolling 3-Month,2026-01-01,2026-03-31,,State,,,,,,,,,,,,,,,,migration,,,,,,,,,,,,,,,,,,,,,,,,,,,,,,,,,,,,,,,,,,,,,,,,,,,,,,,,,,,,,,,,,South Dakota,Nevada,,,,8.0,61.7,8.411590381,-47.97,-0.4115903813,10.807357539,16.411590381,1.55,0.04,15.0,18.0
2026-06-15,Rolling 3-Month,2026-01-01,2026-03-31,,State,,,,,,,,,,,,,,,,migration,,,,,,,,,,,,,,,,,,,,,,,,,,,,,,,,,,,,,,,,,,,,,,,,,,,,,,,,,,,,,,,,,South Dakota,New Hampshire,,,,1.923510293,,1.151219512,,0.7722907803,,3.074729805,0.37,0.03,37.0,38.0
2026-06-15,Rolling 3-Month,2026-01-01,2026-03-31,,State,,,,,,,,,,,,,,,,migration,,,,,,,,,,,,,,,,,,,,,,,,,,,,,,,,,,,,,,,,,,,,,,,,,,,,,,,,,,,,,,,,,South Dakota,New Jersey,,,,2.0,-33.33,4.406944948,94.42,-2.406944948,-3.140278281,6.406944948,0.39,0.01,33.0,28.0
2026-06-15,Rolling 3-Month,2026-01-01,2026-03-31,,State,,,,,,,,,,,,,,,,migration,,,,,,,,,,,,,,,,,,,,,,,,,,,,,,,,,,,,,,,,,,,,,,,,,,,,,,,,,,,,,,,,,South Dakota,New Mexico,,,,2.0,-50.0,1.534482759,460.42,0.4655172414,-3.260673235,3.534482759,0.39,0.06,34.0,37.0
2026-06-15,Rolling 3-Month,2026-01-01,2026-03-31,,State,,,,,,,,,,,,,,,,migration,,,,,,,,,,,,,,,,,,,,,,,,,,,,,,,,,,,,,,,,,,,,,,,,,,,,,,,,,,,,,,,,,Tennessee,California,,,,634.088866315,-0.82,4155.226364565,-27.99,-3521.13749825,1610.17912046,4789.31523088,6.75,1.21,2.0,1.0
2026-06-15,Rolling 3-Month,2026-01-01,2026-03-31,,State,,,,,,,,,,,,,,,,migration,,,,,,,,,,,,,,,,,,,,,,,,,,,,,,,,,,,,,,,,,,,,,,,,,,,,,,,,,,,,,,,,,Tennessee,Columbia,,,,25.177692211,-43.15,41.674903838,13.44,-16.497211628,-24.048864196,66.852596049,0.27,0.47,40.0,37.0
2026-06-15,Rolling 3-Month,2026-01-01,2026-03-31,,State,,,,,,,,,,,,,,,,migration,,,,,,,,,,,,,,,,,,,,,,,,,,,,,,,,,,,,,,,,,,,,,,,,,,,,,,,,,,,,,,,,,Tennessee,Utah,,,,48.808172098,77.92,97.049135769,-8.78,-48.240963671,30.713709828,145.857307867,0.52,0.9,30.0,32.0
2026-06-15,Rolling 3-Month,2026-01-01,2026-03-31,,State,,,,,,,,,,,,,,,,migration,,,,,,,,,,,,,,,,,,,,,,,,,,,,,,,,,,,,,,,,,,,,,,,,,,,,,,,,,,,,,,,,,Tennessee,Ohio,,,,192.365036494,-19.72,382.73554895,-4.01,-190.370512456,-31.29148977,575.100585444,2.05,2.17,16.0,12.0
2026-06-15,Rolling 3-Month,2026-01-01,2026-03-31,,State,,,,,,,,,,,,,,,,migration,,,,,,,,,,,,,,,,,,,,,,,,,,,,,,,,,,,,,,,,,,,,,,,,,,,,,,,,,,,,,,,,,Tennessee,Nevada,,,,77.180462423,22.46,190.39491027,-21.11,-113.214447847,65.118604983,267.575372693,0.82,0.39,27.0,24.0
2026-06-15,Rolling 3-Month,2026-01-01,2026-03-31,,State,,,,,,,,,,,,,,,,migration,,,,,,,,,,,,,,,,,,,,,,,,,,,,,,,,,,,,,,,,,,,,,,,,,,,,,,,,,,,,,,,,,Tennessee,New Hampshire,,,,28.567841027,7.89,53.679168082,-4.58,-25.111327055,4.665618621,82.247009108,0.3,0.51,38.0,35.0
2026-06-15,Rolling 3-Month,2026-01-01,2026-03-31,,State,,,,,,,,,,,,,,,,migration,,,,,,,,,,,,,,,,,,,,,,,,,,,,,,,,,,,,,,,,,,,,,,,,,,,,,,,,,,,,,,,,,Tennessee,New Jersey,,,,47.234874719,-30.48,198.766461138,19.7,-151.53158642,-53.416102202,246.001335857,0.5,0.31,32.0,22.0
2026-06-15,Rolling 3-Month,2026-01-01,2026-03-31,,State,,,,,,,,,,,,,,,,migration,,,,,,,,,,,,,,,,,,,,,,,,,,,,,,,,,,,,,,,,,,,,,,,,,,,,,,,,,,,,,,,,,Tennessee,New Mexico,,,,27.369746869,-6.35,27.993720197,11.97,-0.6239733285,-4.849979406,55.363467066,0.29,0.8,39.0,42.0
2026-06-15,Rolling 3-Month,2026-01-01,2026-03-31,,State,,,,,,,,,,,,,,,,migration,,,,,,,,,,,,,,,,,,,,,,,,,,,,,,,,,,,,,,,,,,,,,,,,,,,,,,,,,,,,,,,,,Tennessee,New York,,,,168.222428872,-16.48,714.526203001,-1.54,-546.303774129,-22.001726277,882.748631874,1.79,1.16,18.0,8.0
2026-06-15,Rolling 3-Month,2026-01-01,2026-03-31,,State,,,,,,,,,,,,,,,,migration,,,,,,,,,,,,,,,,,,,,,,,,,,,,,,,,,,,,,,,,,,,,,,,,,,,,,,,,,,,,,,,,,Tennessee,North Carolina,,,,537.76339174,-5.37,473.963943495,-22.82,63.799448246,109.631525246,1011.727335235,5.72,2.35,5.0,10.0
2026-06-15,Rolling 3-Month,2026-01-01,2026-03-31,,State,,,,,,,,,,,,,,,,migration,,,,,,,,,,,,,,,,,,,,,,,,,,,,,,,,,,,,,,,,,,,,,,,,,,,,,,,,,,,,,,,,,Tennessee,North Dakota,,,,1.903921569,-36.54,14.0,72.47,-12.096078431,-6.978794481,15.903921569,0.02,0.58,50.0,49.0
2026-06-15,Rolling 3-Month,2026-01-01,2026-03-31,,State,,,,,,,,,,,,,,,,migration,,,,,,,,,,,,,,,,,,,,,,,,,,,,,,,,,,,,,,,,,,,,,,,,,,,,,,,,,,,,,,,,,Tennessee,Oklahoma,,,,47.420837117,-13.78,70.442368405,-15.52,-23.021531288,5.360102859,117.863205522,0.5,1.06,31.0,33.0
2026-06-15,Rolling 3-Month,2026-01-01,2026-03-31,,State,,,,,,,,,,,,,,,,migration,,,,,,,,,,,,,,,,,,,,,,,,,,,,,,,,,,,,,,,,,,,,,,,,,,,,,,,,,,,,,,,,,Tennessee,Montana,,,,18.771130593,-15.05,19.87532798,-22.89,-1.104197387,2.575326004,38.646458573,0.2,0.58,42.0,46.0
2026-06-15,Rolling 3-Month,2026-01-01,2026-03-31,,State,,,,,,,,,,,,,,,,migration,,,,,,,,,,,,,,,,,,,,,,,,,,,,,,,,,,,,,,,,,,,,,,,,,,,,,,,,,,,,,,,,,Tennessee,Oregon,,,,97.821002329,-15.89,252.696747813,-1.59,-154.875745483,-14.393784236,350.517750142,1.04,0.52,25.0,19.0
2026-06-15,Rolling 3-Month,2026-01-01,2026-03-31,,State,,,,,,,,,,,,,,,,migration,,,,,,,,,,,,,,,,,,,,,,,,,,,,,,,,,,,,,,,,,,,,,,,,,,,,,,,,,,,,,,,,,Tennessee,Pennsylvania,,,,150.317536533,-5.88,292.199617519,10.92,-141.882080986,-38.155755916,442.517154053,1.6,0.91,20.0,16.0
2026-06-15,Rolling 3-Month,2026-01-01,2026-03-31,,State,,,,,,,,,,,,,,,,migration,,,,,,,,,,,,,,,,,,,,,,,,,,,,,,,,,,,,,,,,,,,,,,,,,,,,,,,,,,,,,,,,,Tennessee,Rhode Island,,,,9.558031674,-53.06,32.0,80.87,-22.441968326,-25.111466782,41.558031674,0.1,0.43,46.0,38.0
2026-06-15,Rolling 3-Month,2026-01-01,2026-03-31,,State,,,,,,,,,,,,,,,,migration,,,,,,,,,,,,,,,,,,,,,,,,,,,,,,,,,,,,,,,,,,,,,,,,,,,,,,,,,,,,,,,,,Tennessee,South Carolina,,,,222.985909908,-25.41,131.967894006,-24.8,91.018015902,-32.443847232,354.953803915,2.37,1.19,13.0,29.0
2026-06-15,Rolling 3-Month,2026-01-01,2026-03-31,,State,,,,,,,,,,,,,,,,migration,,,,,,,,,,,,,,,,,,,,,,,,,,,,,,,,,,,,,,,,,,,,,,,,,,,,,,,,,,,,,,,,,Tennessee,South Dakota,,,,12.347560976,248.5,12.062190235,162.22,0.2853707403,1.34232461,24.409751211,0.13,1.58,44.0,50.0
2026-06-15,Rolling 3-Month,2026-01-01,2026-03-31,,State,,,,,,,,,,,,,,,,migration,,,,,,,,,,,,,,,,,,,,,,,,,,,,,,,,,,,,,,,,,,,,,,,,,,,,,,,,,,,,,,,,,Tennessee,Tennessee,,,,38204.837289238,-18.78,38204.837289238,-18.78,0.0,0.0,76409.674578476,,,,
2026-06-15,Rolling 3-Month,2026-01-01,2026-03-31,,State,,,,,,,,,,,,,,,,migration,,,,,,,,,,,,,,,,,,,,,,,,,,,,,,,,,,,,,,,,,,,,,,,,,,,,,,,,,,,,,,,,,Tennessee,Texas,,,,606.472174284,-1.41,1103.329543644,-13.84,-496.85736936,168.560582867,1709.801717928,6.46,1.4,3.0,6.0
2026-06-15,Rolling 3-Month,2026-01-01,2026-03-31,,State,,,,,,,,,,,,,,,,migration,,,,,,,,,,,,,,,,,,,,,,,,,,,,,,,,,,,,,,,,,,,,,,,,,,,,,,,,,,,,,,,,,Tennessee,Nebraska,,,,8.788736341,-17.44,22.69039727,-44.24,-13.901660929,16.145316059,31.479133611,0.09,0.7,48.0,45.0
2026-06-15,Rolling 3-Month,2026-01-01,2026-03-31,,State,,,,,,,,,,,,,,,,migration,,,,,,,,,,,,,,,,,,,,,,,,,,,,,,,,,,,,,,,,,,,,,,,,,,,,,,,,,,,,,,,,,Tennessee,Missouri,,,,119.082003073,-22.62,147.396369271,1.06,-28.314366197,-36.362213857,266.478372344,1.27,1.73,21.0,27.0
2026-06-15,Rolling 3-Month,2026-01-01,2026-03-31,,State,,,,,,,,,,,,,,,,migration,,,,,,,,,,,,,,,,,,,,,,,,,,,,,,,,,,,,,,,,,,,,,,,,,,,,,,,,,,,,,,,,,Tennessee,Connecticut,,,,35.19544126,-27.37,134.421023754,44.43,-99.225582494,-54.6180165,169.616465014,0.37,0.66,36.0,28.0
2026-06-15,Rolling 3-Month,2026-01-01,2026-03-31,,State,,,,,,,,,,,,,,,,migration,,,,,,,,,,,,,,,,,,,,,,,,,,,,,,,,,,,,,,,,,,,,,,,,,,,,,,,,,,,,,,,,,Tennessee,Iowa,,,,30.004480456,1.61,63.035185566,36.3,-33.030705111,-16.311634292,93.039666022,0.32,1.47,37.0,34.0
2026-06-15,Rolling 3-Month,2026-01-01,2026-03-31,,State,,,,,,,,,,,,,,,,migration,,,,,,,,,,,,,,,,,,,,,,,,,,,,,,,,,,,,,,,,,,,,,,,,,,,,,,,,,,,,,,,,,Tennessee,Delaware,,,,21.060077519,-11.43,16.568627451,-28.1,4.491450068,3.758573938,37.62870497,0.22,0.48,41.0,47.0
2026-06-15,Rolling 3-Month,2026-01-01,2026-03-31,,State,,,,,,,,,,,,,,,,migration,,,,,,,,,,,,,,,,,,,,,,,,,,,,,,,,,,,,,,,,,,,,,,,,,,,,,,,,,,,,,,,,,Tennessee,Florida,,,,1667.005217372,-4.14,1983.940491783,-25.39,-316.93527441,603.320856659,3650.945709155,17.74,2.04,1.0,2.0
2026-06-15,Rolling 3-Month,2026-01-01,2026-03-31,,State,,,,,,,,,,,,,,,,migration,,,,,,,,,,,,,,,,,,,,,,,,,,,,,,,,,,,,,,,,,,,,,,,,,,,,,,,,,,,,,,,,,Tennessee,Georgia,,,,598.859380206,-1.58,1268.290892293,-25.74,-669.431512087,430.001633245,1867.150272499,6.37,3.2,4.0,4.0
2026-06-15,Rolling 3-Month,2026-01-01,2026-03-31,,State,,,,,,,,,,,,,,,,migration,,,,,,,,,,,,,,,,,,,,,,,,,,,,,,,,,,,,,,,,,,,,,,,,,,,,,,,,,,,,,,,,,Tennessee,Hawaii,,,,71.590974768,-17.12,104.43848219,-1.1,-32.847507422,-13.619577059,176.029456958,0.76,0.67,28.0,31.0
2026-06-15,Rolling 3-Month,2026-01-01,2026-03-31,,State,,,,,,,,,,,,,,,,migration,,,,,,,,,,,,,,,,,,,,,,,,,,,,,,,,,,,,,,,,,,,,,,,,,,,,,,,,,,,,,,,,,Tennessee,Idaho,,,,36.218349694,25.56,26.223096245,-14.58,9.995253449,11.850470253,62.441445939,0.39,0.34,35.0,43.0
2026-06-15,Rolling 3-Month,2026-01-01,2026-03-31,,State,,,,,,,,,,,,,,,,migration,,,,,,,,,,,,,,,,,,,,,,,,,,,,,,,,,,,,,,,,,,,,,,,,,,,,,,,,,,,,,,,,,Tennessee,Illinois,,,,462.418146013,-5.17,1698.610978908,-40.09,-1236.192832895,1111.315714949,2161.029124922,4.92,2.45,7.0,3.0
2026-06-15,Rolling 3-Month,2026-01-01,2026-03-31,,State,,,,,,,,,,,,,,,,migration,,,,,,,,,,,,,,,,,,,,,,,,,,,,,,,,,,,,,,,,,,,,,,,,,,,,,,,,,,,,,,,,,Tennessee,Indiana,,,,156.784484173,0.01,253.135153008,2.28,-96.350668835,-5.627017002,409.919637181,1.67,1.75,19.0,18.0
2026-06-15,Rolling 3-Month,2026-01-01,2026-03-31,,State,,,,,,,,,,,,,,,,migration,,,,,,,,,,,,,,,,,,,,,,,,,,,,,,,,,,,,,,,,,,,,,,,,,,,,,,,,,,,,,,,,,Tennessee,Kansas,,,,45.033380393,33.76,53.575058355,-1.02,-8.541677961,11.921020629,98.608438748,0.48,1.9,33.0,36.0
2026-06-15,Rolling 3-Month,2026-01-01,2026-03-31,,State,,,,,,,,,,,,,,,,migration,,,,,,,,,,,,,,,,,,,,,,,,,,,,,,,,,,,,,,,,,,,,,,,,,,,,,,,,,,,,,,,,,Tennessee,Mississippi,,,,393.789648084,-21.44,192.311120451,5.23,201.478527633,-117.017245922,586.100768536,4.19,12.96,8.0,23.0
2026-06-15,Rolling 3-Month,2026-01-01,2026-03-31,,State,,,,,,,,,,,,,,,,migration,,,,,,,,,,,,,,,,,,,,,,,,,,,,,,,,,,,,,,,,,,,,,,,,,,,,,,,,,,,,,,,,,Tennessee,Kentucky,,,,339.911414791,-15.92,242.903536826,-14.67,97.007877965,-22.598218395,582.814951617,3.62,7.65,9.0,20.0
2026-06-15,Rolling 3-Month,2026-01-01,2026-03-31,,State,,,,,,,,,,,,,,,,migration,,,,,,,,,,,,,,,,,,,,,,,,,,,,,,,,,,,,,,,,,,,,,,,,,,,,,,,,,,,,,,,,,Tennessee,Louisiana,,,,105.474632557,-6.76,128.290227792,4.99,-22.815595235,-13.741167892,233.76486035,1.12,1.77,23.0,30.0
2026-06-15,Rolling 3-Month,2026-01-01,2026-03-31,,State,,,,,,,,,,,,,,,,migration,,,,,,,,,,,,,,,,,,,,,,,,,,,,,,,,,,,,,,,,,,,,,,,,,,,,,,,,,,,,,,,,,Tennessee,Maine,,,,41.404895923,-21.53,30.324816837,7.39,11.080079086,-13.449972687,71.729712759,0.44,0.74,34.0,40.0
2026-06-15,Rolling 3-Month,2026-01-01,2026-03-31,,State,,,,,,,,,,,,,,,,migration,,,,,,,,,,,,,,,,,,,,,,,,,,,,,,,,,,,,,,,,,,,,,,,,,,,,,,,,,,,,,,,,,Tennessee,Maryland,,,,116.764716583,-16.48,299.250699713,-7.73,-182.48598313,2.02555138,416.015416296,1.24,0.67,22.0,15.0
2026-06-15,Rolling 3-Month,2026-01-01,2026-03-31,,State,,,,,,,,,,,,,,,,migration,,,,,,,,,,,,,,,,,,,,,,,,,,,,,,,,,,,,,,,,,,,,,,,,,,,,,,,,,,,,,,,,,Tennessee,Massachusetts,,,,102.529447725,3.14,262.41677394,14.81,-159.887326215,-30.738843107,364.946221666,1.09,1.04,24.0,17.0
2026-06-15,Rolling 3-Month,2026-01-01,2026-03-31,,State,,,,,,,,,,,,,,,,migration,,,,,,,,,,,,,,,,,,,,,,,,,,,,,,,,,,,,,,,,,,,,,,,,,,,,,,,,,,,,,,,,,Tennessee,Michigan,,,,187.757072754,-17.79,329.051570357,-10.14,-141.294497603,-3.509471628,516.808643111,2.0,1.99,17.0,14.0
2026-06-15,Rolling 3-Month,2026-01-01,2026-03-31,,State,,,,,,,,,,,,,,,,migration,,,,,,,,,,,,,,,,,,,,,,,,,,,,,,,,,,,,,,,,,,,,,,,,,,,,,,,,,,,,,,,,,Tennessee,Minnesota,,,,66.798835108,-15.7,227.628610074,23.34,-160.829774965,-55.511150724,294.427445182,0.71,1.42,29.0,21.0
2026-06-15,Rolling 3-Month,2026-01-01,2026-03-31,,State,,,,,,,,,,,,,,,,migration,,,,,,,,,,,,,,,,,,,,,,,,,,,,,,,,,,,,,,,,,,,,,,,,,,,,,,,,,,,,,,,,,Mississippi,Wyoming,,,,1.635377042,63.54,2.0,233.33,-0.3646229582,-0.7646229582,3.635377042,0.12,0.17,43.0,44.0
2026-06-15,Rolling 3-Month,2026-01-01,2026-03-31,,State,,,,,,,,,,,,,,,,migration,,,,,,,,,,,,,,,,,,,,,,,,,,,,,,,,,,,,,,,,,,,,,,,,,,,,,,,,,,,,,,,,,Mississippi,Kansas,,,,4.839572193,61.32,9.486486486,5.41,-4.646914294,1.353085706,14.326058679,0.37,0.2,33.0,32.0
2026-06-15,Rolling 3-Month,2026-01-01,2026-03-31,,State,,,,,,,,,,,,,,,,migration,,,,,,,,,,,,,,,,,,,,,,,,,,,,,,,,,,,,,,,,,,,,,,,,,,,,,,,,,,,,,,,,,Mississippi,Washington,,,,24.791304348,3.94,121.335311286,-10.17,-96.544006938,14.682970589,146.126615634,1.89,0.08,13.0,9.0
2026-06-15,Rolling 3-Month,2026-01-01,2026-03-31,,State,,,,,,,,,,,,,,,,migration,,,,,,,,,,,,,,,,,,,,,,,,,,,,,,,,,,,,,,,,,,,,,,,,,,,,,,,,,,,,,,,,,Delaware,Columbia,,,,18.339784687,-14.79,67.456993743,-19.17,-49.117209056,12.818929843,85.79677843,1.13,0.34,13.0,10.0
2026-06-15,Rolling 3-Month,2026-01-01,2026-03-31,,State,,,,,,,,,,,,,,,,migration,,,,,,,,,,,,,,,,,,,,,,,,,,,,,,,,,,,,,,,,,,,,,,,,,,,,,,,,,,,,,,,,,Connecticut,Wisconsin,,,,10.510195886,-56.27,5.534478034,-59.98,4.975717852,-5.230314552,16.044673919,0.17,0.12,39.0,37.0
2026-06-15,Rolling 3-Month,2026-01-01,2026-03-31,,State,,,,,,,,,,,,,,,,migration,,,,,,,,,,,,,,,,,,,,,,,,,,,,,,,,,,,,,,,,,,,,,,,,,,,,,,,,,,,,,,,,,Connecticut,Wyoming,,,,3.246195652,224.62,4.0,300.0,-0.7538043478,-0.7538043478,7.246195652,0.05,0.34,45.0,40.0
2026-06-15,Rolling 3-Month,2026-01-01,2026-03-31,,State,,,,,,,,,,,,,,,,migration,,,,,,,,,,,,,,,,,,,,,,,,,,,,,,,,,,,,,,,,,,,,,,,,,,,,,,,,,,,,,,,,,Delaware,Alabama,,,,10.95512605,6.89,2.0,-71.28,8.95512605,5.671248676,12.95512605,0.67,0.16,17.0,37.0
2026-06-15,Rolling 3-Month,2026-01-01,2026-03-31,,State,,,,,,,,,,,,,,,,migration,,,,,,,,,,,,,,,,,,,,,,,,,,,,,,,,,,,,,,,,,,,,,,,,,,,,,,,,,,,,,,,,,Delaware,Arizona,,,,36.823238168,103.64,23.97125059,-35.13,12.851987578,31.72090467,60.794488758,2.27,0.11,12.0,19.0
2026-06-15,Rolling 3-Month,2026-01-01,2026-03-31,,State,,,,,,,,,,,,,,,,migration,,,,,,,,,,,,,,,,,,,,,,,,,,,,,,,,,,,,,,,,,,,,,,,,,,,,,,,,,,,,,,,,,Delaware,Arkansas,,,,3.328571429,,2.0,,1.328571429,,5.328571429,0.2,0.08,30.0,38.0
2026-06-15,Rolling 3-Month,2026-01-01,2026-03-31,,State,,,,,,,,,,,,,,,,migration,,,,,,,,,,,,,,,,,,,,,,,,,,,,,,,,,,,,,,,,,,,,,,,,,,,,,,,,,,,,,,,,,Delaware,California,,,,65.449878499,39.15,96.584612593,-28.31,-31.134734094,56.553717662,162.034491091,4.03,0.13,6.0,7.0
2026-06-15,Rolling 3-Month,2026-01-01,2026-03-31,,State,,,,,,,,,,,,,,,,migration,,,,,,,,,,,,,,,,,,,,,,,,,,,,,,,,,,,,,,,,,,,,,,,,,,,,,,,,,,,,,,,,,Delaware,Colorado,,,,9.596503497,83.14,30.924569978,54.83,-21.328066481,-6.595073747,40.521073474,0.59,0.06,20.0,16.0
2026-06-15,Rolling 3-Month,2026-01-01,2026-03-31,,State,,,,,,,,,,,,,,,,migration,,,,,,,,,,,,,,,,,,,,,,,,,,,,,,,,,,,,,,,,,,,,,,,,,,,,,,,,,,,,,,,,,Delaware,Connecticut,,,,3.780769231,-56.36,43.961375585,21.14,-40.180606355,-12.552713011,47.742144816,0.23,0.07,29.0,12.0
2026-06-15,Rolling 3-Month,2026-01-01,2026-03-31,,State,,,,,,,,,,,,,,,,migration,,,,,,,,,,,,,,,,,,,,,,,,,,,,,,,,,,,,,,,,,,,,,,,,,,,,,,,,,,,,,,,,,Connecticut,Washington,,,,78.478470329,15.59,104.710058927,-31.43,-26.231588598,58.584969211,183.188529256,1.25,0.26,20.0,9.0
2026-06-15,Rolling 3-Month,2026-01-01,2026-03-31,,State,,,,,,,,,,,,,,,,migration,,,,,,,,,,,,,,,,,,,,,,,,,,,,,,,,,,,,,,,,,,,,,,,,,,,,,,,,,,,,,,,,,Delaware,Delaware,,,,2377.561844739,-5.58,2377.561844739,-5.58,0.0,0.0,4755.123689477,,,,
2026-06-15,Rolling 3-Month,2026-01-01,2026-03-31,,State,,,,,,,,,,,,,,,,migration,,,,,,,,,,,,,,,,,,,,,,,,,,,,,,,,,,,,,,,,,,,,,,,,,,,,,,,,,,,,,,,,,Delaware,Florida,,,,235.329379436,16.68,134.802561842,-29.89,100.526817594,91.121020856,370.131941278,14.49,0.29,3.0,6.0
2026-06-15,Rolling 3-Month,2026-01-01,2026-03-31,,State,,,,,,,,,,,,,,,,migration,,,,,,,,,,,,,,,,,,,,,,,,,,,,,,,,,,,,,,,,,,,,,,,,,,,,,,,,,,,,,,,,,Delaware,Georgia,,,,37.89657754,-17.86,35.417688176,-21.45,2.478889364,1.429410489,73.314265716,2.33,0.2,11.0,13.0
2026-06-15,Rolling 3-Month,2026-01-01,2026-03-31,,State,,,,,,,,,,,,,,,,migration,,,,,,,,,,,,,,,,,,,,,,,,,,,,,,,,,,,,,,,,,,,,,,,,,,,,,,,,,,,,,,,,,Delaware,Hawaii,,,,6.222222222,9.88,7.343984004,-32.43,-1.121761782,4.084295066,13.566206226,0.38,0.06,25.0,26.0
2026-06-15,Rolling 3-Month,2026-01-01,2026-03-31,,State,,,,,,,,,,,,,,,,migration,,,,,,,,,,,,,,,,,,,,,,,,,,,,,,,,,,,,,,,,,,,,,,,,,,,,,,,,,,,,,,,,,Delaware,Idaho,,,,3.0,50.0,1.431372549,4.54,1.568627451,0.9378582202,4.431372549,0.18,0.03,34.0,40.0
2026-06-15,Rolling 3-Month,2026-01-01,2026-03-31,,State,,,,,,,,,,,,,,,,migration,,,,,,,,,,,,,,,,,,,,,,,,,,,,,,,,,,,,,,,,,,,,,,,,,,,,,,,,,,,,,,,,,Delaware,Illinois,,,,13.0,-0.78,26.886211215,-43.19,-13.886211215,20.335184555,39.886211215,0.8,0.07,16.0,17.0
2026-06-15,Rolling 3-Month,2026-01-01,2026-03-31,,State,,,,,,,,,,,,,,,,migration,,,,,,,,,,,,,,,,,,,,,,,,,,,,,,,,,,,,,,,,,,,,,,,,,,,,,,,,,,,,,,,,,Delaware,Indiana,,,,3.22107438,-70.72,12.689112761,198.25,-9.468038381,-16.213492926,15.910187141,0.2,0.04,31.0,22.0
2026-06-15,Rolling 3-Month,2026-01-01,2026-03-31,,State,,,,,,,,,,,,,,,,migration,,,,,,,,,,,,,,,,,,,,,,,,,,,,,,,,,,,,,,,,,,,,,,,,,,,,,,,,,,,,,,,,,Connecticut,West Virginia,,,,22.502297393,106.9,6.0,-4.14,16.502297393,11.885492112,28.502297393,0.36,0.81,30.0,36.0
2026-06-15,Rolling 3-Month,2026-01-01,2026-03-31,,State,,,,,,,,,,,,,,,,migration,,,,,,,,,,,,,,,,,,,,,,,,,,,,,,,,,,,,,,,,,,,,,,,,,,,,,,,,,,,,,,,,,Connecticut,Virginia,,,,162.8032784,4.98,182.604457652,-8.55,-19.801179252,24.790589646,345.407736052,2.59,0.84,11.0,5.0
2026-06-15,Rolling 3-Month,2026-01-01,2026-03-31,,State,,,,,,,,,,,,,,,,migration,,,,,,,,,,,,,,,,,,,,,,,,,,,,,,,,,,,,,,,,,,,,,,,,,,,,,,,,,,,,,,,,,Connecticut,Montana,,,,6.753804348,64.28,2.0,13.23,4.753804348,2.409048377,8.753804348,0.11,0.21,41.0,45.0
2026-06-15,Rolling 3-Month,2026-01-01,2026-03-31,,State,,,,,,,,,,,,,,,,migration,,,,,,,,,,,,,,,,,,,,,,,,,,,,,,,,,,,,,,,,,,,,,,,,,,,,,,,,,,,,,,,,,Connecticut,Oklahoma,,,,8.444830824,-43.16,4.496120467,-56.03,3.948710358,-0.682523056,12.940951291,0.13,0.19,40.0,38.0
2026-06-15,Rolling 3-Month,2026-01-01,2026-03-31,,State,,,,,,,,,,,,,,,,migration,,,,,,,,,,,,,,,,,,,,,,,,,,,,,,,,,,,,,,,,,,,,,,,,,,,,,,,,,,,,,,,,,Connecticut,Nevada,,,,32.822101745,7.85,20.648566576,-0.5,12.173535169,2.493317881,53.47066832,0.52,0.17,25.0,25.0
2026-06-15,Rolling 3-Month,2026-01-01,2026-03-31,,State,,,,,,,,,,,,,,,,migration,,,,,,,,,,,,,,,,,,,,,,,,,,,,,,,,,,,,,,,,,,,,,,,,,,,,,,,,,,,,,,,,,Connecticut,New Hampshire,,,,161.796632553,-31.03,26.922509307,-24.45,134.874123246,-64.07923599,188.71914186,2.57,2.88,13.0,23.0
2026-06-15,Rolling 3-Month,2026-01-01,2026-03-31,,State,,,,,,,,,,,,,,,,migration,,,,,,,,,,,,,,,,,,,,,,,,,,,,,,,,,,,,,,,,,,,,,,,,,,,,,,,,,,,,,,,,,Connecticut,New Jersey,,,,106.513603409,-21.72,125.037002996,-25.95,-18.523399587,14.270377574,231.550606405,1.69,0.71,18.0,7.0
2026-06-15,Rolling 3-Month,2026-01-01,2026-03-31,,State,,,,,,,,,,,,,,,,migration,,,,,,,,,,,,,,,,,,,,,,,,,,,,,,,,,,,,,,,,,,,,,,,,,,,,,,,,,,,,,,,,,Connecticut,New Mexico,,,,15.171149095,96.48,4.186770225,-69.42,10.984378869,16.956343921,19.35791932,0.24,0.44,36.0,39.0
2026-06-15,Rolling 3-Month,2026-01-01,2026-03-31,,State,,,,,,,,,,,,,,,,migration,,,,,,,,,,,,,,,,,,,,,,,,,,,,,,,,,,,,,,,,,,,,,,,,,,,,,,,,,,,,,,,,,Connecticut,New York,,,,684.266891161,-9.05,2085.640910579,-37.61,-1401.374019419,1189.118995423,2769.90780174,10.87,4.71,2.0,1.0
2026-06-15,Rolling 3-Month,2026-01-01,2026-03-31,,State,,,,,,,,,,,,,,,,migration,,,,,,,,,,,,,,,,,,,,,,,,,,,,,,,,,,,,,,,,,,,,,,,,,,,,,,,,,,,,,,,,,Connecticut,North Carolina,,,,252.941317224,-6.79,114.67428393,2.71,138.267033294,-21.440946283,367.615601154,4.02,1.11,6.0,8.0
2026-06-15,Rolling 3-Month,2026-01-01,2026-03-31,,State,,,,,,,,,,,,,,,,migration,,,,,,,,,,,,,,,,,,,,,,,,,,,,,,,,,,,,,,,,,,,,,,,,,,,,,,,,,,,,,,,,,Connecticut,Ohio,,,,45.845927103,19.56,49.113245189,-9.88,-3.267318086,12.885414763,94.959172292,0.73,0.52,22.0,17.0
2026-06-15,Rolling 3-Month,2026-01-01,2026-03-31,,State,,,,,,,,,,,,,,,,migration,,,,,,,,,,,,,,,,,,,,,,,,,,,,,,,,,,,,,,,,,,,,,,,,,,,,,,,,,,,,,,,,,Connecticut,Oregon,,,,25.269815749,-14.33,34.57118354,-7.87,-9.301367791,-1.274612953,59.840999289,0.4,0.13,29.0,21.0
2026-06-15,Rolling 3-Month,2026-01-01,2026-03-31,,State,,,,,,,,,,,,,,,,migration,,,,,,,,,,,,,,,,,,,,,,,,,,,,,,,,,,,,,,,,,,,,,,,,,,,,,,,,,,,,,,,,,Connecticut,Vermont,,,,161.830843028,-18.22,12.57715926,-32.39,149.253683768,-30.022490856,174.408002288,2.57,8.05,12.0,29.0
2026-06-15,Rolling 3-Month,2026-01-01,2026-03-31,,State,,,,,,,,,,,,,,,,migration,,,,,,,,,,,,,,,,,,,,,,,,,,,,,,,,,,,,,,,,,,,,,,,,,,,,,,,,,,,,,,,,,Connecticut,Pennsylvania,,,,185.592626809,1.6,90.240257936,-22.78,95.352368873,29.535612556,275.832884745,2.95,1.12,8.0,11.0
2026-06-15,Rolling 3-Month,2026-01-01,2026-03-31,,State,,,,,,,,,,,,,,,,migration,,,,,,,,,,,,,,,,,,,,,,,,,,,,,,,,,,,,,,,,,,,,,,,,,,,,,,,,,,,,,,,,,Connecticut,Rhode Island,,,,160.608374137,-31.41,104.33445871,-22.15,56.273915427,-43.860578979,264.942832846,2.55,7.2,14.0,10.0
2026-06-15,Rolling 3-Month,2026-01-01,2026-03-31,,State,,,,,,,,,,,,,,,,migration,,,,,,,,,,,,,,,,,,,,,,,,,,,,,,,,,,,,,,,,,,,,,,,,,,,,,,,,,,,,,,,,,Connecticut,South Carolina,,,,364.247586775,-9.78,67.389694976,-1.85,296.857891798,-38.21079844,431.637281751,5.78,1.95,4.0,16.0
2026-06-15,Rolling 3-Month,2026-01-01,2026-03-31,,State,,,,,,,,,,,,,,,,migration,,,,,,,,,,,,,,,,,,,,,,,,,,,,,,,,,,,,,,,,,,,,,,,,,,,,,,,,,,,,,,,,,Connecticut,South Dakota,,,,4.319672131,616.43,0.0,,4.319672131,3.716730955,4.319672131,0.07,0.55,44.0,48.0
2026-06-15,Rolling 3-Month,2026-01-01,2026-03-31,,State,,,,,,,,,,,,,,,,migration,,,,,,,,,,,,,,,,,,,,,,,,,,,,,,,,,,,,,,,,,,,,,,,,,,,,,,,,,,,,,,,,,Connecticut,Tennessee,,,,134.421023754,44.43,35.19544126,-27.37,99.225582494,54.6180165,169.616465014,2.13,0.69,15.0,20.0
2026-06-15,Rolling 3-Month,2026-01-01,2026-03-31,,State,,,,,,,,,,,,,,,,migration,,,,,,,,,,,,,,,,,,,,,,,,,,,,,,,,,,,,,,,,,,,,,,,,,,,,,,,,,,,,,,,,,Connecticut,Texas,,,,217.663318916,11.04,155.056842578,-40.87,62.606476337,128.82632113,372.720161494,3.46,0.5,7.0,6.0
2026-06-15,Rolling 3-Month,2026-01-01,2026-03-31,,State,,,,,,,,,,,,,,,,migration,,,,,,,,,,,,,,,,,,,,,,,,,,,,,,,,,,,,,,,,,,,,,,,,,,,,,,,,,,,,,,,,,Connecticut,Utah,,,,18.620472244,-8.69,10.494080051,-49.34,8.126392192,8.44879025,29.114552295,0.3,0.34,33.0,31.0
2026-06-15,Rolling 3-Month,2026-01-01,2026-03-31,,State,,,,,,,,,,,,,,,,migration,,,,,,,,,,,,,,,,,,,,,,,,,,,,,,,,,,,,,,,,,,,,,,,,,,,,,,,,,,,,,,,,,Delaware,Kentucky,,,,2.77892562,-53.0,6.952636065,73.82,-4.173710445,-6.086514678,9.731561685,0.17,0.06,36.0,28.0
2026-06-15,Rolling 3-Month,2026-01-01,2026-03-31,,State,,,,,,,,,,,,,,,,migration,,,,,,,,,,,,,,,,,,,,,,,,,,,,,,,,,,,,,,,,,,,,,,,,,,,,,,,,,,,,,,,,,Delaware,Louisiana,,,,6.0,-27.23,2.553550371,21.52,3.446449629,-2.697074688,8.553550371,0.37,0.1,26.0,36.0
2026-06-15,Rolling 3-Month,2026-01-01,2026-03-31,,State,,,,,,,,,,,,,,,,migration,,,,,,,,,,,,,,,,,,,,,,,,,,,,,,,,,,,,,,,,,,,,,,,,,,,,,,,,,,,,,,,,,Delaware,Maine,,,,10.302083333,-22.68,2.0,-69.78,8.302083333,1.596294643,12.302083333,0.63,0.18,18.0,39.0
2026-06-15,Rolling 3-Month,2026-01-01,2026-03-31,,State,,,,,,,,,,,,,,,,migration,,,,,,,,,,,,,,,,,,,,,,,,,,,,,,,,,,,,,,,,,,,,,,,,,,,,,,,,,,,,,,,,,Florida,Alaska,,,,33.479383313,16.34,81.444172303,47.39,-47.96478899,-21.485913997,114.923555616,0.1,3.77,47.0,46.0
2026-06-15,Rolling 3-Month,2026-01-01,2026-03-31,,State,,,,,,,,,,,,,,,,migration,,,,,,,,,,,,,,,,,,,,,,,,,,,,,,,,,,,,,,,,,,,,,,,,,,,,,,,,,,,,,,,,,Delaware,Utah,,,,2.0,-75.94,2.57003784,145.94,-0.5700378397,-7.838176517,4.57003784,0.12,0.04,38.0,34.0
2026-06-15,Rolling 3-Month,2026-01-01,2026-03-31,,State,,,,,,,,,,,,,,,,migration,,,,,,,,,,,,,,,,,,,,,,,,,,,,,,,,,,,,,,,,,,,,,,,,,,,,,,,,,,,,,,,,,Delaware,Vermont,,,,2.362068966,-63.4,4.0,-33.33,-1.637931034,-2.091419407,6.362068966,0.15,0.12,37.0,32.0
2026-06-15,Rolling 3-Month,2026-01-01,2026-03-31,,State,,,,,,,,,,,,,,,,migration,,,,,,,,,,,,,,,,,,,,,,,,,,,,,,,,,,,,,,,,,,,,,,,,,,,,,,,,,,,,,,,,,Delaware,Virginia,,,,76.938747103,-16.31,340.151607561,-16.24,-263.212860458,50.965907008,417.090354664,4.74,0.4,5.0,5.0
2026-06-15,Rolling 3-Month,2026-01-01,2026-03-31,,State,,,,,,,,,,,,,,,,migration,,,,,,,,,,,,,,,,,,,,,,,,,,,,,,,,,,,,,,,,,,,,,,,,,,,,,,,,,,,,,,,,,Delaware,Washington,,,,16.707142857,-38.23,34.626655516,34.85,-17.919512659,-19.288541713,51.333798373,1.03,0.05,14.0,14.0
2026-06-15,Rolling 3-Month,2026-01-01,2026-03-31,,State,,,,,,,,,,,,,,,,migration,,,,,,,,,,,,,,,,,,,,,,,,,,,,,,,,,,,,,,,,,,,,,,,,,,,,,,,,,,,,,,,,,Delaware,West Virginia,,,,6.347457627,-7.16,13.491038407,175.17,-7.14358078,-9.07804359,19.838496034,0.39,0.23,24.0,21.0
2026-06-15,Rolling 3-Month,2026-01-01,2026-03-31,,State,,,,,,,,,,,,,,,,migration,,,,,,,,,,,,,,,,,,,,,,,,,,,,,,,,,,,,,,,,,,,,,,,,,,,,,,,,,,,,,,,,,Delaware,Wisconsin,,,,1.0,0.0,2.555555556,-20.05,-1.555555556,0.6410514674,3.555555556,0.06,0.01,42.0,35.0
2026-06-15,Rolling 3-Month,2026-01-01,2026-03-31,,State,,,,,,,,,,,,,,,,migration,,,,,,,,,,,,,,,,,,,,,,,,,,,,,,,,,,,,,,,,,,,,,,,,,,,,,,,,,,,,,,,,,Florida,Alabama,,,,761.627740262,-18.48,892.396330256,9.56,-130.768589994,-250.545508293,1654.024070518,2.18,11.4,18.0,21.0
2026-06-15,Rolling 3-Month,2026-01-01,2026-03-31,,State,,,,,,,,,,,,,,,,migration,,,,,,,,,,,,,,,,,,,,,,,,,,,,,,,,,,,,,,,,,,,,,,,,,,,,,,,,,,,,,,,,,Florida,Arizona,,,,682.867952931,-4.34,919.734221407,-9.04,-236.866268476,60.458110293,1602.602174338,1.96,2.0,19.0,20.0
2026-06-15,Rolling 3-Month,2026-01-01,2026-03-31,,State,,,,,,,,,,,,,,,,migration,,,,,,,,,,,,,,,,,,,,,,,,,,,,,,,,,,,,,,,,,,,,,,,,,,,,,,,,,,,,,,,,,Delaware,Maryland,,,,273.143077345,-4.74,923.487993321,-11.99,-650.344915976,112.24012587,1196.631070666,16.81,1.58,2.0,2.0
2026-06-15,Rolling 3-Month,2026-01-01,2026-03-31,,State,,,,,,,,,,,,,,,,migration,,,,,,,,,,,,,,,,,,,,,,,,,,,,,,,,,,,,,,,,,,,,,,,,,,,,,,,,,,,,,,,,,Florida,Arkansas,,,,171.874591584,-36.5,145.280922551,38.98,26.593669033,-139.559895319,317.155514136,0.49,4.09,35.0,40.0
2026-06-15,Rolling 3-Month,2026-01-01,2026-03-31,,State,,,,,,,,,,,,,,,,migration,,,,,,,,,,,,,,,,,,,,,,,,,,,,,,,,,,,,,,,,,,,,,,,,,,,,,,,,,,,,,,,,,Florida,California,,,,2346.138178672,1.04,6967.295668151,-8.12,-4621.157489479,639.797637038,9313.433846822,6.72,4.49,3.0,3.0
2026-06-15,Rolling 3-Month,2026-01-01,2026-03-31,,State,,,,,,,,,,,,,,,,migration,,,,,,,,,,,,,,,,,,,,,,,,,,,,,,,,,,,,,,,,,,,,,,,,,,,,,,,,,,,,,,,,,Florida,Colorado,,,,973.680386498,-6.72,1877.31432988,-6.21,-903.633943382,54.27539079,2850.994716377,2.79,6.15,12.0,15.0
2026-06-15,Rolling 3-Month,2026-01-01,2026-03-31,,State,,,,,,,,,,,,,,,,migration,,,,,,,,,,,,,,,,,,,,,,,,,,,,,,,,,,,,,,,,,,,,,,,,,,,,,,,,,,,,,,,,,Florida,Columbia,,,,276.178382636,-3.9,334.527069897,-5.87,-58.348687261,9.661717228,610.705452533,0.79,5.16,31.0,33.0
2026-06-15,Rolling 3-Month,2026-01-01,2026-03-31,,State,,,,,,,,,,,,,,,,migration,,,,,,,,,,,,,,,,,,,,,,,,,,,,,,,,,,,,,,,,,,,,,,,,,,,,,,,,,,,,,,,,,Florida,Connecticut,,,,484.949626592,-19.23,1450.881979957,11.65,-965.932353365,-266.86037147,1935.831606549,1.39,9.15,20.0,17.0
2026-06-15,Rolling 3-Month,2026-01-01,2026-03-31,,State,,,,,,,,,,,,,,,,migration,,,,,,,,,,,,,,,,,,,,,,,,,,,,,,,,,,,,,,,,,,,,,,,,,,,,,,,,,,,,,,,,,Florida,Delaware,,,,134.802561842,-29.89,235.329379436,16.68,-100.526817594,-91.121020856,370.131941278,0.39,3.05,38.0,35.0
2026-06-15,Rolling 3-Month,2026-01-01,2026-03-31,,State,,,,,,,,,,,,,,,,migration,,,,,,,,,,,,,,,,,,,,,,,,,,,,,,,,,,,,,,,,,,,,,,,,,,,,,,,,,,,,,,,,,Florida,Florida,,,,208909.583429634,-10.89,208909.583429634,-10.89,0.0,0.0,417819.166859267,,,,
2026-06-15,Rolling 3-Month,2026-01-01,2026-03-31,,State,,,,,,,,,,,,,,,,migration,,,,,,,,,,,,,,,,,,,,,,,,,,,,,,,,,,,,,,,,,,,,,,,,,,,,,,,,,,,,,,,,,Delaware,Texas,,,,46.053436658,7.59,69.271200447,-16.7,-23.21776379,17.13907815,115.324637105,2.84,0.11,9.0,9.0
2026-06-15,Rolling 3-Month,2026-01-01,2026-03-31,,State,,,,,,,,,,,,,,,,migration,,,,,,,,,,,,,,,,,,,,,,,,,,,,,,,,,,,,,,,,,,,,,,,,,,,,,,,,,,,,,,,,,Delaware,Tennessee,,,,16.568627451,-28.1,21.060077519,-11.43,-4.491450068,-3.758573938,37.62870497,1.02,0.08,15.0,20.0
2026-06-15,Rolling 3-Month,2026-01-01,2026-03-31,,State,,,,,,,,,,,,,,,,migration,,,,,,,,,,,,,,,,,,,,,,,,,,,,,,,,,,,,,,,,,,,,,,,,,,,,,,,,,,,,,,,,,Delaware,South Carolina,,,,38.177729089,-30.23,26.287838057,-7.21,11.889891032,-14.498537962,64.465567147,2.35,0.2,10.0,18.0
2026-06-15,Rolling 3-Month,2026-01-01,2026-03-31,,State,,,,,,,,,,,,,,,,migration,,,,,,,,,,,,,,,,,,,,,,,,,,,,,,,,,,,,,,,,,,,,,,,,,,,,,,,,,,,,,,,,,Delaware,Rhode Island,,,,3.0,-44.33,4.511592112,-52.49,-1.511592112,2.594757095,7.511592112,0.18,0.13,35.0,31.0
2026-06-15,Rolling 3-Month,2026-01-01,2026-03-31,,State,,,,,,,,,,,,,,,,migration,,,,,,,,,,,,,,,,,,,,,,,,,,,,,,,,,,,,,,,,,,,,,,,,,,,,,,,,,,,,,,,,,Delaware,Massachusetts,,,,9.621538462,-42.09,49.603480986,-8.3,-39.981942524,-2.50379338,59.225019448,0.59,0.1,19.0,11.0
2026-06-15,Rolling 3-Month,2026-01-01,2026-03-31,,State,,,,,,,,,,,,,,,,migration,,,,,,,,,,,,,,,,,,,,,,,,,,,,,,,,,,,,,,,,,,,,,,,,,,,,,,,,,,,,,,,,,Delaware,Michigan,,,,5.624046185,13.7,11.546728708,17.97,-5.922682524,-1.081580976,17.170774893,0.35,0.06,27.0,24.0
2026-06-15,Rolling 3-Month,2026-01-01,2026-03-31,,State,,,,,,,,,,,,,,,,migration,,,,,,,,,,,,,,,,,,,,,,,,,,,,,,,,,,,,,,,,,,,,,,,,,,,,,,,,,,,,,,,,,Delaware,Minnesota,,,,8.293333333,107.33,9.202702703,10.26,-0.9093693694,3.436731169,17.496036036,0.51,0.18,21.0,25.0
2026-06-15,Rolling 3-Month,2026-01-01,2026-03-31,,State,,,,,,,,,,,,,,,,migration,,,,,,,,,,,,,,,,,,,,,,,,,,,,,,,,,,,,,,,,,,,,,,,,,,,,,,,,,,,,,,,,,Delaware,Mississippi,,,,6.688940092,,1.0,,5.688940092,,7.688940092,0.41,0.22,23.0,42.0
2026-06-15,Rolling 3-Month,2026-01-01,2026-03-31,,State,,,,,,,,,,,,,,,,migration,,,,,,,,,,,,,,,,,,,,,,,,,,,,,,,,,,,,,,,,,,,,,,,,,,,,,,,,,,,,,,,,,Delaware,Missouri,,,,1.555555556,-52.28,6.156716418,23.13,-4.601160862,-2.860776247,7.712271973,0.1,0.02,39.0,29.0
2026-06-15,Rolling 3-Month,2026-01-01,2026-03-31,,State,,,,,,,,,,,,,,,,migration,,,,,,,,,,,,,,,,,,,,,,,,,,,,,,,,,,,,,,,,,,,,,,,,,,,,,,,,,,,,,,,,,Delaware,Montana,,,,1.0,,1.0,,0.0,,2.0,0.06,0.03,40.0,41.0
2026-06-15,Rolling 3-Month,2026-01-01,2026-03-31,,State,,,,,,,,,,,,,,,,migration,,,,,,,,,,,,,,,,,,,,,,,,,,,,,,,,,,,,,,,,,,,,,,,,,,,,,,,,,,,,,,,,,Delaware,Nevada,,,,4.38028169,-27.0,11.894105094,-35.04,-7.513823404,4.796003335,16.274386784,0.27,0.02,28.0,23.0
2026-06-15,Rolling 3-Month,2026-01-01,2026-03-31,,State,,,,,,,,,,,,,,,,migration,,,,,,,,,,,,,,,,,,,,,,,,,,,,,,,,,,,,,,,,,,,,,,,,,,,,,,,,,,,,,,,,,Delaware,New Jersey,,,,93.39585091,-10.34,350.105357866,-7.71,-256.709506956,18.467378877,443.501208776,5.75,0.62,4.0,4.0
2026-06-15,Rolling 3-Month,2026-01-01,2026-03-31,,State,,,,,,,,,,,,,,,,migration,,,,,,,,,,,,,,,,,,,,,,,,,,,,,,,,,,,,,,,,,,,,,,,,,,,,,,,,,,,,,,,,,Delaware,New Mexico,,,,3.016518424,174.23,3.0,50.0,0.0165184244,0.9165184244,6.016518424,0.19,0.09,32.0,33.0
2026-06-15,Rolling 3-Month,2026-01-01,2026-03-31,,State,,,,,,,,,,,,,,,,migration,,,,,,,,,,,,,,,,,,,,,,,,,,,,,,,,,,,,,,,,,,,,,,,,,,,,,,,,,,,,,,,,,Delaware,New York,,,,52.574814946,18.39,428.475828967,-30.58,-375.901014021,196.881242356,481.050643914,3.24,0.36,8.0,3.0
2026-06-15,Rolling 3-Month,2026-01-01,2026-03-31,,State,,,,,,,,,,,,,,,,migration,,,,,,,,,,,,,,,,,,,,,,,,,,,,,,,,,,,,,,,,,,,,,,,,,,,,,,,,,,,,,,,,,Delaware,North Carolina,,,,61.339895419,4.36,75.854073045,11.51,-14.514177626,-5.268668501,137.193968465,3.78,0.27,7.0,8.0
2026-06-15,Rolling 3-Month,2026-01-01,2026-03-31,,State,,,,,,,,,,,,,,,,migration,,,,,,,,,,,,,,,,,,,,,,,,,,,,,,,,,,,,,,,,,,,,,,,,,,,,,,,,,,,,,,,,,Delaware,Ohio,,,,7.451612903,-54.52,31.658997031,22.39,-24.207384128,-14.723182017,39.110609934,0.46,0.08,22.0,15.0
2026-06-15,Rolling 3-Month,2026-01-01,2026-03-31,,State,,,,,,,,,,,,,,,,migration,,,,,,,,,,,,,,,,,,,,,,,,,,,,,,,,,,,,,,,,,,,,,,,,,,,,,,,,,,,,,,,,,Delaware,Oklahoma,,,,1.0,-66.67,5.0,-11.8,-4.0,-1.331156419,6.0,0.06,0.02,41.0,30.0
2026-06-15,Rolling 3-Month,2026-01-01,2026-03-31,,State,,,,,,,,,,,,,,,,migration,,,,,,,,,,,,,,,,,,,,,,,,,,,,,,,,,,,,,,,,,,,,,,,,,,,,,,,,,,,,,,,,,Delaware,Oregon,,,,3.0,-49.85,6.977059747,-41.85,-3.977059747,2.03981048,9.977059747,0.18,0.02,33.0,27.0
2026-06-15,Rolling 3-Month,2026-01-01,2026-03-31,,State,,,,,,,,,,,,,,,,migration,,,,,,,,,,,,,,,,,,,,,,,,,,,,,,,,,,,,,,,,,,,,,,,,,,,,,,,,,,,,,,,,,Delaware,Pennsylvania,,,,417.173346153,-4.3,1475.795333996,-21.18,-1058.621987843,377.720138493,1892.968680148,25.68,2.53,1.0,1.0
2026-06-15,Rolling 3-Month,2026-01-01,2026-03-31,,State,,,,,,,,,,,,,,,,migration,,,,,,,,,,,,,,,,,,,,,,,,,,,,,,,,,,,,,,,,,,,,,,,,,,,,,,,,,,,,,,,,,Connecticut,Nebraska,,,,1.4,-70.14,0.0,-100.0,1.4,2.923634255,1.4,0.02,0.11,47.0,47.0
2026-06-15,Rolling 3-Month,2026-01-01,2026-03-31,,State,,,,,,,,,,,,,,,,migration,,,,,,,,,,,,,,,,,,,,,,,,,,,,,,,,,,,,,,,,,,,,,,,,,,,,,,,,,,,,,,,,,Connecticut,Missouri,,,,18.49696609,161.25,8.996128727,-45.04,9.500837363,18.790410639,27.493094817,0.29,0.27,34.0,33.0
2026-06-15,Rolling 3-Month,2026-01-01,2026-03-31,,State,,,,,,,,,,,,,,,,migration,,,,,,,,,,,,,,,,,,,,,,,,,,,,,,,,,,,,,,,,,,,,,,,,,,,,,,,,,,,,,,,,,Colorado,Washington,,,,808.612617024,-22.73,962.464552336,-2.53,-153.851935312,-212.965768793,1771.077169361,4.96,2.63,5.0,5.0
2026-06-15,Rolling 3-Month,2026-01-01,2026-03-31,,State,,,,,,,,,,,,,,,,migration,,,,,,,,,,,,,,,,,,,,,,,,,,,,,,,,,,,,,,,,,,,,,,,,,,,,,,,,,,,,,,,,,Columbia,Missouri,,,,17.441317314,-47.79,13.0,-48.89,4.441317314,-3.532976083,30.441317314,0.22,0.25,31.0,28.0
2026-06-15,Rolling 3-Month,2026-01-01,2026-03-31,,State,,,,,,,,,,,,,,,,migration,,,,,,,,,,,,,,,,,,,,,,,,,,,,,,,,,,,,,,,,,,,,,,,,,,,,,,,,,,,,,,,,,Columbia,Louisiana,,,,31.944706411,-9.9,14.397239558,-14.08,17.547466852,-1.150071663,46.341945969,0.41,0.54,25.0,25.0
2026-06-15,Rolling 3-Month,2026-01-01,2026-03-31,,State,,,,,,,,,,,,,,,,migration,,,,,,,,,,,,,,,,,,,,,,,,,,,,,,,,,,,,,,,,,,,,,,,,,,,,,,,,,,,,,,,,,Columbia,Maine,,,,33.429861312,-47.63,18.83643584,253.39,14.593425472,-43.912794445,52.266297153,0.43,0.6,24.0,22.0
2026-06-15,Rolling 3-Month,2026-01-01,2026-03-31,,State,,,,,,,,,,,,,,,,migration,,,,,,,,,,,,,,,,,,,,,,,,,,,,,,,,,,,,,,,,,,,,,,,,,,,,,,,,,,,,,,,,,Columbia,Maryland,,,,3360.615165852,-28.42,2156.734760747,-14.18,1203.880405106,-977.712146104,5517.349926599,42.88,19.4,1.0,1.0
2026-06-15,Rolling 3-Month,2026-01-01,2026-03-31,,State,,,,,,,,,,,,,,,,migration,,,,,,,,,,,,,,,,,,,,,,,,,,,,,,,,,,,,,,,,,,,,,,,,,,,,,,,,,,,,,,,,,Columbia,Massachusetts,,,,87.749197678,-36.69,95.670589192,-16.93,-7.921391514,-31.353601989,183.41978687,1.12,0.89,11.0,9.0
2026-06-15,Rolling 3-Month,2026-01-01,2026-03-31,,State,,,,,,,,,,,,,,,,migration,,,,,,,,,,,,,,,,,,,,,,,,,,,,,,,,,,,,,,,,,,,,,,,,,,,,,,,,,,,,,,,,,Columbia,Michigan,,,,40.489534468,-12.06,44.164395036,22.71,-3.674860568,-13.724230828,84.653929504,0.52,0.43,21.0,15.0
2026-06-15,Rolling 3-Month,2026-01-01,2026-03-31,,State,,,,,,,,,,,,,,,,migration,,,,,,,,,,,,,,,,,,,,,,,,,,,,,,,,,,,,,,,,,,,,,,,,,,,,,,,,,,,,,,,,,Columbia,Minnesota,,,,34.640471015,-29.15,11.884476265,-36.79,22.75599475,-7.337235777,46.524947279,0.44,0.73,23.0,30.0
2026-06-15,Rolling 3-Month,2026-01-01,2026-03-31,,State,,,,,,,,,,,,,,,,migration,,,,,,,,,,,,,,,,,,,,,,,,,,,,,,,,,,,,,,,,,,,,,,,,,,,,,,,,,,,,,,,,,Columbia,Mississippi,,,,6.014367816,-9.71,4.776595745,-28.54,1.237772071,1.261020133,10.790963561,0.08,0.2,39.0,39.0
2026-06-15,Rolling 3-Month,2026-01-01,2026-03-31,,State,,,,,,,,,,,,,,,,migration,,,,,,,,,,,,,,,,,,,,,,,,,,,,,,,,,,,,,,,,,,,,,,,,,,,,,,,,,,,,,,,,,Columbia,Montana,,,,2.840151515,-40.38,3.0,-5.42,-0.1598484848,-1.75166474,5.840151515,0.04,0.09,44.0,44.0
2026-06-15,Rolling 3-Month,2026-01-01,2026-03-31,,State,,,,,,,,,,,,,,,,migration,,,,,,,,,,,,,,,,,,,,,,,,,,,,,,,,,,,,,,,,,,,,,,,,,,,,,,,,,,,,,,,,,Columbia,Kansas,,,,0.9834881321,-86.83,6.0,50.0,-5.016511868,-8.482868579,6.983488132,0.01,0.04,49.0,38.0
2026-06-15,Rolling 3-Month,2026-01-01,2026-03-31,,State,,,,,,,,,,,,,,,,migration,,,,,,,,,,,,,,,,,,,,,,,,,,,,,,,,,,,,,,,,,,,,,,,,,,,,,,,,,,,,,,,,,Columbia,Nebraska,,,,6.264150943,-24.19,1.0,-82.63,5.264150943,2.758484725,7.264150943,0.08,0.5,38.0,47.0
2026-06-15,Rolling 3-Month,2026-01-01,2026-03-31,,State,,,,,,,,,,,,,,,,migration,,,,,,,,,,,,,,,,,,,,,,,,,,,,,,,,,,,,,,,,,,,,,,,,,,,,,,,,,,,,,,,,,Columbia,Nevada,,,,21.878076236,-26.23,9.781914307,-52.52,12.096161929,3.037840793,31.659990543,0.28,0.11,29.0,32.0
2026-06-15,Rolling 3-Month,2026-01-01,2026-03-31,,State,,,,,,,,,,,,,,,,migration,,,,,,,,,,,,,,,,,,,,,,,,,,,,,,,,,,,,,,,,,,,,,,,,,,,,,,,,,,,,,,,,,Columbia,New Hampshire,,,,6.62453139,-57.32,8.464275037,20.52,-1.839743648,-10.339781092,15.088806427,0.08,0.12,35.0,34.0
2026-06-15,Rolling 3-Month,2026-01-01,2026-03-31,,State,,,,,,,,,,,,,,,,migration,,,,,,,,,,,,,,,,,,,,,,,,,,,,,,,,,,,,,,,,,,,,,,,,,,,,,,,,,,,,,,,,,Columbia,New Jersey,,,,69.784130013,-24.87,47.397605198,-13.86,22.386524815,-15.477178053,117.181735211,0.89,0.46,13.0,14.0
2026-06-15,Rolling 3-Month,2026-01-01,2026-03-31,,State,,,,,,,,,,,,,,,,migration,,,,,,,,,,,,,,,,,,,,,,,,,,,,,,,,,,,,,,,,,,,,,,,,,,,,,,,,,,,,,,,,,Columbia,New Mexico,,,,26.195536278,62.72,4.185840708,-63.33,22.00969557,17.327147107,30.381376986,0.33,0.77,28.0,41.0
2026-06-15,Rolling 3-Month,2026-01-01,2026-03-31,,State,,,,,,,,,,,,,,,,migration,,,,,,,,,,,,,,,,,,,,,,,,,,,,,,,,,,,,,,,,,,,,,,,,,,,,,,,,,,,,,,,,,Columbia,New York,,,,141.943217305,-43.71,283.171318652,-30.19,-141.228101347,12.213628957,425.114535957,1.81,0.98,8.0,4.0
2026-06-15,Rolling 3-Month,2026-01-01,2026-03-31,,State,,,,,,,,,,,,,,,,migration,,,,,,,,,,,,,,,,,,,,,,,,,,,,,,,,,,,,,,,,,,,,,,,,,,,,,,,,,,,,,,,,,Columbia,North Carolina,,,,156.407683369,-16.19,120.682148506,14.49,35.725534864,-45.486009282,277.089831875,2.0,0.68,7.0,7.0
2026-06-15,Rolling 3-Month,2026-01-01,2026-03-31,,State,,,,,,,,,,,,,,,,migration,,,,,,,,,,,,,,,,,,,,,,,,,,,,,,,,,,,,,,,,,,,,,,,,,,,,,,,,,,,,,,,,,Columbia,Kentucky,,,,5.908655617,-5.46,16.285368364,-4.34,-10.376712747,0.3965716759,22.194023981,0.08,0.13,40.0,24.0
2026-06-15,Rolling 3-Month,2026-01-01,2026-03-31,,State,,,,,,,,,,,,,,,,migration,,,,,,,,,,,,,,,,,,,,,,,,,,,,,,,,,,,,,,,,,,,,,,,,,,,,,,,,,,,,,,,,,Columbia,Iowa,,,,2.468282915,-25.72,2.473684211,-69.41,-0.005401295506,4.757227337,4.941967126,0.03,0.12,45.0,45.0
2026-06-15,Rolling 3-Month,2026-01-01,2026-03-31,,State,,,,,,,,,,,,,,,,migration,,,,,,,,,,,,,,,,,,,,,,,,,,,,,,,,,,,,,,,,,,,,,,,,,,,,,,,,,,,,,,,,,Connecticut,Mississippi,,,,15.63379416,147.6,6.743951613,58.16,8.889842547,6.839639001,22.377745773,0.25,0.51,35.0,35.0
2026-06-15,Rolling 3-Month,2026-01-01,2026-03-31,,State,,,,,,,,,,,,,,,,migration,,,,,,,,,,,,,,,,,,,,,,,,,,,,,,,,,,,,,,,,,,,,,,,,,,,,,,,,,,,,,,,,,Columbia,Colorado,,,,86.832786412,-1.35,32.791682959,-34.27,54.041103453,15.912459083,119.62446937,1.11,0.55,12.0,17.0
2026-06-15,Rolling 3-Month,2026-01-01,2026-03-31,,State,,,,,,,,,,,,,,,,migration,,,,,,,,,,,,,,,,,,,,,,,,,,,,,,,,,,,,,,,,,,,,,,,,,,,,,,,,,,,,,,,,,Colorado,Wisconsin,,,,167.121368734,-39.99,122.621257565,39.33,44.500111169,-146.004190679,289.742626299,1.03,1.93,30.0,26.0
2026-06-15,Rolling 3-Month,2026-01-01,2026-03-31,,State,,,,,,,,,,,,,,,,migration,,,,,,,,,,,,,,,,,,,,,,,,,,,,,,,,,,,,,,,,,,,,,,,,,,,,,,,,,,,,,,,,,Colorado,Wyoming,,,,189.669878615,-19.71,119.730788637,48.04,69.939089978,-85.413728734,309.400667252,1.16,20.11,26.0,29.0
2026-06-15,Rolling 3-Month,2026-01-01,2026-03-31,,State,,,,,,,,,,,,,,,,migration,,,,,,,,,,,,,,,,,,,,,,,,,,,,,,,,,,,,,,,,,,,,,,,,,,,,,,,,,,,,,,,,,Columbia,Alabama,,,,52.808486993,119.83,10.978930376,0.07,41.829556617,28.778717998,63.787417369,0.67,0.79,17.0,31.0
2026-06-15,Rolling 3-Month,2026-01-01,2026-03-31,,State,,,,,,,,,,,,,,,,migration,,,,,,,,,,,,,,,,,,,,,,,,,,,,,,,,,,,,,,,,,,,,,,,,,,,,,,,,,,,,,,,,,Columbia,Alaska,,,,4.395348837,24.79,4.0,1.84,0.3953488372,0.8007688674,8.395348837,0.06,0.49,42.0,42.0
2026-06-15,Rolling 3-Month,2026-01-01,2026-03-31,,State,,,,,,,,,,,,,,,,migration,,,,,,,,,,,,,,,,,,,,,,,,,,,,,,,,,,,,,,,,,,,,,,,,,,,,,,,,,,,,,,,,,Columbia,Arizona,,,,40.650444096,-12.58,25.949215106,-21.04,14.701228991,1.066634768,66.599659202,0.52,0.12,20.0,19.0
2026-06-15,Rolling 3-Month,2026-01-01,2026-03-31,,State,,,,,,,,,,,,,,,,migration,,,,,,,,,,,,,,,,,,,,,,,,,,,,,,,,,,,,,,,,,,,,,,,,,,,,,,,,,,,,,,,,,Columbia,Arkansas,,,,4.2,-68.26,1.420289855,-87.26,2.779710145,0.6902656153,5.620289855,0.05,0.1,43.0,46.0
2026-06-15,Rolling 3-Month,2026-01-01,2026-03-31,,State,,,,,,,,,,,,,,,,migration,,,,,,,,,,,,,,,,,,,,,,,,,,,,,,,,,,,,,,,,,,,,,,,,,,,,,,,,,,,,,,,,,Columbia,California,,,,362.986225999,-20.19,287.255017669,-33.63,75.73120833,53.737241127,650.241243669,4.63,0.7,3.0,3.0
2026-06-15,Rolling 3-Month,2026-01-01,2026-03-31,,State,,,,,,,,,,,,,,,,migration,,,,,,,,,,,,,,,,,,,,,,,,,,,,,,,,,,,,,,,,,,,,,,,,,,,,,,,,,,,,,,,,,Columbia,Columbia,,,,5581.549275255,-24.49,5581.549275255,-24.49,0.0,0.0,11163.098550509,,,,
2026-06-15,Rolling 3-Month,2026-01-01,2026-03-31,,State,,,,,,,,,,,,,,,,migration,,,,,,,,,,,,,,,,,,,,,,,,,,,,,,,,,,,,,,,,,,,,,,,,,,,,,,,,,,,,,,,,,Columbia,Indiana,,,,6.307692308,-14.92,13.689115811,-17.12,-7.381423503,1.722496169,19.996808118,0.08,0.07,37.0,26.0
2026-06-15,Rolling 3-Month,2026-01-01,2026-03-31,,State,,,,,,,,,,,,,,,,migration,,,,,,,,,,,,,,,,,,,,,,,,,,,,,,,,,,,,,,,,,,,,,,,,,,,,,,,,,,,,,,,,,Columbia,Connecticut,,,,20.648164212,-62.41,29.877876841,-1.33,-9.229712629,-33.875848683,50.526041052,0.26,0.39,30.0,18.0
2026-06-15,Rolling 3-Month,2026-01-01,2026-03-31,,State,,,,,,,,,,,,,,,,migration,,,,,,,,,,,,,,,,,,,,,,,,,,,,,,,,,,,,,,,,,,,,,,,,,,,,,,,,,,,,,,,,,Columbia,Delaware,,,,67.456993743,-19.17,18.339784687,-14.79,49.117209056,-12.818929843,85.79677843,0.86,1.53,15.0,23.0
2026-06-15,Rolling 3-Month,2026-01-01,2026-03-31,,State,,,,,,,,,,,,,,,,migration,,,,,,,,,,,,,,,,,,,,,,,,,,,,,,,,,,,,,,,,,,,,,,,,,,,,,,,,,,,,,,,,,Columbia,Florida,,,,334.527069897,-5.87,276.178382636,-3.9,58.348687261,-9.661717228,610.705452533,4.27,0.41,4.0,5.0
2026-06-15,Rolling 3-Month,2026-01-01,2026-03-31,,State,,,,,,,,,,,,,,,,migration,,,,,,,,,,,,,,,,,,,,,,,,,,,,,,,,,,,,,,,,,,,,,,,,,,,,,,,,,,,,,,,,,Columbia,Georgia,,,,110.68769925,-22.35,61.312665122,-41.62,49.375034128,11.862559535,172.000364372,1.41,0.59,9.0,12.0
2026-06-15,Rolling 3-Month,2026-01-01,2026-03-31,,State,,,,,,,,,,,,,,,,migration,,,,,,,,,,,,,,,,,,,,,,,,,,,,,,,,,,,,,,,,,,,,,,,,,,,,,,,,,,,,,,,,,Columbia,Hawaii,,,,29.327112884,-5.79,8.685942589,-63.56,20.641170295,13.349739419,38.013055473,0.37,0.28,27.0,33.0
2026-06-15,Rolling 3-Month,2026-01-01,2026-03-31,,State,,,,,,,,,,,,,,,,migration,,,,,,,,,,,,,,,,,,,,,,,,,,,,,,,,,,,,,,,,,,,,,,,,,,,,,,,,,,,,,,,,,Columbia,Idaho,,,,4.611111111,53.7,4.706806283,841.36,-0.09569517161,-2.595695172,9.317917394,0.06,0.04,41.0,40.0
2026-06-15,Rolling 3-Month,2026-01-01,2026-03-31,,State,,,,,,,,,,,,,,,,migration,,,,,,,,,,,,,,,,,,,,,,,,,,,,,,,,,,,,,,,,,,,,,,,,,,,,,,,,,,,,,,,,,Columbia,Illinois,,,,94.324977481,-48.07,94.840155077,-32.43,-0.5151775953,-41.784815646,189.165132558,1.2,0.5,10.0,10.0
2026-06-15,Rolling 3-Month,2026-01-01,2026-03-31,,State,,,,,,,,,,,,,,,,migration,,,,,,,,,,,,,,,,,,,,,,,,,,,,,,,,,,,,,,,,,,,,,,,,,,,,,,,,,,,,,,,,,Columbia,North Dakota,,,,1.0,,0.0,,1.0,,1.0,0.01,0.31,47.0,49.0
2026-06-15,Rolling 3-Month,2026-01-01,2026-03-31,,State,,,,,,,,,,,,,,,,migration,,,,,,,,,,,,,,,,,,,,,,,,,,,,,,,,,,,,,,,,,,,,,,,,,,,,,,,,,,,,,,,,,Columbia,Ohio,,,,40.313491639,-24.98,54.042206356,-4.76,-13.728714717,-10.720846267,94.355697996,0.51,0.45,22.0,13.0
2026-06-15,Rolling 3-Month,2026-01-01,2026-03-31,,State,,,,,,,,,,,,,,,,migration,,,,,,,,,,,,,,,,,,,,,,,,,,,,,,,,,,,,,,,,,,,,,,,,,,,,,,,,,,,,,,,,,Columbia,Oklahoma,,,,1.215686275,-90.05,13.3930949,-34.36,-12.177408625,-3.994122806,14.608781174,0.02,0.03,46.0,27.0
2026-06-15,Rolling 3-Month,2026-01-01,2026-03-31,,State,,,,,,,,,,,,,,,,migration,,,,,,,,,,,,,,,,,,,,,,,,,,,,,,,,,,,,,,,,,,,,,,,,,,,,,,,,,,,,,,,,,Connecticut,Indiana,,,,12.22449856,-48.09,20.96404276,-1.06,-8.7395442,-11.102614317,33.18854132,0.19,0.14,37.0,24.0
2026-06-15,Rolling 3-Month,2026-01-01,2026-03-31,,State,,,,,,,,,,,,,,,,migration,,,,,,,,,,,,,,,,,,,,,,,,,,,,,,,,,,,,,,,,,,,,,,,,,,,,,,,,,,,,,,,,,Connecticut,Connecticut,,,,15126.616111516,-25.07,15126.616111516,-25.07,0.0,0.0,30253.232223032,,,,
2026-06-15,Rolling 3-Month,2026-01-01,2026-03-31,,State,,,,,,,,,,,,,,,,migration,,,,,,,,,,,,,,,,,,,,,,,,,,,,,,,,,,,,,,,,,,,,,,,,,,,,,,,,,,,,,,,,,Connecticut,Delaware,,,,43.961375585,21.14,3.780769231,-56.36,40.180606355,12.552713011,47.742144816,0.7,1.0,24.0,42.0
2026-06-15,Rolling 3-Month,2026-01-01,2026-03-31,,State,,,,,,,,,,,,,,,,migration,,,,,,,,,,,,,,,,,,,,,,,,,,,,,,,,,,,,,,,,,,,,,,,,,,,,,,,,,,,,,,,,,Connecticut,Florida,,,,1450.881979957,11.65,484.949626592,-19.23,965.932353365,266.86037147,1935.831606549,23.04,1.78,1.0,3.0
2026-06-15,Rolling 3-Month,2026-01-01,2026-03-31,,State,,,,,,,,,,,,,,,,migration,,,,,,,,,,,,,,,,,,,,,,,,,,,,,,,,,,,,,,,,,,,,,,,,,,,,,,,,,,,,,,,,,Connecticut,Georgia,,,,172.923495041,-16.14,80.941037422,-17.67,91.98245762,-15.895198977,253.864532463,2.75,0.92,10.0,13.0
2026-06-15,Rolling 3-Month,2026-01-01,2026-03-31,,State,,,,,,,,,,,,,,,,migration,,,,,,,,,,,,,,,,,,,,,,,,,,,,,,,,,,,,,,,,,,,,,,,,,,,,,,,,,,,,,,,,,Connecticut,Hawaii,,,,29.157969117,3.6,10.26,-56.21,18.897969117,14.180987096,39.417969117,0.46,0.27,27.0,32.0
2026-06-15,Rolling 3-Month,2026-01-01,2026-03-31,,State,,,,,,,,,,,,,,,,migration,,,,,,,,,,,,,,,,,,,,,,,,,,,,,,,,,,,,,,,,,,,,,,,,,,,,,,,,,,,,,,,,,Connecticut,Idaho,,,,6.425531915,-58.78,2.0,71.79,4.425531915,-9.998524275,8.425531915,0.1,0.06,42.0,46.0
2026-06-15,Rolling 3-Month,2026-01-01,2026-03-31,,State,,,,,,,,,,,,,,,,migration,,,,,,,,,,,,,,,,,,,,,,,,,,,,,,,,,,,,,,,,,,,,,,,,,,,,,,,,,,,,,,,,,Connecticut,Illinois,,,,94.311313968,-7.81,85.548172714,-35.51,8.763141254,39.110282194,179.859486681,1.5,0.5,19.0,12.0
2026-06-15,Rolling 3-Month,2026-01-01,2026-03-31,,State,,,,,,,,,,,,,,,,migration,,,,,,,,,,,,,,,,,,,,,,,,,,,,,,,,,,,,,,,,,,,,,,,,,,,,,,,,,,,,,,,,,Connecticut,Kansas,,,,6.0,60.95,3.596259979,-10.09,2.403740021,2.675770673,9.596259979,0.1,0.25,43.0,43.0
2026-06-15,Rolling 3-Month,2026-01-01,2026-03-31,,State,,,,,,,,,,,,,,,,migration,,,,,,,,,,,,,,,,,,,,,,,,,,,,,,,,,,,,,,,,,,,,,,,,,,,,,,,,,,,,,,,,,Columbia,Oregon,,,,29.543836819,-40.18,21.25667122,-49.99,8.287165599,1.406510021,50.800508039,0.38,0.16,26.0,21.0
2026-06-15,Rolling 3-Month,2026-01-01,2026-03-31,,State,,,,,,,,,,,,,,,,migration,,,,,,,,,,,,,,,,,,,,,,,,,,,,,,,,,,,,,,,,,,,,,,,,,,,,,,,,,,,,,,,,,Connecticut,Kentucky,,,,21.389094082,63.27,15.064468588,117.13,6.324625494,0.1625303552,36.453562671,0.34,0.48,31.0,27.0
2026-06-15,Rolling 3-Month,2026-01-01,2026-03-31,,State,,,,,,,,,,,,,,,,migration,,,,,,,,,,,,,,,,,,,,,,,,,,,,,,,,,,,,,,,,,,,,,,,,,,,,,,,,,,,,,,,,,Connecticut,Louisiana,,,,25.951048951,36.83,11.446741664,63.52,14.504307287,2.538567147,37.397790615,0.41,0.44,28.0,30.0
2026-06-15,Rolling 3-Month,2026-01-01,2026-03-31,,State,,,,,,,,,,,,,,,,migration,,,,,,,,,,,,,,,,,,,,,,,,,,,,,,,,,,,,,,,,,,,,,,,,,,,,,,,,,,,,,,,,,Connecticut,Maine,,,,182.94657981,-35.31,30.018431752,-3.06,152.928148058,-98.890361823,212.965011561,2.91,3.28,9.0,22.0
2026-06-15,Rolling 3-Month,2026-01-01,2026-03-31,,State,,,,,,,,,,,,,,,,migration,,,,,,,,,,,,,,,,,,,,,,,,,,,,,,,,,,,,,,,,,,,,,,,,,,,,,,,,,,,,,,,,,Connecticut,Maryland,,,,132.513772455,28.12,70.654060498,-14.54,61.859711956,41.105071035,203.167832953,2.1,0.76,16.0,14.0
2026-06-15,Rolling 3-Month,2026-01-01,2026-03-31,,State,,,,,,,,,,,,,,,,migration,,,,,,,,,,,,,,,,,,,,,,,,,,,,,,,,,,,,,,,,,,,,,,,,,,,,,,,,,,,,,,,,,Connecticut,Massachusetts,,,,598.119143841,-22.82,636.06887183,-46.94,-37.949727989,385.918151445,1234.188015671,9.5,6.06,3.0,2.0
2026-06-15,Rolling 3-Month,2026-01-01,2026-03-31,,State,,,,,,,,,,,,,,,,migration,,,,,,,,,,,,,,,,,,,,,,,,,,,,,,,,,,,,,,,,,,,,,,,,,,,,,,,,,,,,,,,,,Connecticut,Michigan,,,,44.04285341,17.05,36.687971986,-2.26,7.354881424,7.262004756,80.730825396,0.7,0.47,23.0,19.0
2026-06-15,Rolling 3-Month,2026-01-01,2026-03-31,,State,,,,,,,,,,,,,,,,migration,,,,,,,,,,,,,,,,,,,,,,,,,,,,,,,,,,,,,,,,,,,,,,,,,,,,,,,,,,,,,,,,,Connecticut,Minnesota,,,,11.0,-32.2,12.826805528,7.29,-1.826805528,-6.094348138,23.826805528,0.17,0.23,38.0,28.0
2026-06-15,Rolling 3-Month,2026-01-01,2026-03-31,,State,,,,,,,,,,,,,,,,migration,,,,,,,,,,,,,,,,,,,,,,,,,,,,,,,,,,,,,,,,,,,,,,,,,,,,,,,,,,,,,,,,,Connecticut,Columbia,,,,29.877876841,-1.33,20.648164212,-62.41,9.229712629,33.875848683,50.526041052,0.47,0.56,26.0,26.0
2026-06-15,Rolling 3-Month,2026-01-01,2026-03-31,,State,,,,,,,,,,,,,,,,migration,,,,,,,,,,,,,,,,,,,,,,,,,,,,,,,,,,,,,,,,,,,,,,,,,,,,,,,,,,,,,,,,,Connecticut,Colorado,,,,73.884283148,78.63,69.63280836,-10.68,4.251474788,40.849596087,143.517091508,1.17,0.47,21.0,15.0
2026-06-15,Rolling 3-Month,2026-01-01,2026-03-31,,State,,,,,,,,,,,,,,,,migration,,,,,,,,,,,,,,,,,,,,,,,,,,,,,,,,,,,,,,,,,,,,,,,,,,,,,,,,,,,,,,,,,Connecticut,California,,,,331.645404526,21.42,382.487140242,-43.47,-50.841735716,352.58100472,714.132544769,5.27,0.64,5.0,4.0
2026-06-15,Rolling 3-Month,2026-01-01,2026-03-31,,State,,,,,,,,,,,,,,,,migration,,,,,,,,,,,,,,,,,,,,,,,,,,,,,,,,,,,,,,,,,,,,,,,,,,,,,,,,,,,,,,,,,Connecticut,Arkansas,,,,3.164776252,-66.03,3.884821177,288.48,-0.7200449255,-9.036355942,7.049597429,0.05,0.08,46.0,41.0
2026-06-15,Rolling 3-Month,2026-01-01,2026-03-31,,State,,,,,,,,,,,,,,,,migration,,,,,,,,,,,,,,,,,,,,,,,,,,,,,,,,,,,,,,,,,,,,,,,,,,,,,,,,,,,,,,,,,Columbia,Pennsylvania,,,,188.267499255,-16.12,115.691656966,-11.76,72.575842289,-20.763737775,303.959156221,2.4,1.14,5.0,8.0
2026-06-15,Rolling 3-Month,2026-01-01,2026-03-31,,State,,,,,,,,,,,,,,,,migration,,,,,,,,,,,,,,,,,,,,,,,,,,,,,,,,,,,,,,,,,,,,,,,,,,,,,,,,,,,,,,,,,Columbia,Rhode Island,,,,9.466270444,-49.71,6.9304249,-8.25,2.535845544,-8.734227045,16.396695343,0.12,0.42,34.0,35.0
2026-06-15,Rolling 3-Month,2026-01-01,2026-03-31,,State,,,,,,,,,,,,,,,,migration,,,,,,,,,,,,,,,,,,,,,,,,,,,,,,,,,,,,,,,,,,,,,,,,,,,,,,,,,,,,,,,,,Columbia,South Carolina,,,,69.004540357,-15.35,39.107463034,30.73,29.897077322,-21.710230425,108.112003391,0.88,0.37,14.0,16.0
2026-06-15,Rolling 3-Month,2026-01-01,2026-03-31,,State,,,,,,,,,,,,,,,,migration,,,,,,,,,,,,,,,,,,,,,,,,,,,,,,,,,,,,,,,,,,,,,,,,,,,,,,,,,,,,,,,,,Columbia,South Dakota,,,,1.0,,1.0,,0.0,,2.0,0.01,0.13,48.0,48.0
2026-06-15,Rolling 3-Month,2026-01-01,2026-03-31,,State,,,,,,,,,,,,,,,,migration,,,,,,,,,,,,,,,,,,,,,,,,,,,,,,,,,,,,,,,,,,,,,,,,,,,,,,,,,,,,,,,,,Columbia,Tennessee,,,,41.674903838,13.44,25.177692211,-43.15,16.497211628,24.048864196,66.852596049,0.53,0.21,19.0,20.0
2026-06-15,Rolling 3-Month,2026-01-01,2026-03-31,,State,,,,,,,,,,,,,,,,migration,,,,,,,,,,,,,,,,,,,,,,,,,,,,,,,,,,,,,,,,,,,,,,,,,,,,,,,,,,,,,,,,,Columbia,Texas,,,,176.195101325,-8.08,136.093756498,-13.96,40.101344828,6.596506522,312.288857823,2.25,0.41,6.0,6.0
2026-06-15,Rolling 3-Month,2026-01-01,2026-03-31,,State,,,,,,,,,,,,,,,,migration,,,,,,,,,,,,,,,,,,,,,,,,,,,,,,,,,,,,,,,,,,,,,,,,,,,,,,,,,,,,,,,,,Columbia,Utah,,,,6.561930364,-61.43,6.597270311,-51.01,-0.03533994699,-3.580045696,13.159200674,0.08,0.12,36.0,37.0
2026-06-15,Rolling 3-Month,2026-01-01,2026-03-31,,State,,,,,,,,,,,,,,,,migration,,,,,,,,,,,,,,,,,,,,,,,,,,,,,,,,,,,,,,,,,,,,,,,,,,,,,,,,,,,,,,,,,Columbia,Vermont,,,,11.647624795,-57.01,3.345132743,-14.67,8.302492052,-14.869299429,14.992757539,0.15,0.58,33.0,43.0
2026-06-15,Rolling 3-Month,2026-01-01,2026-03-31,,State,,,,,,,,,,,,,,,,migration,,,,,,,,,,,,,,,,,,,,,,,,,,,,,,,,,,,,,,,,,,,,,,,,,,,,,,,,,,,,,,,,,Columbia,Virginia,,,,1855.558516527,-19.75,1109.799474195,-32.87,745.759042332,86.941453319,2965.357990722,23.68,9.55,2.0,2.0
2026-06-15,Rolling 3-Month,2026-01-01,2026-03-31,,State,,,,,,,,,,,,,,,,migration,,,,,,,,,,,,,,,,,,,,,,,,,,,,,,,,,,,,,,,,,,,,,,,,,,,,,,,,,,,,,,,,,Columbia,Washington,,,,66.949187206,-27.12,64.750758994,-31.32,2.198428212,4.615104193,131.699946199,0.85,0.22,16.0,11.0
2026-06-15,Rolling 3-Month,2026-01-01,2026-03-31,,State,,,,,,,,,,,,,,,,migration,,,,,,,,,,,,,,,,,,,,,,,,,,,,,,,,,,,,,,,,,,,,,,,,,,,,,,,,,,,,,,,,,Columbia,West Virginia,,,,51.786126013,4.13,13.0,30.0,38.786126013,-0.9458358431,64.786126013,0.66,1.86,18.0,29.0
2026-06-15,Rolling 3-Month,2026-01-01,2026-03-31,,State,,,,,,,,,,,,,,,,migration,,,,,,,,,,,,,,,,,,,,,,,,,,,,,,,,,,,,,,,,,,,,,,,,,,,,,,,,,,,,,,,,,Columbia,Wisconsin,,,,12.879371088,-41.48,6.629032258,-12.8,6.25033883,-8.157370072,19.508403346,0.16,0.15,32.0,36.0
2026-06-15,Rolling 3-Month,2026-01-01,2026-03-31,,State,,,,,,,,,,,,,,,,migration,,,,,,,,,,,,,,,,,,,,,,,,,,,,,,,,,,,,,,,,,,,,,,,,,,,,,,,,,,,,,,,,,Connecticut,Alabama,,,,19.560127897,-23.92,7.361478711,32.17,12.198649186,-7.940116852,26.921606608,0.31,0.29,32.0,34.0
2026-06-15,Rolling 3-Month,2026-01-01,2026-03-31,,State,,,,,,,,,,,,,,,,migration,,,,,,,,,,,,,,,,,,,,,,,,,,,,,,,,,,,,,,,,,,,,,,,,,,,,,,,,,,,,,,,,,Connecticut,Alaska,,,,0.3720930233,-80.13,2.0,-50.36,-1.627906977,0.5282476651,2.372093023,0.01,0.04,48.0,44.0
2026-06-15,Rolling 3-Month,2026-01-01,2026-03-31,,State,,,,,,,,,,,,,,,,migration,,,,,,,,,,,,,,,,,,,,,,,,,,,,,,,,,,,,,,,,,,,,,,,,,,,,,,,,,,,,,,,,,Connecticut,Arizona,,,,106.82948119,17.18,43.086542827,-33.62,63.742938363,37.478316376,149.916024017,1.7,0.31,17.0,18.0
2026-06-15,Rolling 3-Month,2026-01-01,2026-03-31,,State,,,,,,,,,,,,,,,,migration,,,,,,,,,,,,,,,,,,,,,,,,,,,,,,,,,,,,,,,,,,,,,,,,,,,,,,,,,,,,,,,,,Florida,Georgia,,,,3650.307503573,-23.33,4025.307671772,-0.75,-375.000168199,-1080.499430036,7675.615175345,10.45,19.48,1.0,6.0
2026-06-15,Rolling 3-Month,2026-01-01,2026-03-31,,State,,,,,,,,,,,,,,,,migration,,,,,,,,,,,,,,,,,,,,,,,,,,,,,,,,,,,,,,,,,,,,,,,,,,,,,,,,,,,,,,,,,Florida,Hawaii,,,,261.842575821,-4.08,323.819849435,-3.03,-61.977273614,-1.017085128,585.662425255,0.75,2.47,32.0,34.0
2026-06-15,Rolling 3-Month,2026-01-01,2026-03-31,,State,,,,,,,,,,,,,,,,migration,,,,,,,,,,,,,,,,,,,,,,,,,,,,,,,,,,,,,,,,,,,,,,,,,,,,,,,,,,,,,,,,,Florida,Idaho,,,,74.965536376,-15.38,103.226862957,-6.06,-28.261326581,-6.969391222,178.192399333,0.21,0.7,44.0,45.0
2026-06-15,Rolling 3-Month,2026-01-01,2026-03-31,,State,,,,,,,,,,,,,,,,migration,,,,,,,,,,,,,,,,,,,,,,,,,,,,,,,,,,,,,,,,,,,,,,,,,,,,,,,,,,,,,,,,,Hawaii,Kentucky,,,,18.278664235,-37.3,11.223809524,125.48,7.054854711,-17.12121623,29.502473759,0.3,0.41,34.0,40.0
2026-06-15,Rolling 3-Month,2026-01-01,2026-03-31,,State,,,,,,,,,,,,,,,,migration,,,,,,,,,,,,,,,,,,,,,,,,,,,,,,,,,,,,,,,,,,,,,,,,,,,,,,,,,,,,,,,,,Hawaii,Georgia,,,,61.306630754,-27.58,84.699045951,-21.75,-23.392415196,0.1998465954,146.005676705,1.0,0.33,17.0,16.0
2026-06-15,Rolling 3-Month,2026-01-01,2026-03-31,,State,,,,,,,,,,,,,,,,migration,,,,,,,,,,,,,,,,,,,,,,,,,,,,,,,,,,,,,,,,,,,,,,,,,,,,,,,,,,,,,,,,,Hawaii,Hawaii,,,,20443.805782715,-13.74,20443.805782715,-13.74,0.0,0.0,40887.611565431,,,,
2026-06-15,Rolling 3-Month,2026-01-01,2026-03-31,,State,,,,,,,,,,,,,,,,migration,,,,,,,,,,,,,,,,,,,,,,,,,,,,,,,,,,,,,,,,,,,,,,,,,,,,,,,,,,,,,,,,,Hawaii,Idaho,,,,67.734069453,14.82,39.372377661,-16.5,28.361691792,16.519508063,107.106447114,1.1,0.64,16.0,25.0
2026-06-15,Rolling 3-Month,2026-01-01,2026-03-31,,State,,,,,,,,,,,,,,,,migration,,,,,,,,,,,,,,,,,,,,,,,,,,,,,,,,,,,,,,,,,,,,,,,,,,,,,,,,,,,,,,,,,Hawaii,Illinois,,,,58.707699204,-49.07,303.004319163,-36.06,-244.296619959,114.324939084,361.712018367,0.95,0.31,18.0,6.0
2026-06-15,Rolling 3-Month,2026-01-01,2026-03-31,,State,,,,,,,,,,,,,,,,migration,,,,,,,,,,,,,,,,,,,,,,,,,,,,,,,,,,,,,,,,,,,,,,,,,,,,,,,,,,,,,,,,,Hawaii,Indiana,,,,22.467808137,-49.85,42.433713717,23.73,-19.96590558,-30.46802152,64.901521853,0.37,0.25,31.0,24.0
2026-06-15,Rolling 3-Month,2026-01-01,2026-03-31,,State,,,,,,,,,,,,,,,,migration,,,,,,,,,,,,,,,,,,,,,,,,,,,,,,,,,,,,,,,,,,,,,,,,,,,,,,,,,,,,,,,,,Hawaii,Iowa,,,,12.30508269,89.25,24.587300655,32.08,-12.282217964,-0.168179808,36.892383345,0.2,0.6,37.0,31.0
2026-06-15,Rolling 3-Month,2026-01-01,2026-03-31,,State,,,,,,,,,,,,,,,,migration,,,,,,,,,,,,,,,,,,,,,,,,,,,,,,,,,,,,,,,,,,,,,,,,,,,,,,,,,,,,,,,,,Hawaii,Kansas,,,,12.986871412,-39.42,18.824932068,-10.12,-5.838060656,-6.330085345,31.81180348,0.21,0.55,36.0,34.0
2026-06-15,Rolling 3-Month,2026-01-01,2026-03-31,,State,,,,,,,,,,,,,,,,migration,,,,,,,,,,,,,,,,,,,,,,,,,,,,,,,,,,,,,,,,,,,,,,,,,,,,,,,,,,,,,,,,,Hawaii,Louisiana,,,,29.51657406,19.84,14.278681479,-23.86,15.237892581,9.361116429,43.795255539,0.48,0.5,25.0,38.0
2026-06-15,Rolling 3-Month,2026-01-01,2026-03-31,,State,,,,,,,,,,,,,,,,migration,,,,,,,,,,,,,,,,,,,,,,,,,,,,,,,,,,,,,,,,,,,,,,,,,,,,,,,,,,,,,,,,,Hawaii,Delaware,,,,7.343984004,-32.43,6.222222222,9.88,1.121761782,-4.084295066,13.566206226,0.12,0.17,46.0,45.0
2026-06-15,Rolling 3-Month,2026-01-01,2026-03-31,,State,,,,,,,,,,,,,,,,migration,,,,,,,,,,,,,,,,,,,,,,,,,,,,,,,,,,,,,,,,,,,,,,,,,,,,,,,,,,,,,,,,,Hawaii,Maine,,,,11.292739943,-40.48,14.2,338.96,-2.907260057,-18.645101867,25.492739943,0.18,0.2,39.0,39.0
2026-06-15,Rolling 3-Month,2026-01-01,2026-03-31,,State,,,,,,,,,,,,,,,,migration,,,,,,,,,,,,,,,,,,,,,,,,,,,,,,,,,,,,,,,,,,,,,,,,,,,,,,,,,,,,,,,,,Hawaii,Maryland,,,,98.339434265,-23.96,134.695860334,-35.16,-36.356426069,42.048438046,233.0352946,1.6,0.57,12.0,12.0
2026-06-15,Rolling 3-Month,2026-01-01,2026-03-31,,State,,,,,,,,,,,,,,,,migration,,,,,,,,,,,,,,,,,,,,,,,,,,,,,,,,,,,,,,,,,,,,,,,,,,,,,,,,,,,,,,,,,Hawaii,Massachusetts,,,,37.945509958,69.86,117.053430667,-16.65,-79.107920708,38.987688541,154.998940625,0.62,0.38,21.0,13.0
2026-06-15,Rolling 3-Month,2026-01-01,2026-03-31,,State,,,,,,,,,,,,,,,,migration,,,,,,,,,,,,,,,,,,,,,,,,,,,,,,,,,,,,,,,,,,,,,,,,,,,,,,,,,,,,,,,,,Hawaii,Michigan,,,,35.646167185,-34.02,64.657172252,1.77,-29.011005067,-19.501982224,100.303339437,0.58,0.38,23.0,22.0
2026-06-15,Rolling 3-Month,2026-01-01,2026-03-31,,State,,,,,,,,,,,,,,,,migration,,,,,,,,,,,,,,,,,,,,,,,,,,,,,,,,,,,,,,,,,,,,,,,,,,,,,,,,,,,,,,,,,Hawaii,Minnesota,,,,25.707107879,-52.51,72.904594623,5.08,-47.197486744,-31.949123801,98.611702501,0.42,0.54,30.0,19.0
2026-06-15,Rolling 3-Month,2026-01-01,2026-03-31,,State,,,,,,,,,,,,,,,,migration,,,,,,,,,,,,,,,,,,,,,,,,,,,,,,,,,,,,,,,,,,,,,,,,,,,,,,,,,,,,,,,,,Hawaii,Mississippi,,,,10.889567926,88.79,7.187799043,-1.77,3.701768883,5.251301512,18.077366969,0.18,0.36,40.0,43.0
2026-06-15,Rolling 3-Month,2026-01-01,2026-03-31,,State,,,,,,,,,,,,,,,,migration,,,,,,,,,,,,,,,,,,,,,,,,,,,,,,,,,,,,,,,,,,,,,,,,,,,,,,,,,,,,,,,,,Hawaii,Missouri,,,,58.699037038,-4.53,38.480448673,-28.2,20.218588365,12.322943971,97.179485711,0.95,0.85,19.0,26.0
2026-06-15,Rolling 3-Month,2026-01-01,2026-03-31,,State,,,,,,,,,,,,,,,,migration,,,,,,,,,,,,,,,,,,,,,,,,,,,,,,,,,,,,,,,,,,,,,,,,,,,,,,,,,,,,,,,,,Hawaii,Florida,,,,323.819849435,-3.03,261.842575821,-4.08,61.977273614,1.017085128,585.662425255,5.26,0.4,6.0,7.0
2026-06-15,Rolling 3-Month,2026-01-01,2026-03-31,,State,,,,,,,,,,,,,,,,migration,,,,,,,,,,,,,,,,,,,,,,,,,,,,,,,,,,,,,,,,,,,,,,,,,,,,,,,,,,,,,,,,,Hawaii,Connecticut,,,,10.26,-56.21,29.157969117,3.6,-18.897969117,-14.180987096,39.417969117,0.17,0.19,41.0,29.0
2026-06-15,Rolling 3-Month,2026-01-01,2026-03-31,,State,,,,,,,,,,,,,,,,migration,,,,,,,,,,,,,,,,,,,,,,,,,,,,,,,,,,,,,,,,,,,,,,,,,,,,,,,,,,,,,,,,,Florida,Illinois,,,,1746.159407959,-22.26,8188.886963057,3.07,-6442.727555097,-743.745355726,9935.046371016,5.0,9.25,7.0,2.0
2026-06-15,Rolling 3-Month,2026-01-01,2026-03-31,,State,,,,,,,,,,,,,,,,migration,,,,,,,,,,,,,,,,,,,,,,,,,,,,,,,,,,,,,,,,,,,,,,,,,,,,,,,,,,,,,,,,,Georgia,West Virginia,,,,23.559778683,42.72,35.319682244,7.56,-11.759903561,4.570318121,58.879460926,0.14,0.85,42.0,38.0
2026-06-15,Rolling 3-Month,2026-01-01,2026-03-31,,State,,,,,,,,,,,,,,,,migration,,,,,,,,,,,,,,,,,,,,,,,,,,,,,,,,,,,,,,,,,,,,,,,,,,,,,,,,,,,,,,,,,Georgia,South Dakota,,,,4.0,-31.78,5.247311828,74.91,-1.247311828,-4.110527139,9.247311828,0.02,0.51,48.0,49.0
2026-06-15,Rolling 3-Month,2026-01-01,2026-03-31,,State,,,,,,,,,,,,,,,,migration,,,,,,,,,,,,,,,,,,,,,,,,,,,,,,,,,,,,,,,,,,,,,,,,,,,,,,,,,,,,,,,,,Georgia,Tennessee,,,,1268.290892293,-25.74,598.859380206,-1.58,669.431512087,-430.001633245,1867.150272499,7.78,6.48,2.0,10.0
2026-06-15,Rolling 3-Month,2026-01-01,2026-03-31,,State,,,,,,,,,,,,,,,,migration,,,,,,,,,,,,,,,,,,,,,,,,,,,,,,,,,,,,,,,,,,,,,,,,,,,,,,,,,,,,,,,,,Georgia,Texas,,,,934.379495176,-12.01,776.442785615,-26.44,157.936709561,151.437186224,1710.822280791,5.73,2.15,6.0,7.0
2026-06-15,Rolling 3-Month,2026-01-01,2026-03-31,,State,,,,,,,,,,,,,,,,migration,,,,,,,,,,,,,,,,,,,,,,,,,,,,,,,,,,,,,,,,,,,,,,,,,,,,,,,,,,,,,,,,,Georgia,Utah,,,,49.56849762,-31.84,95.479421412,-14.24,-45.910923791,-7.295516727,145.047919032,0.3,0.92,35.0,28.0
2026-06-15,Rolling 3-Month,2026-01-01,2026-03-31,,State,,,,,,,,,,,,,,,,migration,,,,,,,,,,,,,,,,,,,,,,,,,,,,,,,,,,,,,,,,,,,,,,,,,,,,,,,,,,,,,,,,,Georgia,Vermont,,,,13.338480326,-57.34,16.527369575,33.48,-3.188889249,-22.072604999,29.865849901,0.08,0.66,46.0,46.0
2026-06-15,Rolling 3-Month,2026-01-01,2026-03-31,,State,,,,,,,,,,,,,,,,migration,,,,,,,,,,,,,,,,,,,,,,,,,,,,,,,,,,,,,,,,,,,,,,,,,,,,,,,,,,,,,,,,,Georgia,Virginia,,,,484.283430957,-14.54,849.920560167,-18.73,-365.63712921,113.521235977,1334.203991124,2.97,2.49,9.0,5.0
2026-06-15,Rolling 3-Month,2026-01-01,2026-03-31,,State,,,,,,,,,,,,,,,,migration,,,,,,,,,,,,,,,,,,,,,,,,,,,,,,,,,,,,,,,,,,,,,,,,,,,,,,,,,,,,,,,,,Georgia,Washington,,,,314.909590599,-29.03,760.529880877,-15.4,-445.620290278,9.706641049,1075.439471476,1.93,1.02,12.0,8.0
2026-06-15,Rolling 3-Month,2026-01-01,2026-03-31,,State,,,,,,,,,,,,,,,,migration,,,,,,,,,,,,,,,,,,,,,,,,,,,,,,,,,,,,,,,,,,,,,,,,,,,,,,,,,,,,,,,,,Georgia,Wisconsin,,,,61.411686496,-33.67,91.175270711,-17.81,-29.763584215,-11.413308278,152.586957207,0.38,0.71,32.0,30.0
2026-06-15,Rolling 3-Month,2026-01-01,2026-03-31,,State,,,,,,,,,,,,,,,,migration,,,,,,,,,,,,,,,,,,,,,,,,,,,,,,,,,,,,,,,,,,,,,,,,,,,,,,,,,,,,,,,,,Hawaii,Columbia,,,,8.685942589,-63.56,29.327112884,-5.79,-20.641170295,-13.349739419,38.013055473,0.14,0.16,43.0,28.0
2026-06-15,Rolling 3-Month,2026-01-01,2026-03-31,,State,,,,,,,,,,,,,,,,migration,,,,,,,,,,,,,,,,,,,,,,,,,,,,,,,,,,,,,,,,,,,,,,,,,,,,,,,,,,,,,,,,,Georgia,Wyoming,,,,3.91858806,-23.25,0.2064516129,-93.38,3.712136447,1.72610351,4.125039673,0.02,0.42,49.0,50.0
2026-06-15,Rolling 3-Month,2026-01-01,2026-03-31,,State,,,,,,,,,,,,,,,,migration,,,,,,,,,,,,,,,,,,,,,,,,,,,,,,,,,,,,,,,,,,,,,,,,,,,,,,,,,,,,,,,,,Hawaii,Alabama,,,,26.260378769,-22.19,16.296964446,-42.14,9.963414323,4.379246054,42.557343214,0.43,0.39,27.0,35.0
2026-06-15,Rolling 3-Month,2026-01-01,2026-03-31,,State,,,,,,,,,,,,,,,,migration,,,,,,,,,,,,,,,,,,,,,,,,,,,,,,,,,,,,,,,,,,,,,,,,,,,,,,,,,,,,,,,,,Hawaii,Alaska,,,,22.211402517,-32.01,87.361920706,-3.94,-65.150518188,-6.880549039,109.573323223,0.36,2.5,32.0,15.0
2026-06-15,Rolling 3-Month,2026-01-01,2026-03-31,,State,,,,,,,,,,,,,,,,migration,,,,,,,,,,,,,,,,,,,,,,,,,,,,,,,,,,,,,,,,,,,,,,,,,,,,,,,,,,,,,,,,,Hawaii,Arizona,,,,311.084222312,-6.2,260.549905001,-29.53,50.534317311,88.623724779,571.634127312,5.05,0.91,7.0,8.0
2026-06-15,Rolling 3-Month,2026-01-01,2026-03-31,,State,,,,,,,,,,,,,,,,migration,,,,,,,,,,,,,,,,,,,,,,,,,,,,,,,,,,,,,,,,,,,,,,,,,,,,,,,,,,,,,,,,,Hawaii,Arkansas,,,,15.473167769,4.31,16.118395574,67.83,-0.645227805,-5.874706258,31.591563343,0.25,0.37,35.0,36.0
2026-06-15,Rolling 3-Month,2026-01-01,2026-03-31,,State,,,,,,,,,,,,,,,,migration,,,,,,,,,,,,,,,,,,,,,,,,,,,,,,,,,,,,,,,,,,,,,,,,,,,,,,,,,,,,,,,,,Hawaii,California,,,,1344.24800829,1.77,4699.328699428,-27.12,-3355.080691137,1772.44292194,6043.576707718,21.84,2.57,1.0,1.0
2026-06-15,Rolling 3-Month,2026-01-01,2026-03-31,,State,,,,,,,,,,,,,,,,migration,,,,,,,,,,,,,,,,,,,,,,,,,,,,,,,,,,,,,,,,,,,,,,,,,,,,,,,,,,,,,,,,,Hawaii,Colorado,,,,213.227870475,-5.08,305.93999166,-19.4,-92.712121185,62.23484644,519.167862135,3.46,1.35,8.0,5.0
2026-06-15,Rolling 3-Month,2026-01-01,2026-03-31,,State,,,,,,,,,,,,,,,,migration,,,,,,,,,,,,,,,,,,,,,,,,,,,,,,,,,,,,,,,,,,,,,,,,,,,,,,,,,,,,,,,,,Hawaii,Montana,,,,25.812742213,6.56,22.633333333,7.3,3.179408879,0.04828986101,48.446075546,0.42,0.8,29.0,32.0
2026-06-15,Rolling 3-Month,2026-01-01,2026-03-31,,State,,,,,,,,,,,,,,,,migration,,,,,,,,,,,,,,,,,,,,,,,,,,,,,,,,,,,,,,,,,,,,,,,,,,,,,,,,,,,,,,,,,Hawaii,Nebraska,,,,6.85098765,-73.15,9.554923609,-45.77,-2.703935959,-10.600645237,16.405911259,0.11,0.54,47.0,41.0
2026-06-15,Rolling 3-Month,2026-01-01,2026-03-31,,State,,,,,,,,,,,,,,,,migration,,,,,,,,,,,,,,,,,,,,,,,,,,,,,,,,,,,,,,,,,,,,,,,,,,,,,,,,,,,,,,,,,Hawaii,Nevada,,,,637.711477369,-13.61,235.973078934,-28.49,401.738398435,-6.469934062,873.684556303,10.36,3.25,3.0,9.0
2026-06-15,Rolling 3-Month,2026-01-01,2026-03-31,,State,,,,,,,,,,,,,,,,migration,,,,,,,,,,,,,,,,,,,,,,,,,,,,,,,,,,,,,,,,,,,,,,,,,,,,,,,,,,,,,,,,,Idaho,Columbia,,,,4.706806283,841.36,4.611111111,53.7,0.09569517161,2.595695172,9.317917394,0.2,0.09,39.0,42.0
2026-06-15,Rolling 3-Month,2026-01-01,2026-03-31,,State,,,,,,,,,,,,,,,,migration,,,,,,,,,,,,,,,,,,,,,,,,,,,,,,,,,,,,,,,,,,,,,,,,,,,,,,,,,,,,,,,,,Hawaii,Wyoming,,,,12.153474545,394.82,8.0,100.0,4.153474545,5.697334194,20.153474545,0.2,1.29,38.0,42.0
2026-06-15,Rolling 3-Month,2026-01-01,2026-03-31,,State,,,,,,,,,,,,,,,,migration,,,,,,,,,,,,,,,,,,,,,,,,,,,,,,,,,,,,,,,,,,,,,,,,,,,,,,,,,,,,,,,,,Idaho,Alabama,,,,15.895856663,127.05,5.313432836,-17.32,10.582423827,10.008230208,21.209289499,0.68,0.24,22.0,39.0
2026-06-15,Rolling 3-Month,2026-01-01,2026-03-31,,State,,,,,,,,,,,,,,,,migration,,,,,,,,,,,,,,,,,,,,,,,,,,,,,,,,,,,,,,,,,,,,,,,,,,,,,,,,,,,,,,,,,Idaho,Alaska,,,,8.476190476,152.48,33.533626965,70.87,-25.057436488,-8.789548238,42.009817441,0.36,0.95,30.0,17.0
2026-06-15,Rolling 3-Month,2026-01-01,2026-03-31,,State,,,,,,,,,,,,,,,,migration,,,,,,,,,,,,,,,,,,,,,,,,,,,,,,,,,,,,,,,,,,,,,,,,,,,,,,,,,,,,,,,,,Idaho,Arizona,,,,221.478104665,-5.16,398.388895497,1.8,-176.910790832,-19.094088821,619.867000162,9.43,0.65,4.0,5.0
2026-06-15,Rolling 3-Month,2026-01-01,2026-03-31,,State,,,,,,,,,,,,,,,,migration,,,,,,,,,,,,,,,,,,,,,,,,,,,,,,,,,,,,,,,,,,,,,,,,,,,,,,,,,,,,,,,,,Mississippi,Virginia,,,,20.746131528,1.95,97.505026197,27.73,-76.758894669,-20.769426114,118.251157725,1.58,0.11,15.0,10.0
2026-06-15,Rolling 3-Month,2026-01-01,2026-03-31,,State,,,,,,,,,,,,,,,,migration,,,,,,,,,,,,,,,,,,,,,,,,,,,,,,,,,,,,,,,,,,,,,,,,,,,,,,,,,,,,,,,,,Idaho,California,,,,365.069144232,-14.94,3076.691716616,-5.64,-2711.622572384,119.728275285,3441.760860849,15.54,0.7,2.0,2.0
2026-06-15,Rolling 3-Month,2026-01-01,2026-03-31,,State,,,,,,,,,,,,,,,,migration,,,,,,,,,,,,,,,,,,,,,,,,,,,,,,,,,,,,,,,,,,,,,,,,,,,,,,,,,,,,,,,,,Idaho,Colorado,,,,86.279533118,9.55,217.613063335,-12.67,-131.333530218,39.101309733,303.892596453,3.67,0.54,8.0,6.0
2026-06-15,Rolling 3-Month,2026-01-01,2026-03-31,,State,,,,,,,,,,,,,,,,migration,,,,,,,,,,,,,,,,,,,,,,,,,,,,,,,,,,,,,,,,,,,,,,,,,,,,,,,,,,,,,,,,,Idaho,Connecticut,,,,2.0,71.79,6.425531915,-58.78,-4.425531915,9.998524275,8.425531915,0.09,0.04,45.0,36.0
2026-06-15,Rolling 3-Month,2026-01-01,2026-03-31,,State,,,,,,,,,,,,,,,,migration,,,,,,,,,,,,,,,,,,,,,,,,,,,,,,,,,,,,,,,,,,,,,,,,,,,,,,,,,,,,,,,,,Hawaii,New Hampshire,,,,8.396918805,-21.9,6.117097701,-9.01,2.279821103,-1.748398388,14.514016506,0.14,0.15,44.0,46.0
2026-06-15,Rolling 3-Month,2026-01-01,2026-03-31,,State,,,,,,,,,,,,,,,,migration,,,,,,,,,,,,,,,,,,,,,,,,,,,,,,,,,,,,,,,,,,,,,,,,,,,,,,,,,,,,,,,,,Idaho,Delaware,,,,1.431372549,4.54,3.0,50.0,-1.568627451,-0.9378582202,4.431372549,0.06,0.03,47.0,46.0
2026-06-15,Rolling 3-Month,2026-01-01,2026-03-31,,State,,,,,,,,,,,,,,,,migration,,,,,,,,,,,,,,,,,,,,,,,,,,,,,,,,,,,,,,,,,,,,,,,,,,,,,,,,,,,,,,,,,Idaho,Florida,,,,103.226862957,-6.06,74.965536376,-15.38,28.261326581,6.969391222,178.192399333,4.39,0.13,7.0,10.0
2026-06-15,Rolling 3-Month,2026-01-01,2026-03-31,,State,,,,,,,,,,,,,,,,migration,,,,,,,,,,,,,,,,,,,,,,,,,,,,,,,,,,,,,,,,,,,,,,,,,,,,,,,,,,,,,,,,,Idaho,Georgia,,,,34.969611653,44.36,38.142783988,34.67,-3.173172336,0.9259772065,73.112395641,1.49,0.19,11.0,14.0
2026-06-15,Rolling 3-Month,2026-01-01,2026-03-31,,State,,,,,,,,,,,,,,,,migration,,,,,,,,,,,,,,,,,,,,,,,,,,,,,,,,,,,,,,,,,,,,,,,,,,,,,,,,,,,,,,,,,Idaho,Hawaii,,,,39.372377661,-16.5,67.734069453,14.82,-28.361691792,-16.519508063,107.106447114,1.68,0.37,10.0,11.0
2026-06-15,Rolling 3-Month,2026-01-01,2026-03-31,,State,,,,,,,,,,,,,,,,migration,,,,,,,,,,,,,,,,,,,,,,,,,,,,,,,,,,,,,,,,,,,,,,,,,,,,,,,,,,,,,,,,,Idaho,Idaho,,,,3945.136052001,13.9,3945.136052001,13.9,0.0,0.0,7890.272104002,,,,
2026-06-15,Rolling 3-Month,2026-01-01,2026-03-31,,State,,,,,,,,,,,,,,,,migration,,,,,,,,,,,,,,,,,,,,,,,,,,,,,,,,,,,,,,,,,,,,,,,,,,,,,,,,,,,,,,,,,Idaho,Illinois,,,,31.834581701,37.69,67.652324018,-23.77,-35.817742317,29.807399432,99.486905719,1.36,0.17,12.0,12.0
2026-06-15,Rolling 3-Month,2026-01-01,2026-03-31,,State,,,,,,,,,,,,,,,,migration,,,,,,,,,,,,,,,,,,,,,,,,,,,,,,,,,,,,,,,,,,,,,,,,,,,,,,,,,,,,,,,,,Idaho,Indiana,,,,13.333135747,14.33,7.5,-20.74,5.833135747,3.633477426,20.833135747,0.57,0.15,24.0,32.0
2026-06-15,Rolling 3-Month,2026-01-01,2026-03-31,,State,,,,,,,,,,,,,,,,migration,,,,,,,,,,,,,,,,,,,,,,,,,,,,,,,,,,,,,,,,,,,,,,,,,,,,,,,,,,,,,,,,,Hawaii,Wisconsin,,,,26.130501037,-18.38,34.903834491,-16.35,-8.773333455,0.9412600343,61.034335528,0.42,0.3,28.0,27.0
2026-06-15,Rolling 3-Month,2026-01-01,2026-03-31,,State,,,,,,,,,,,,,,,,migration,,,,,,,,,,,,,,,,,,,,,,,,,,,,,,,,,,,,,,,,,,,,,,,,,,,,,,,,,,,,,,,,,Hawaii,West Virginia,,,,4.991543642,339.89,2.0,-33.33,2.991543642,4.856828616,6.991543642,0.08,0.18,48.0,49.0
2026-06-15,Rolling 3-Month,2026-01-01,2026-03-31,,State,,,,,,,,,,,,,,,,migration,,,,,,,,,,,,,,,,,,,,,,,,,,,,,,,,,,,,,,,,,,,,,,,,,,,,,,,,,,,,,,,,,Hawaii,Washington,,,,951.849345826,-6.08,1801.936164882,-30.27,-850.086819057,720.521186986,2753.785510708,15.47,3.1,2.0,2.0
2026-06-15,Rolling 3-Month,2026-01-01,2026-03-31,,State,,,,,,,,,,,,,,,,migration,,,,,,,,,,,,,,,,,,,,,,,,,,,,,,,,,,,,,,,,,,,,,,,,,,,,,,,,,,,,,,,,,Hawaii,Virginia,,,,197.142463803,-25.43,218.645077272,-20.94,-21.502613469,-9.316972649,415.787541075,3.2,1.01,9.0,10.0
2026-06-15,Rolling 3-Month,2026-01-01,2026-03-31,,State,,,,,,,,,,,,,,,,migration,,,,,,,,,,,,,,,,,,,,,,,,,,,,,,,,,,,,,,,,,,,,,,,,,,,,,,,,,,,,,,,,,Hawaii,New Jersey,,,,27.723789476,29.46,45.68341697,-20.6,-17.959627494,18.161907918,73.407206446,0.45,0.18,26.0,23.0
2026-06-15,Rolling 3-Month,2026-01-01,2026-03-31,,State,,,,,,,,,,,,,,,,migration,,,,,,,,,,,,,,,,,,,,,,,,,,,,,,,,,,,,,,,,,,,,,,,,,,,,,,,,,,,,,,,,,Hawaii,New Mexico,,,,20.982600199,-22.4,21.409921177,-53.98,-0.4273209781,19.052008397,42.392521375,0.34,0.61,33.0,33.0
2026-06-15,Rolling 3-Month,2026-01-01,2026-03-31,,State,,,,,,,,,,,,,,,,migration,,,,,,,,,,,,,,,,,,,,,,,,,,,,,,,,,,,,,,,,,,,,,,,,,,,,,,,,,,,,,,,,,Hawaii,New York,,,,71.388745048,7.26,194.42115545,-26.04,-123.032410402,73.293536177,265.809900498,1.16,0.49,14.0,11.0
2026-06-15,Rolling 3-Month,2026-01-01,2026-03-31,,State,,,,,,,,,,,,,,,,migration,,,,,,,,,,,,,,,,,,,,,,,,,,,,,,,,,,,,,,,,,,,,,,,,,,,,,,,,,,,,,,,,,Hawaii,North Carolina,,,,133.773106786,59.81,76.692878986,-7.08,57.0802278,55.906084727,210.465985772,2.17,0.58,10.0,18.0
2026-06-15,Rolling 3-Month,2026-01-01,2026-03-31,,State,,,,,,,,,,,,,,,,migration,,,,,,,,,,,,,,,,,,,,,,,,,,,,,,,,,,,,,,,,,,,,,,,,,,,,,,,,,,,,,,,,,Hawaii,Ohio,,,,36.952327357,-21.8,76.717314542,24.91,-39.764987185,-25.601820007,113.669641899,0.6,0.42,22.0,17.0
2026-06-15,Rolling 3-Month,2026-01-01,2026-03-31,,State,,,,,,,,,,,,,,,,migration,,,,,,,,,,,,,,,,,,,,,,,,,,,,,,,,,,,,,,,,,,,,,,,,,,,,,,,,,,,,,,,,,Hawaii,Oklahoma,,,,34.598916278,28.34,27.343818707,-23.95,7.255097571,16.251416265,61.942734986,0.56,0.77,24.0,30.0
2026-06-15,Rolling 3-Month,2026-01-01,2026-03-31,,State,,,,,,,,,,,,,,,,migration,,,,,,,,,,,,,,,,,,,,,,,,,,,,,,,,,,,,,,,,,,,,,,,,,,,,,,,,,,,,,,,,,Hawaii,Oregon,,,,348.366957694,-0.72,358.138366234,-39.18,-9.77140854,228.167984678,706.505323928,5.66,1.84,5.0,4.0
2026-06-15,Rolling 3-Month,2026-01-01,2026-03-31,,State,,,,,,,,,,,,,,,,migration,,,,,,,,,,,,,,,,,,,,,,,,,,,,,,,,,,,,,,,,,,,,,,,,,,,,,,,,,,,,,,,,,Hawaii,Pennsylvania,,,,68.204799821,-0.85,68.356337081,-18.43,-0.1515372592,14.860713376,136.561136902,1.11,0.41,15.0,21.0
2026-06-15,Rolling 3-Month,2026-01-01,2026-03-31,,State,,,,,,,,,,,,,,,,migration,,,,,,,,,,,,,,,,,,,,,,,,,,,,,,,,,,,,,,,,,,,,,,,,,,,,,,,,,,,,,,,,,Hawaii,Rhode Island,,,,7.409343434,120.46,5.681818182,-48.13,1.727525253,9.320473098,13.091161616,0.12,0.33,45.0,47.0
2026-06-15,Rolling 3-Month,2026-01-01,2026-03-31,,State,,,,,,,,,,,,,,,,migration,,,,,,,,,,,,,,,,,,,,,,,,,,,,,,,,,,,,,,,,,,,,,,,,,,,,,,,,,,,,,,,,,Hawaii,South Carolina,,,,48.644919067,-45.85,15.829660915,-53.54,32.815258152,-22.954591813,64.474579981,0.79,0.26,20.0,37.0
2026-06-15,Rolling 3-Month,2026-01-01,2026-03-31,,State,,,,,,,,,,,,,,,,migration,,,,,,,,,,,,,,,,,,,,,,,,,,,,,,,,,,,,,,,,,,,,,,,,,,,,,,,,,,,,,,,,,Hawaii,South Dakota,,,,2.456790123,-31.35,7.0,-17.57,-4.543209877,0.3696460337,9.456790123,0.04,0.31,49.0,44.0
2026-06-15,Rolling 3-Month,2026-01-01,2026-03-31,,State,,,,,,,,,,,,,,,,migration,,,,,,,,,,,,,,,,,,,,,,,,,,,,,,,,,,,,,,,,,,,,,,,,,,,,,,,,,,,,,,,,,Hawaii,Tennessee,,,,104.43848219,-1.1,71.590974768,-17.12,32.847507422,13.619577059,176.029456958,1.7,0.53,11.0,20.0
2026-06-15,Rolling 3-Month,2026-01-01,2026-03-31,,State,,,,,,,,,,,,,,,,migration,,,,,,,,,,,,,,,,,,,,,,,,,,,,,,,,,,,,,,,,,,,,,,,,,,,,,,,,,,,,,,,,,Hawaii,Texas,,,,452.221072964,-14.65,482.712443882,-6.83,-30.491370917,-42.252568357,934.933516846,7.35,1.04,4.0,3.0
2026-06-15,Rolling 3-Month,2026-01-01,2026-03-31,,State,,,,,,,,,,,,,,,,migration,,,,,,,,,,,,,,,,,,,,,,,,,,,,,,,,,,,,,,,,,,,,,,,,,,,,,,,,,,,,,,,,,Hawaii,Utah,,,,71.669859063,-32.91,115.33123375,-29.77,-43.661374687,13.72281501,187.001092813,1.16,1.32,13.0,14.0
2026-06-15,Rolling 3-Month,2026-01-01,2026-03-31,,State,,,,,,,,,,,,,,,,migration,,,,,,,,,,,,,,,,,,,,,,,,,,,,,,,,,,,,,,,,,,,,,,,,,,,,,,,,,,,,,,,,,Hawaii,Vermont,,,,9.885262596,-17.04,4.0,,5.885262596,-6.030837515,13.885262596,0.16,0.49,42.0,48.0
2026-06-15,Rolling 3-Month,2026-01-01,2026-03-31,,State,,,,,,,,,,,,,,,,migration,,,,,,,,,,,,,,,,,,,,,,,,,,,,,,,,,,,,,,,,,,,,,,,,,,,,,,,,,,,,,,,,,Georgia,South Carolina,,,,1075.910266537,-30.89,382.891994185,-1.92,693.018272352,-473.523969589,1458.802260722,6.6,5.75,4.0,17.0
2026-06-15,Rolling 3-Month,2026-01-01,2026-03-31,,State,,,,,,,,,,,,,,,,migration,,,,,,,,,,,,,,,,,,,,,,,,,,,,,,,,,,,,,,,,,,,,,,,,,,,,,,,,,,,,,,,,,Georgia,Rhode Island,,,,22.69536079,-10.85,27.705882353,-17.4,-5.010521562,3.075796674,50.401243143,0.14,1.02,43.0,42.0
2026-06-15,Rolling 3-Month,2026-01-01,2026-03-31,,State,,,,,,,,,,,,,,,,migration,,,,,,,,,,,,,,,,,,,,,,,,,,,,,,,,,,,,,,,,,,,,,,,,,,,,,,,,,,,,,,,,,Georgia,Pennsylvania,,,,296.662520317,-20.66,494.608014007,-14.03,-197.94549369,3.478520904,791.270534325,1.82,1.8,13.0,13.0
2026-06-15,Rolling 3-Month,2026-01-01,2026-03-31,,State,,,,,,,,,,,,,,,,migration,,,,,,,,,,,,,,,,,,,,,,,,,,,,,,,,,,,,,,,,,,,,,,,,,,,,,,,,,,,,,,,,,Florida,South Carolina,,,,1268.741450909,-22.27,881.344843658,28.88,387.396607251,-560.975136474,2150.086294567,3.63,6.78,10.0,22.0
2026-06-15,Rolling 3-Month,2026-01-01,2026-03-31,,State,,,,,,,,,,,,,,,,migration,,,,,,,,,,,,,,,,,,,,,,,,,,,,,,,,,,,,,,,,,,,,,,,,,,,,,,,,,,,,,,,,,Florida,North Carolina,,,,2806.33892387,-15.74,2228.060878381,16.24,578.278045488,-835.600525055,5034.399802251,8.04,12.27,2.0,13.0
2026-06-15,Rolling 3-Month,2026-01-01,2026-03-31,,State,,,,,,,,,,,,,,,,migration,,,,,,,,,,,,,,,,,,,,,,,,,,,,,,,,,,,,,,,,,,,,,,,,,,,,,,,,,,,,,,,,,Florida,North Dakota,,,,6.359491887,-36.1,46.440562613,8.08,-40.081070726,-7.064778321,52.800054501,0.02,1.95,50.0,49.0
2026-06-15,Rolling 3-Month,2026-01-01,2026-03-31,,State,,,,,,,,,,,,,,,,migration,,,,,,,,,,,,,,,,,,,,,,,,,,,,,,,,,,,,,,,,,,,,,,,,,,,,,,,,,,,,,,,,,Florida,Ohio,,,,896.44820941,-21.61,2696.917704984,8.61,-1800.469495574,-460.884025349,3593.365914394,2.57,10.09,15.0,12.0
2026-06-15,Rolling 3-Month,2026-01-01,2026-03-31,,State,,,,,,,,,,,,,,,,migration,,,,,,,,,,,,,,,,,,,,,,,,,,,,,,,,,,,,,,,,,,,,,,,,,,,,,,,,,,,,,,,,,Florida,Oklahoma,,,,177.410665569,-19.64,223.37369072,-0.93,-45.963025151,-41.253099697,400.784356289,0.51,3.97,34.0,38.0
2026-06-15,Rolling 3-Month,2026-01-01,2026-03-31,,State,,,,,,,,,,,,,,,,migration,,,,,,,,,,,,,,,,,,,,,,,,,,,,,,,,,,,,,,,,,,,,,,,,,,,,,,,,,,,,,,,,,Florida,Oregon,,,,288.046460179,-21.95,605.038207742,-1.22,-316.991747563,-73.556663514,893.08466792,0.82,1.52,30.0,27.0
2026-06-15,Rolling 3-Month,2026-01-01,2026-03-31,,State,,,,,,,,,,,,,,,,migration,,,,,,,,,,,,,,,,,,,,,,,,,,,,,,,,,,,,,,,,,,,,,,,,,,,,,,,,,,,,,,,,,Florida,Pennsylvania,,,,1333.264694059,-16.72,3412.181245017,12.84,-2078.916550958,-656.026323314,4745.445939077,3.82,8.08,8.0,9.0
2026-06-15,Rolling 3-Month,2026-01-01,2026-03-31,,State,,,,,,,,,,,,,,,,migration,,,,,,,,,,,,,,,,,,,,,,,,,,,,,,,,,,,,,,,,,,,,,,,,,,,,,,,,,,,,,,,,,Florida,Rhode Island,,,,156.474439354,-13.4,426.576004683,67.49,-270.101565329,-196.11214686,583.050444037,0.45,7.01,37.0,29.0
2026-06-15,Rolling 3-Month,2026-01-01,2026-03-31,,State,,,,,,,,,,,,,,,,migration,,,,,,,,,,,,,,,,,,,,,,,,,,,,,,,,,,,,,,,,,,,,,,,,,,,,,,,,,,,,,,,,,Florida,South Dakota,,,,18.727448951,6.79,48.236367127,65.96,-29.508918177,-17.9797353,66.963816078,0.05,2.4,49.0,48.0
2026-06-15,Rolling 3-Month,2026-01-01,2026-03-31,,State,,,,,,,,,,,,,,,,migration,,,,,,,,,,,,,,,,,,,,,,,,,,,,,,,,,,,,,,,,,,,,,,,,,,,,,,,,,,,,,,,,,Florida,Wyoming,,,,20.871885786,23.09,24.173913043,47.25,-3.302027257,-3.841526571,45.04579883,0.06,2.21,48.0,50.0
2026-06-15,Rolling 3-Month,2026-01-01,2026-03-31,,State,,,,,,,,,,,,,,,,migration,,,,,,,,,,,,,,,,,,,,,,,,,,,,,,,,,,,,,,,,,,,,,,,,,,,,,,,,,,,,,,,,,Florida,Tennessee,,,,1983.940491783,-25.39,1667.005217372,-4.14,316.93527441,-603.320856659,3650.945709155,5.68,10.13,5.0,16.0
2026-06-15,Rolling 3-Month,2026-01-01,2026-03-31,,State,,,,,,,,,,,,,,,,migration,,,,,,,,,,,,,,,,,,,,,,,,,,,,,,,,,,,,,,,,,,,,,,,,,,,,,,,,,,,,,,,,,Florida,Texas,,,,2039.361561607,-18.89,3072.20530279,-0.07,-1032.843741183,-472.902859517,5111.566864397,5.84,4.7,4.0,11.0
2026-06-15,Rolling 3-Month,2026-01-01,2026-03-31,,State,,,,,,,,,,,,,,,,migration,,,,,,,,,,,,,,,,,,,,,,,,,,,,,,,,,,,,,,,,,,,,,,,,,,,,,,,,,,,,,,,,,Florida,Utah,,,,188.904272233,16.21,347.375143731,-19.35,-158.470871498,109.664561401,536.279415964,0.54,3.49,33.0,32.0
2026-06-15,Rolling 3-Month,2026-01-01,2026-03-31,,State,,,,,,,,,,,,,,,,migration,,,,,,,,,,,,,,,,,,,,,,,,,,,,,,,,,,,,,,,,,,,,,,,,,,,,,,,,,,,,,,,,,Florida,Vermont,,,,118.961984441,-23.78,136.650522526,82.58,-17.688538084,-98.929055177,255.612506967,0.34,5.92,40.0,41.0
2026-06-15,Rolling 3-Month,2026-01-01,2026-03-31,,State,,,,,,,,,,,,,,,,migration,,,,,,,,,,,,,,,,,,,,,,,,,,,,,,,,,,,,,,,,,,,,,,,,,,,,,,,,,,,,,,,,,Florida,Virginia,,,,1322.952561863,-22.81,4388.71603796,13.98,-3065.763476097,-929.219637739,5711.668599823,3.79,6.81,9.0,5.0
2026-06-15,Rolling 3-Month,2026-01-01,2026-03-31,,State,,,,,,,,,,,,,,,,migration,,,,,,,,,,,,,,,,,,,,,,,,,,,,,,,,,,,,,,,,,,,,,,,,,,,,,,,,,,,,,,,,,Florida,Washington,,,,793.671813318,-25.88,3495.135725195,4.96,-2701.463911877,-442.334109648,4288.807538513,2.27,2.58,17.0,8.0
2026-06-15,Rolling 3-Month,2026-01-01,2026-03-31,,State,,,,,,,,,,,,,,,,migration,,,,,,,,,,,,,,,,,,,,,,,,,,,,,,,,,,,,,,,,,,,,,,,,,,,,,,,,,,,,,,,,,Florida,West Virginia,,,,134.629220971,48.0,224.991939832,68.32,-90.362718861,-47.65655175,359.621160802,0.39,4.85,39.0,37.0
2026-06-15,Rolling 3-Month,2026-01-01,2026-03-31,,State,,,,,,,,,,,,,,,,migration,,,,,,,,,,,,,,,,,,,,,,,,,,,,,,,,,,,,,,,,,,,,,,,,,,,,,,,,,,,,,,,,,Florida,New York,,,,1883.401624384,-12.89,10383.026161016,6.87,-8499.624536632,-946.035827345,12266.427785401,5.39,12.96,6.0,1.0
2026-06-15,Rolling 3-Month,2026-01-01,2026-03-31,,State,,,,,,,,,,,,,,,,migration,,,,,,,,,,,,,,,,,,,,,,,,,,,,,,,,,,,,,,,,,,,,,,,,,,,,,,,,,,,,,,,,,Florida,New Mexico,,,,84.448470968,-33.86,120.965730672,32.35,-36.517259704,-72.812660533,205.41420164,0.24,2.47,41.0,42.0
2026-06-15,Rolling 3-Month,2026-01-01,2026-03-31,,State,,,,,,,,,,,,,,,,migration,,,,,,,,,,,,,,,,,,,,,,,,,,,,,,,,,,,,,,,,,,,,,,,,,,,,,,,,,,,,,,,,,Florida,New Jersey,,,,828.121482611,-11.69,3333.385609925,20.63,-2505.264127315,-679.778186119,4161.507092536,2.37,5.5,16.0,10.0
2026-06-15,Rolling 3-Month,2026-01-01,2026-03-31,,State,,,,,,,,,,,,,,,,migration,,,,,,,,,,,,,,,,,,,,,,,,,,,,,,,,,,,,,,,,,,,,,,,,,,,,,,,,,,,,,,,,,Florida,New Hampshire,,,,346.623354025,-17.03,527.569097336,32.73,-180.94574331,-201.266261507,874.192451361,0.99,6.18,28.0,28.0
2026-06-15,Rolling 3-Month,2026-01-01,2026-03-31,,State,,,,,,,,,,,,,,,,migration,,,,,,,,,,,,,,,,,,,,,,,,,,,,,,,,,,,,,,,,,,,,,,,,,,,,,,,,,,,,,,,,,Florida,Indiana,,,,426.834864465,-22.47,1360.939651225,21.85,-934.104786759,-367.819118609,1787.77451569,1.22,4.77,22.0,18.0
2026-06-15,Rolling 3-Month,2026-01-01,2026-03-31,,State,,,,,,,,,,,,,,,,migration,,,,,,,,,,,,,,,,,,,,,,,,,,,,,,,,,,,,,,,,,,,,,,,,,,,,,,,,,,,,,,,,,Florida,Iowa,,,,75.59313063,-22.23,181.458403027,3.3,-105.865272397,-27.396268241,257.051533657,0.22,3.71,43.0,39.0
2026-06-15,Rolling 3-Month,2026-01-01,2026-03-31,,State,,,,,,,,,,,,,,,,migration,,,,,,,,,,,,,,,,,,,,,,,,,,,,,,,,,,,,,,,,,,,,,,,,,,,,,,,,,,,,,,,,,Florida,Kansas,,,,62.460374867,-26.18,228.866146072,36.48,-166.405771205,-83.326153464,291.326520939,0.18,2.64,45.0,36.0
2026-06-15,Rolling 3-Month,2026-01-01,2026-03-31,,State,,,,,,,,,,,,,,,,migration,,,,,,,,,,,,,,,,,,,,,,,,,,,,,,,,,,,,,,,,,,,,,,,,,,,,,,,,,,,,,,,,,Florida,Kentucky,,,,380.987559215,-21.08,731.887711879,31.13,-350.900152664,-275.502284187,1112.875271093,1.09,8.57,24.0,24.0
2026-06-15,Rolling 3-Month,2026-01-01,2026-03-31,,State,,,,,,,,,,,,,,,,migration,,,,,,,,,,,,,,,,,,,,,,,,,,,,,,,,,,,,,,,,,,,,,,,,,,,,,,,,,,,,,,,,,Florida,Louisiana,,,,296.195353234,-5.71,421.005253185,-1.39,-124.809899951,-12.003722097,717.200606419,0.85,4.98,29.0,30.0
2026-06-15,Rolling 3-Month,2026-01-01,2026-03-31,,State,,,,,,,,,,,,,,,,migration,,,,,,,,,,,,,,,,,,,,,,,,,,,,,,,,,,,,,,,,,,,,,,,,,,,,,,,,,,,,,,,,,Florida,Maine,,,,469.112462483,-24.59,398.503536878,44.29,70.608925605,-275.287177658,867.615999362,1.34,8.4,21.0,31.0
2026-06-15,Rolling 3-Month,2026-01-01,2026-03-31,,State,,,,,,,,,,,,,,,,migration,,,,,,,,,,,,,,,,,,,,,,,,,,,,,,,,,,,,,,,,,,,,,,,,,,,,,,,,,,,,,,,,,Florida,Maryland,,,,962.439004902,-17.92,3513.908873026,20.31,-2551.469868124,-803.444147741,4476.347877929,2.76,5.55,14.0,7.0
2026-06-15,Rolling 3-Month,2026-01-01,2026-03-31,,State,,,,,,,,,,,,,,,,migration,,,,,,,,,,,,,,,,,,,,,,,,,,,,,,,,,,,,,,,,,,,,,,,,,,,,,,,,,,,,,,,,,Florida,Massachusetts,,,,1237.944218653,-5.01,4945.197092728,5.04,-3707.252874075,-302.513369664,6183.141311381,3.54,12.54,11.0,4.0
2026-06-15,Rolling 3-Month,2026-01-01,2026-03-31,,State,,,,,,,,,,,,,,,,migration,,,,,,,,,,,,,,,,,,,,,,,,,,,,,,,,,,,,,,,,,,,,,,,,,,,,,,,,,,,,,,,,,Florida,Michigan,,,,968.562912332,-14.83,2162.031774986,16.85,-1193.468862655,-480.478721764,3130.594687318,2.77,10.25,13.0,14.0
2026-06-15,Rolling 3-Month,2026-01-01,2026-03-31,,State,,,,,,,,,,,,,,,,migration,,,,,,,,,,,,,,,,,,,,,,,,,,,,,,,,,,,,,,,,,,,,,,,,,,,,,,,,,,,,,,,,,Florida,Minnesota,,,,350.289942893,-20.05,1321.490785507,0.59,-971.200842614,-95.577684286,1671.7807284,1.0,7.42,26.0,19.0
2026-06-15,Rolling 3-Month,2026-01-01,2026-03-31,,State,,,,,,,,,,,,,,,,migration,,,,,,,,,,,,,,,,,,,,,,,,,,,,,,,,,,,,,,,,,,,,,,,,,,,,,,,,,,,,,,,,,Florida,Mississippi,,,,166.482374316,-19.66,105.960462242,-14.57,60.521912074,-22.664916752,272.442836559,0.48,5.48,36.0,43.0
2026-06-15,Rolling 3-Month,2026-01-01,2026-03-31,,State,,,,,,,,,,,,,,,,migration,,,,,,,,,,,,,,,,,,,,,,,,,,,,,,,,,,,,,,,,,,,,,,,,,,,,,,,,,,,,,,,,,Florida,Missouri,,,,363.665847693,-7.19,717.288318685,9.83,-353.622470992,-92.35685658,1080.954166377,1.04,5.28,25.0,25.0
2026-06-15,Rolling 3-Month,2026-01-01,2026-03-31,,State,,,,,,,,,,,,,,,,migration,,,,,,,,,,,,,,,,,,,,,,,,,,,,,,,,,,,,,,,,,,,,,,,,,,,,,,,,,,,,,,,,,Florida,Montana,,,,80.572707998,8.21,48.747984307,6.95,31.824723691,2.945454191,129.320692306,0.23,2.51,42.0,47.0
2026-06-15,Rolling 3-Month,2026-01-01,2026-03-31,,State,,,,,,,,,,,,,,,,migration,,,,,,,,,,,,,,,,,,,,,,,,,,,,,,,,,,,,,,,,,,,,,,,,,,,,,,,,,,,,,,,,,Florida,Nebraska,,,,51.303603444,-23.68,104.155422867,-39.19,-52.851819423,51.205853667,155.45902631,0.15,4.08,46.0,44.0
2026-06-15,Rolling 3-Month,2026-01-01,2026-03-31,,State,,,,,,,,,,,,,,,,migration,,,,,,,,,,,,,,,,,,,,,,,,,,,,,,,,,,,,,,,,,,,,,,,,,,,,,,,,,,,,,,,,,Florida,Nevada,,,,347.892188125,-18.79,642.950337938,6.31,-295.058149813,-118.636763005,990.842526063,1.0,1.77,27.0,26.0
2026-06-15,Rolling 3-Month,2026-01-01,2026-03-31,,State,,,,,,,,,,,,,,,,migration,,,,,,,,,,,,,,,,,,,,,,,,,,,,,,,,,,,,,,,,,,,,,,,,,,,,,,,,,,,,,,,,,Florida,Wisconsin,,,,385.50568888,-19.25,814.832497126,25.98,-429.326808246,-259.893783215,1200.338186006,1.1,4.44,23.0,23.0
2026-06-15,Rolling 3-Month,2026-01-01,2026-03-31,,State,,,,,,,,,,,,,,,,migration,,,,,,,,,,,,,,,,,,,,,,,,,,,,,,,,,,,,,,,,,,,,,,,,,,,,,,,,,,,,,,,,,Georgia,Alabama,,,,927.385147612,-21.16,515.47794596,-16.55,411.907201652,-146.713312285,1442.863093572,5.69,13.89,7.0,11.0
2026-06-15,Rolling 3-Month,2026-01-01,2026-03-31,,State,,,,,,,,,,,,,,,,migration,,,,,,,,,,,,,,,,,,,,,,,,,,,,,,,,,,,,,,,,,,,,,,,,,,,,,,,,,,,,,,,,,Georgia,Oregon,,,,106.626766962,-25.15,136.853631395,-21.68,-30.226864433,2.055846987,243.480398356,0.65,0.56,25.0,23.0
2026-06-15,Rolling 3-Month,2026-01-01,2026-03-31,,State,,,,,,,,,,,,,,,,migration,,,,,,,,,,,,,,,,,,,,,,,,,,,,,,,,,,,,,,,,,,,,,,,,,,,,,,,,,,,,,,,,,Georgia,Nevada,,,,108.037791278,-24.8,131.479577514,-20.02,-23.441786235,-2.729639155,239.517368792,0.66,0.55,24.0,24.0
2026-06-15,Rolling 3-Month,2026-01-01,2026-03-31,,State,,,,,,,,,,,,,,,,migration,,,,,,,,,,,,,,,,,,,,,,,,,,,,,,,,,,,,,,,,,,,,,,,,,,,,,,,,,,,,,,,,,Georgia,Massachusetts,,,,225.520983865,-6.18,499.871844219,-7.24,-274.350860354,24.137527602,725.392828084,1.38,2.29,19.0,12.0
2026-06-15,Rolling 3-Month,2026-01-01,2026-03-31,,State,,,,,,,,,,,,,,,,migration,,,,,,,,,,,,,,,,,,,,,,,,,,,,,,,,,,,,,,,,,,,,,,,,,,,,,,,,,,,,,,,,,Georgia,Michigan,,,,244.760957131,-2.86,414.493061461,31.14,-169.73210433,-105.632961873,659.254018592,1.5,2.59,17.0,15.0
2026-06-15,Rolling 3-Month,2026-01-01,2026-03-31,,State,,,,,,,,,,,,,,,,migration,,,,,,,,,,,,,,,,,,,,,,,,,,,,,,,,,,,,,,,,,,,,,,,,,,,,,,,,,,,,,,,,,Georgia,Minnesota,,,,65.754734956,-34.03,126.400449145,-3.98,-60.645714189,-28.670347762,192.1551841,0.4,1.39,31.0,25.0
2026-06-15,Rolling 3-Month,2026-01-01,2026-03-31,,State,,,,,,,,,,,,,,,,migration,,,,,,,,,,,,,,,,,,,,,,,,,,,,,,,,,,,,,,,,,,,,,,,,,,,,,,,,,,,,,,,,,Georgia,Mississippi,,,,135.427817061,-45.71,39.03405384,-32.12,96.39376322,-95.536055502,174.461870901,0.83,4.46,23.0,34.0
2026-06-15,Rolling 3-Month,2026-01-01,2026-03-31,,State,,,,,,,,,,,,,,,,migration,,,,,,,,,,,,,,,,,,,,,,,,,,,,,,,,,,,,,,,,,,,,,,,,,,,,,,,,,,,,,,,,,Georgia,Missouri,,,,98.335516763,-21.5,94.161284737,-27.32,4.174232026,8.474174736,192.4968015,0.6,1.43,26.0,29.0
2026-06-15,Rolling 3-Month,2026-01-01,2026-03-31,,State,,,,,,,,,,,,,,,,migration,,,,,,,,,,,,,,,,,,,,,,,,,,,,,,,,,,,,,,,,,,,,,,,,,,,,,,,,,,,,,,,,,Georgia,Montana,,,,33.614968145,30.57,11.498273257,-42.65,22.116694888,16.4232956,45.113241402,0.21,1.05,39.0,47.0
2026-06-15,Rolling 3-Month,2026-01-01,2026-03-31,,State,,,,,,,,,,,,,,,,migration,,,,,,,,,,,,,,,,,,,,,,,,,,,,,,,,,,,,,,,,,,,,,,,,,,,,,,,,,,,,,,,,,Georgia,Nebraska,,,,16.71102514,-19.26,22.710743802,-1.26,-5.999718662,-3.695847149,39.421768942,0.1,1.33,44.0,44.0
2026-06-15,Rolling 3-Month,2026-01-01,2026-03-31,,State,,,,,,,,,,,,,,,,migration,,,,,,,,,,,,,,,,,,,,,,,,,,,,,,,,,,,,,,,,,,,,,,,,,,,,,,,,,,,,,,,,,Georgia,New Hampshire,,,,38.555949538,32.91,41.694370359,27.55,-3.138420821,0.5406392371,80.250319897,0.24,0.69,36.0,33.0
2026-06-15,Rolling 3-Month,2026-01-01,2026-03-31,,State,,,,,,,,,,,,,,,,migration,,,,,,,,,,,,,,,,,,,,,,,,,,,,,,,,,,,,,,,,,,,,,,,,,,,,,,,,,,,,,,,,,Georgia,Alaska,,,,14.137244273,35.56,18.846506198,14.9,-4.709261925,1.263771043,32.983750472,0.09,1.59,45.0,45.0
2026-06-15,Rolling 3-Month,2026-01-01,2026-03-31,,State,,,,,,,,,,,,,,,,migration,,,,,,,,,,,,,,,,,,,,,,,,,,,,,,,,,,,,,,,,,,,,,,,,,,,,,,,,,,,,,,,,,Georgia,New Jersey,,,,183.822117105,2.35,446.672607473,-8.03,-262.850490368,43.218486141,630.494724578,1.13,1.22,20.0,14.0
2026-06-15,Rolling 3-Month,2026-01-01,2026-03-31,,State,,,,,,,,,,,,,,,,migration,,,,,,,,,,,,,,,,,,,,,,,,,,,,,,,,,,,,,,,,,,,,,,,,,,,,,,,,,,,,,,,,,Georgia,New Mexico,,,,30.938055517,-32.89,26.028166177,32.54,4.90988934,-21.550129681,56.966221694,0.19,0.9,41.0,43.0
2026-06-15,Rolling 3-Month,2026-01-01,2026-03-31,,State,,,,,,,,,,,,,,,,migration,,,,,,,,,,,,,,,,,,,,,,,,,,,,,,,,,,,,,,,,,,,,,,,,,,,,,,,,,,,,,,,,,Georgia,New York,,,,404.387664787,-14.54,1587.959646392,-0.1,-1183.571981605,-67.265283053,1992.347311179,2.48,2.78,10.0,3.0
2026-06-15,Rolling 3-Month,2026-01-01,2026-03-31,,State,,,,,,,,,,,,,,,,migration,,,,,,,,,,,,,,,,,,,,,,,,,,,,,,,,,,,,,,,,,,,,,,,,,,,,,,,,,,,,,,,,,Georgia,North Carolina,,,,1209.194063663,-35.44,840.864061911,5.85,368.330001752,-710.239904701,2050.058125573,7.42,5.29,3.0,6.0
2026-06-15,Rolling 3-Month,2026-01-01,2026-03-31,,State,,,,,,,,,,,,,,,,migration,,,,,,,,,,,,,,,,,,,,,,,,,,,,,,,,,,,,,,,,,,,,,,,,,,,,,,,,,,,,,,,,,Georgia,North Dakota,,,,1.0,-58.87,7.972347638,-9.97,-6.972347638,-0.5485434113,8.972347638,0.01,0.31,50.0,48.0
2026-06-15,Rolling 3-Month,2026-01-01,2026-03-31,,State,,,,,,,,,,,,,,,,migration,,,,,,,,,,,,,,,,,,,,,,,,,,,,,,,,,,,,,,,,,,,,,,,,,,,,,,,,,,,,,,,,,Georgia,Ohio,,,,241.506480433,-14.0,395.271333621,-4.92,-153.764853187,-18.882402481,636.777814054,1.48,2.72,18.0,16.0
2026-06-15,Rolling 3-Month,2026-01-01,2026-03-31,,State,,,,,,,,,,,,,,,,migration,,,,,,,,,,,,,,,,,,,,,,,,,,,,,,,,,,,,,,,,,,,,,,,,,,,,,,,,,,,,,,,,,Georgia,Oklahoma,,,,31.524585233,-37.71,58.28330509,2.64,-26.758719856,-20.583177149,89.807890323,0.19,0.71,40.0,32.0
2026-06-15,Rolling 3-Month,2026-01-01,2026-03-31,,State,,,,,,,,,,,,,,,,migration,,,,,,,,,,,,,,,,,,,,,,,,,,,,,,,,,,,,,,,,,,,,,,,,,,,,,,,,,,,,,,,,,Georgia,Maryland,,,,390.292773647,1.23,640.780101434,-15.66,-250.487327787,123.69580764,1031.072875081,2.4,2.25,11.0,9.0
2026-06-15,Rolling 3-Month,2026-01-01,2026-03-31,,State,,,,,,,,,,,,,,,,migration,,,,,,,,,,,,,,,,,,,,,,,,,,,,,,,,,,,,,,,,,,,,,,,,,,,,,,,,,,,,,,,,,Georgia,Maine,,,,55.978022136,-38.78,37.278738437,32.02,18.699283699,-44.502895482,93.256760573,0.34,1.0,34.0,36.0
2026-06-15,Rolling 3-Month,2026-01-01,2026-03-31,,State,,,,,,,,,,,,,,,,migration,,,,,,,,,,,,,,,,,,,,,,,,,,,,,,,,,,,,,,,,,,,,,,,,,,,,,,,,,,,,,,,,,Georgia,Louisiana,,,,293.564759934,0.99,145.808298656,17.2,147.756461278,-18.512835815,439.37305859,1.8,4.93,14.0,22.0
2026-06-15,Rolling 3-Month,2026-01-01,2026-03-31,,State,,,,,,,,,,,,,,,,migration,,,,,,,,,,,,,,,,,,,,,,,,,,,,,,,,,,,,,,,,,,,,,,,,,,,,,,,,,,,,,,,,,Georgia,Kentucky,,,,148.994051547,-35.49,101.657609284,-3.06,47.336442262,-78.759239195,250.651660831,0.91,3.35,21.0,27.0
2026-06-15,Rolling 3-Month,2026-01-01,2026-03-31,,State,,,,,,,,,,,,,,,,migration,,,,,,,,,,,,,,,,,,,,,,,,,,,,,,,,,,,,,,,,,,,,,,,,,,,,,,,,,,,,,,,,,Georgia,Arizona,,,,250.31674975,-16.42,226.722076539,-17.6,23.594673211,-0.7515658399,477.038826289,1.54,0.73,16.0,19.0
2026-06-15,Rolling 3-Month,2026-01-01,2026-03-31,,State,,,,,,,,,,,,,,,,migration,,,,,,,,,,,,,,,,,,,,,,,,,,,,,,,,,,,,,,,,,,,,,,,,,,,,,,,,,,,,,,,,,Georgia,Arkansas,,,,72.498940019,-13.53,34.594270066,12.1,37.904669953,-15.077453222,107.093210085,0.44,1.73,29.0,40.0
2026-06-15,Rolling 3-Month,2026-01-01,2026-03-31,,State,,,,,,,,,,,,,,,,migration,,,,,,,,,,,,,,,,,,,,,,,,,,,,,,,,,,,,,,,,,,,,,,,,,,,,,,,,,,,,,,,,,Georgia,California,,,,1059.678799829,-4.31,2458.81156752,-28.09,-1399.132767691,912.724972134,3518.490367349,6.5,2.03,5.0,2.0
2026-06-15,Rolling 3-Month,2026-01-01,2026-03-31,,State,,,,,,,,,,,,,,,,migration,,,,,,,,,,,,,,,,,,,,,,,,,,,,,,,,,,,,,,,,,,,,,,,,,,,,,,,,,,,,,,,,,Georgia,Colorado,,,,286.863338168,-5.63,288.256577715,-20.85,-1.393239547,58.83031515,575.119915883,1.76,1.81,15.0,18.0
2026-06-15,Rolling 3-Month,2026-01-01,2026-03-31,,State,,,,,,,,,,,,,,,,migration,,,,,,,,,,,,,,,,,,,,,,,,,,,,,,,,,,,,,,,,,,,,,,,,,,,,,,,,,,,,,,,,,Georgia,Columbia,,,,61.312665122,-41.62,110.68769925,-22.35,-49.375034128,-11.862559535,172.000364372,0.38,1.15,33.0,26.0
2026-06-15,Rolling 3-Month,2026-01-01,2026-03-31,,State,,,,,,,,,,,,,,,,migration,,,,,,,,,,,,,,,,,,,,,,,,,,,,,,,,,,,,,,,,,,,,,,,,,,,,,,,,,,,,,,,,,Georgia,Connecticut,,,,80.941037422,-17.67,172.923495041,-16.14,-91.98245762,15.895198977,253.864532463,0.5,1.53,28.0,21.0
2026-06-15,Rolling 3-Month,2026-01-01,2026-03-31,,State,,,,,,,,,,,,,,,,migration,,,,,,,,,,,,,,,,,,,,,,,,,,,,,,,,,,,,,,,,,,,,,,,,,,,,,,,,,,,,,,,,,Georgia,Delaware,,,,35.417688176,-21.45,37.89657754,-17.86,-2.478889364,-1.429410489,73.314265716,0.22,0.8,38.0,35.0
2026-06-15,Rolling 3-Month,2026-01-01,2026-03-31,,State,,,,,,,,,,,,,,,,migration,,,,,,,,,,,,,,,,,,,,,,,,,,,,,,,,,,,,,,,,,,,,,,,,,,,,,,,,,,,,,,,,,Georgia,Florida,,,,4025.307671772,-0.75,3650.307503573,-23.33,375.000168199,1080.499430036,7675.615175345,24.7,4.94,1.0,1.0
2026-06-15,Rolling 3-Month,2026-01-01,2026-03-31,,State,,,,,,,,,,,,,,,,migration,,,,,,,,,,,,,,,,,,,,,,,,,,,,,,,,,,,,,,,,,,,,,,,,,,,,,,,,,,,,,,,,,Georgia,Georgia,,,,80547.292411761,-14.38,80547.292411761,-14.38,0.0,0.0,161094.584823522,,,,
2026-06-15,Rolling 3-Month,2026-01-01,2026-03-31,,State,,,,,,,,,,,,,,,,migration,,,,,,,,,,,,,,,,,,,,,,,,,,,,,,,,,,,,,,,,,,,,,,,,,,,,,,,,,,,,,,,,,Georgia,Hawaii,,,,84.699045951,-21.75,61.306630754,-27.58,23.392415196,-0.1998465954,146.005676705,0.52,0.8,27.0,31.0
2026-06-15,Rolling 3-Month,2026-01-01,2026-03-31,,State,,,,,,,,,,,,,,,,migration,,,,,,,,,,,,,,,,,,,,,,,,,,,,,,,,,,,,,,,,,,,,,,,,,,,,,,,,,,,,,,,,,Georgia,Idaho,,,,38.142783988,34.67,34.969611653,44.36,3.173172336,-0.9259772065,73.112395641,0.23,0.36,37.0,39.0
2026-06-15,Rolling 3-Month,2026-01-01,2026-03-31,,State,,,,,,,,,,,,,,,,migration,,,,,,,,,,,,,,,,,,,,,,,,,,,,,,,,,,,,,,,,,,,,,,,,,,,,,,,,,,,,,,,,,Georgia,Illinois,,,,523.09474846,-17.63,902.764699381,-25.52,-379.669950921,197.287428476,1425.859447842,3.21,2.77,8.0,4.0
2026-06-15,Rolling 3-Month,2026-01-01,2026-03-31,,State,,,,,,,,,,,,,,,,migration,,,,,,,,,,,,,,,,,,,,,,,,,,,,,,,,,,,,,,,,,,,,,,,,,,,,,,,,,,,,,,,,,Georgia,Indiana,,,,136.920486502,-26.57,215.678375158,43.58,-78.757888656,-115.020112798,352.59886166,0.84,1.53,22.0,20.0
2026-06-15,Rolling 3-Month,2026-01-01,2026-03-31,,State,,,,,,,,,,,,,,,,migration,,,,,,,,,,,,,,,,,,,,,,,,,,,,,,,,,,,,,,,,,,,,,,,,,,,,,,,,,,,,,,,,,Georgia,Iowa,,,,12.787848294,-35.89,31.25474794,4.8,-18.466899646,-8.589993396,44.042596235,0.08,0.63,47.0,41.0
2026-06-15,Rolling 3-Month,2026-01-01,2026-03-31,,State,,,,,,,,,,,,,,,,migration,,,,,,,,,,,,,,,,,,,,,,,,,,,,,,,,,,,,,,,,,,,,,,,,,,,,,,,,,,,,,,,,,Georgia,Kansas,,,,68.725720205,383.44,36.788501261,-6.36,31.937218945,57.009078175,105.514221466,0.42,2.9,30.0,37.0
2026-06-15,Rolling 3-Month,2026-01-01,2026-03-31,,State,,,,,,,,,,,,,,,,migration,,,,,,,,,,,,,,,,,,,,,,,,,,,,,,,,,,,,,,,,,,,,,,,,,,,,,,,,,,,,,,,,,Colorado,West Virginia,,,,22.432782858,130.31,10.784090909,19.82,11.648691949,10.908479908,33.216873767,0.14,0.81,48.0,49.0
2026-06-15,Rolling 3-Month,2026-01-01,2026-03-31,,State,,,,,,,,,,,,,,,,migration,,,,,,,,,,,,,,,,,,,,,,,,,,,,,,,,,,,,,,,,,,,,,,,,,,,,,,,,,,,,,,,,,Colorado,Virginia,,,,316.312189928,-9.96,620.48056736,41.89,-304.168377432,-218.167613169,936.792757288,1.94,1.63,12.0,7.0
2026-06-15,Rolling 3-Month,2026-01-01,2026-03-31,,State,,,,,,,,,,,,,,,,migration,,,,,,,,,,,,,,,,,,,,,,,,,,,,,,,,,,,,,,,,,,,,,,,,,,,,,,,,,,,,,,,,,Idaho,Kansas,,,,6.295106793,-10.07,7.381294964,44.03,-1.086188171,-2.961431836,13.676401757,0.27,0.27,32.0,33.0
2026-06-15,Rolling 3-Month,2026-01-01,2026-03-31,,State,,,,,,,,,,,,,,,,migration,,,,,,,,,,,,,,,,,,,,,,,,,,,,,,,,,,,,,,,,,,,,,,,,,,,,,,,,,,,,,,,,,Alaska,Texas,,,,100.677216731,90.51,63.637677239,-5.93,37.039539492,51.844296602,164.31489397,7.37,0.23,5.0,3.0
2026-06-15,Rolling 3-Month,2026-01-01,2026-03-31,,State,,,,,,,,,,,,,,,,migration,,,,,,,,,,,,,,,,,,,,,,,,,,,,,,,,,,,,,,,,,,,,,,,,,,,,,,,,,,,,,,,,,Alaska,Ohio,,,,10.636082345,-37.93,6.833333333,-13.2,3.802749011,-5.459010571,17.469415678,0.78,0.12,24.0,22.0
2026-06-15,Rolling 3-Month,2026-01-01,2026-03-31,,State,,,,,,,,,,,,,,,,migration,,,,,,,,,,,,,,,,,,,,,,,,,,,,,,,,,,,,,,,,,,,,,,,,,,,,,,,,,,,,,,,,,Alaska,Oklahoma,,,,15.371307521,20.53,6.0,-36.44,9.371307521,6.058314337,21.371307521,1.13,0.34,18.0,24.0
2026-06-15,Rolling 3-Month,2026-01-01,2026-03-31,,State,,,,,,,,,,,,,,,,migration,,,,,,,,,,,,,,,,,,,,,,,,,,,,,,,,,,,,,,,,,,,,,,,,,,,,,,,,,,,,,,,,,Alaska,Oregon,,,,113.574035472,37.18,29.785011881,-36.29,83.789023591,47.752599321,143.359047353,8.31,0.6,3.0,8.0
2026-06-15,Rolling 3-Month,2026-01-01,2026-03-31,,State,,,,,,,,,,,,,,,,migration,,,,,,,,,,,,,,,,,,,,,,,,,,,,,,,,,,,,,,,,,,,,,,,,,,,,,,,,,,,,,,,,,Alaska,Pennsylvania,,,,13.049989226,1.2,11.420668693,471.03,1.629320533,-9.266055189,24.470657919,0.96,0.08,20.0,18.0
2026-06-15,Rolling 3-Month,2026-01-01,2026-03-31,,State,,,,,,,,,,,,,,,,migration,,,,,,,,,,,,,,,,,,,,,,,,,,,,,,,,,,,,,,,,,,,,,,,,,,,,,,,,,,,,,,,,,Alaska,South Carolina,,,,13.315821436,166.32,1.0,-71.82,12.315821436,10.864841044,14.315821436,0.97,0.07,19.0,40.0
2026-06-15,Rolling 3-Month,2026-01-01,2026-03-31,,State,,,,,,,,,,,,,,,,migration,,,,,,,,,,,,,,,,,,,,,,,,,,,,,,,,,,,,,,,,,,,,,,,,,,,,,,,,,,,,,,,,,Alaska,South Dakota,,,,6.230769231,164.92,1.0,,5.230769231,2.878789484,7.230769231,0.46,0.8,28.0,41.0
2026-06-15,Rolling 3-Month,2026-01-01,2026-03-31,,State,,,,,,,,,,,,,,,,migration,,,,,,,,,,,,,,,,,,,,,,,,,,,,,,,,,,,,,,,,,,,,,,,,,,,,,,,,,,,,,,,,,Alaska,Tennessee,,,,23.536665405,9.24,9.557902973,-32.17,13.978762432,6.523313987,33.094568379,1.72,0.12,13.0,19.0
2026-06-15,Rolling 3-Month,2026-01-01,2026-03-31,,State,,,,,,,,,,,,,,,,migration,,,,,,,,,,,,,,,,,,,,,,,,,,,,,,,,,,,,,,,,,,,,,,,,,,,,,,,,,,,,,,,,,Alaska,Utah,,,,16.297619048,132.82,15.270588235,-52.76,1.027030812,26.353101867,31.568207283,1.19,0.3,16.0,13.0
2026-06-15,Rolling 3-Month,2026-01-01,2026-03-31,,State,,,,,,,,,,,,,,,,migration,,,,,,,,,,,,,,,,,,,,,,,,,,,,,,,,,,,,,,,,,,,,,,,,,,,,,,,,,,,,,,,,,Alaska,New York,,,,15.454545455,46.06,16.607776332,-44.95,-1.153230877,18.43642963,32.062321786,1.13,0.11,17.0,11.0
2026-06-15,Rolling 3-Month,2026-01-01,2026-03-31,,State,,,,,,,,,,,,,,,,migration,,,,,,,,,,,,,,,,,,,,,,,,,,,,,,,,,,,,,,,,,,,,,,,,,,,,,,,,,,,,,,,,,Alaska,Vermont,,,,1.0,,1.0,,0.0,,2.0,0.07,0.05,47.0,42.0
2026-06-15,Rolling 3-Month,2026-01-01,2026-03-31,,State,,,,,,,,,,,,,,,,migration,,,,,,,,,,,,,,,,,,,,,,,,,,,,,,,,,,,,,,,,,,,,,,,,,,,,,,,,,,,,,,,,,Alaska,Virginia,,,,25.729786166,-21.07,37.687504326,55.81,-11.95771816,-20.370056111,63.417290491,1.88,0.13,12.0,5.0
2026-06-15,Rolling 3-Month,2026-01-01,2026-03-31,,State,,,,,,,,,,,,,,,,migration,,,,,,,,,,,,,,,,,,,,,,,,,,,,,,,,,,,,,,,,,,,,,,,,,,,,,,,,,,,,,,,,,Alaska,Washington,,,,288.320569934,12.39,263.363069895,-44.36,24.957500039,241.736433087,551.68363983,21.11,0.94,1.0,1.0
2026-06-15,Rolling 3-Month,2026-01-01,2026-03-31,,State,,,,,,,,,,,,,,,,migration,,,,,,,,,,,,,,,,,,,,,,,,,,,,,,,,,,,,,,,,,,,,,,,,,,,,,,,,,,,,,,,,,Alaska,West Virginia,,,,1.30952381,,3.219930006,,-1.910406196,,4.529453815,0.1,0.05,46.0,33.0
2026-06-15,Rolling 3-Month,2026-01-01,2026-03-31,,State,,,,,,,,,,,,,,,,migration,,,,,,,,,,,,,,,,,,,,,,,,,,,,,,,,,,,,,,,,,,,,,,,,,,,,,,,,,,,,,,,,,Alaska,Wisconsin,,,,12.745029736,47.59,7.899045817,-15.6,4.845983919,5.569205592,20.644075553,0.93,0.15,21.0,21.0
2026-06-15,Rolling 3-Month,2026-01-01,2026-03-31,,State,,,,,,,,,,,,,,,,migration,,,,,,,,,,,,,,,,,,,,,,,,,,,,,,,,,,,,,,,,,,,,,,,,,,,,,,,,,,,,,,,,,Alaska,Wyoming,,,,3.769230769,145.75,0.5818181818,-88.36,3.187412587,6.653663728,4.351048951,0.28,0.4,38.0,43.0
2026-06-15,Rolling 3-Month,2026-01-01,2026-03-31,,State,,,,,,,,,,,,,,,,migration,,,,,,,,,,,,,,,,,,,,,,,,,,,,,,,,,,,,,,,,,,,,,,,,,,,,,,,,,,,,,,,,,Arizona,Alabama,,,,125.404573103,0.68,63.625551974,44.61,61.779021129,-18.776178107,189.030125077,0.76,1.88,28.0,40.0
2026-06-15,Rolling 3-Month,2026-01-01,2026-03-31,,State,,,,,,,,,,,,,,,,migration,,,,,,,,,,,,,,,,,,,,,,,,,,,,,,,,,,,,,,,,,,,,,,,,,,,,,,,,,,,,,,,,,Alaska,North Carolina,,,,27.688869404,38.87,12.052271089,116.02,15.636598315,1.277935544,39.741140492,2.03,0.12,11.0,17.0
2026-06-15,Rolling 3-Month,2026-01-01,2026-03-31,,State,,,,,,,,,,,,,,,,migration,,,,,,,,,,,,,,,,,,,,,,,,,,,,,,,,,,,,,,,,,,,,,,,,,,,,,,,,,,,,,,,,,Alaska,New Mexico,,,,6.0,26.91,2.0,-75.61,4.0,7.472179487,8.0,0.44,0.18,30.0,37.0
2026-06-15,Rolling 3-Month,2026-01-01,2026-03-31,,State,,,,,,,,,,,,,,,,migration,,,,,,,,,,,,,,,,,,,,,,,,,,,,,,,,,,,,,,,,,,,,,,,,,,,,,,,,,,,,,,,,,Alaska,Idaho,,,,33.533626965,70.87,8.476190476,152.48,25.057436488,8.789548238,42.009817441,2.45,0.31,10.0,20.0
2026-06-15,Rolling 3-Month,2026-01-01,2026-03-31,,State,,,,,,,,,,,,,,,,migration,,,,,,,,,,,,,,,,,,,,,,,,,,,,,,,,,,,,,,,,,,,,,,,,,,,,,,,,,,,,,,,,,Alaska,Massachusetts,,,,4.613909774,-37.74,4.905477691,-41.04,-0.2915679162,0.6183532365,9.519387465,0.34,0.05,33.0,27.0
2026-06-15,Rolling 3-Month,2026-01-01,2026-03-31,,State,,,,,,,,,,,,,,,,migration,,,,,,,,,,,,,,,,,,,,,,,,,,,,,,,,,,,,,,,,,,,,,,,,,,,,,,,,,,,,,,,,,Alaska,Indiana,,,,3.418181818,-11.91,6.0,200.0,-2.581818182,-4.462270226,9.418181818,0.25,0.04,39.0,25.0
2026-06-15,Rolling 3-Month,2026-01-01,2026-03-31,,State,,,,,,,,,,,,,,,,migration,,,,,,,,,,,,,,,,,,,,,,,,,,,,,,,,,,,,,,,,,,,,,,,,,,,,,,,,,,,,,,,,,Alaska,Iowa,,,,3.837545788,98.12,0.0,,3.837545788,1.900608851,3.837545788,0.28,0.19,37.0,46.0
2026-06-15,Rolling 3-Month,2026-01-01,2026-03-31,,State,,,,,,,,,,,,,,,,migration,,,,,,,,,,,,,,,,,,,,,,,,,,,,,,,,,,,,,,,,,,,,,,,,,,,,,,,,,,,,,,,,,Alaska,Kansas,,,,4.238826106,323.88,3.730099502,-29.9,0.508726604,4.829714258,7.968925609,0.31,0.18,34.0,32.0
2026-06-15,Rolling 3-Month,2026-01-01,2026-03-31,,State,,,,,,,,,,,,,,,,migration,,,,,,,,,,,,,,,,,,,,,,,,,,,,,,,,,,,,,,,,,,,,,,,,,,,,,,,,,,,,,,,,,Alaska,Kentucky,,,,6.920879121,20.72,0.0,-100.0,6.920879121,4.896272063,6.920879121,0.51,0.16,26.0,47.0
2026-06-15,Rolling 3-Month,2026-01-01,2026-03-31,,State,,,,,,,,,,,,,,,,migration,,,,,,,,,,,,,,,,,,,,,,,,,,,,,,,,,,,,,,,,,,,,,,,,,,,,,,,,,,,,,,,,,Alaska,Louisiana,,,,6.303296703,110.11,3.791304348,14.5,2.511992355,2.82331311,10.094601051,0.46,0.11,27.0,31.0
2026-06-15,Rolling 3-Month,2026-01-01,2026-03-31,,State,,,,,,,,,,,,,,,,migration,,,,,,,,,,,,,,,,,,,,,,,,,,,,,,,,,,,,,,,,,,,,,,,,,,,,,,,,,,,,,,,,,Alaska,Maine,,,,8.177294476,-11.28,2.114942529,-44.85,6.062351947,0.6799735728,10.292237005,0.6,0.15,25.0,36.0
2026-06-15,Rolling 3-Month,2026-01-01,2026-03-31,,State,,,,,,,,,,,,,,,,migration,,,,,,,,,,,,,,,,,,,,,,,,,,,,,,,,,,,,,,,,,,,,,,,,,,,,,,,,,,,,,,,,,Alaska,Maryland,,,,11.0,111.86,14.152354998,-40.61,-3.152354998,15.48674305,25.152354998,0.81,0.06,23.0,14.0
2026-06-15,Rolling 3-Month,2026-01-01,2026-03-31,,State,,,,,,,,,,,,,,,,migration,,,,,,,,,,,,,,,,,,,,,,,,,,,,,,,,,,,,,,,,,,,,,,,,,,,,,,,,,,,,,,,,,Alaska,Michigan,,,,6.01864023,18.23,15.63986014,78.56,-9.62121991,-5.95310603,21.65850037,0.44,0.06,29.0,12.0
2026-06-15,Rolling 3-Month,2026-01-01,2026-03-31,,State,,,,,,,,,,,,,,,,migration,,,,,,,,,,,,,,,,,,,,,,,,,,,,,,,,,,,,,,,,,,,,,,,,,,,,,,,,,,,,,,,,,Alaska,New Jersey,,,,4.009191176,100.46,6.0,200.0,-1.990808824,-1.990808824,10.009191176,0.29,0.03,35.0,23.0
2026-06-15,Rolling 3-Month,2026-01-01,2026-03-31,,State,,,,,,,,,,,,,,,,migration,,,,,,,,,,,,,,,,,,,,,,,,,,,,,,,,,,,,,,,,,,,,,,,,,,,,,,,,,,,,,,,,,Alaska,Minnesota,,,,3.0,-65.58,4.300374153,-48.73,-1.300374153,-1.628589041,7.300374153,0.22,0.06,41.0,29.0
2026-06-15,Rolling 3-Month,2026-01-01,2026-03-31,,State,,,,,,,,,,,,,,,,migration,,,,,,,,,,,,,,,,,,,,,,,,,,,,,,,,,,,,,,,,,,,,,,,,,,,,,,,,,,,,,,,,,Alaska,Mississippi,,,,2.868864469,-70.91,0.0,,2.868864469,-6.993696869,2.868864469,0.21,0.09,42.0,48.0
2026-06-15,Rolling 3-Month,2026-01-01,2026-03-31,,State,,,,,,,,,,,,,,,,migration,,,,,,,,,,,,,,,,,,,,,,,,,,,,,,,,,,,,,,,,,,,,,,,,,,,,,,,,,,,,,,,,,Alaska,Missouri,,,,12.062249162,129.14,3.0,-40.0,9.062249162,8.798098219,15.062249162,0.88,0.18,22.0,34.0
2026-06-15,Rolling 3-Month,2026-01-01,2026-03-31,,State,,,,,,,,,,,,,,,,migration,,,,,,,,,,,,,,,,,,,,,,,,,,,,,,,,,,,,,,,,,,,,,,,,,,,,,,,,,,,,,,,,,Alaska,Montana,,,,2.419935032,9.7,5.800747752,65.35,-3.38081272,-2.078646149,8.220682784,0.18,0.08,43.0,26.0
2026-06-15,Rolling 3-Month,2026-01-01,2026-03-31,,State,,,,,,,,,,,,,,,,migration,,,,,,,,,,,,,,,,,,,,,,,,,,,,,,,,,,,,,,,,,,,,,,,,,,,,,,,,,,,,,,,,,Alaska,Nebraska,,,,3.298701299,-38.23,1.0,-50.0,2.298701299,-1.041364439,4.298701299,0.24,0.26,40.0,39.0
2026-06-15,Rolling 3-Month,2026-01-01,2026-03-31,,State,,,,,,,,,,,,,,,,migration,,,,,,,,,,,,,,,,,,,,,,,,,,,,,,,,,,,,,,,,,,,,,,,,,,,,,,,,,,,,,,,,,Alaska,Nevada,,,,50.709308021,2.99,12.907792208,-15.28,37.801515813,3.79858474,63.617100229,3.71,0.26,8.0,16.0
2026-06-15,Rolling 3-Month,2026-01-01,2026-03-31,,State,,,,,,,,,,,,,,,,migration,,,,,,,,,,,,,,,,,,,,,,,,,,,,,,,,,,,,,,,,,,,,,,,,,,,,,,,,,,,,,,,,,Alaska,New Hampshire,,,,5.43476943,296.82,2.328125,58.58,3.10664443,3.205164319,7.76289443,0.4,0.1,31.0,35.0
2026-06-15,Rolling 3-Month,2026-01-01,2026-03-31,,State,,,,,,,,,,,,,,,,migration,,,,,,,,,,,,,,,,,,,,,,,,,,,,,,,,,,,,,,,,,,,,,,,,,,,,,,,,,,,,,,,,,Arizona,Alaska,,,,21.456181047,-36.81,132.927531192,9.81,-111.471350145,-24.370138926,154.383712239,0.13,2.41,47.0,29.0
2026-06-15,Rolling 3-Month,2026-01-01,2026-03-31,,State,,,,,,,,,,,,,,,,migration,,,,,,,,,,,,,,,,,,,,,,,,,,,,,,,,,,,,,,,,,,,,,,,,,,,,,,,,,,,,,,,,,Arizona,Arizona,,,,73939.574587416,-8.01,73939.574587416,-8.01,0.0,0.0,147879.149174831,,,,
2026-06-15,Rolling 3-Month,2026-01-01,2026-03-31,,State,,,,,,,,,,,,,,,,migration,,,,,,,,,,,,,,,,,,,,,,,,,,,,,,,,,,,,,,,,,,,,,,,,,,,,,,,,,,,,,,,,,Arizona,Arkansas,,,,125.096234009,-5.19,44.047093158,28.61,81.049140851,-16.643185322,169.143327166,0.76,2.98,29.0,43.0
2026-06-15,Rolling 3-Month,2026-01-01,2026-03-31,,State,,,,,,,,,,,,,,,,migration,,,,,,,,,,,,,,,,,,,,,,,,,,,,,,,,,,,,,,,,,,,,,,,,,,,,,,,,,,,,,,,,,Arizona,New Mexico,,,,466.342171361,-12.3,284.720967506,3.29,181.621203855,-74.485783242,751.063138866,2.82,13.63,9.0,18.0
2026-06-15,Rolling 3-Month,2026-01-01,2026-03-31,,State,,,,,,,,,,,,,,,,migration,,,,,,,,,,,,,,,,,,,,,,,,,,,,,,,,,,,,,,,,,,,,,,,,,,,,,,,,,,,,,,,,,Arizona,Mississippi,,,,41.772216945,-38.34,25.219694325,5.19,16.552522619,-27.221431871,66.99191127,0.25,1.37,41.0,47.0
2026-06-15,Rolling 3-Month,2026-01-01,2026-03-31,,State,,,,,,,,,,,,,,,,migration,,,,,,,,,,,,,,,,,,,,,,,,,,,,,,,,,,,,,,,,,,,,,,,,,,,,,,,,,,,,,,,,,Arizona,Missouri,,,,210.311390758,-27.53,208.72805346,0.99,1.583337298,-81.95537013,419.039444218,1.27,3.05,22.0,25.0
2026-06-15,Rolling 3-Month,2026-01-01,2026-03-31,,State,,,,,,,,,,,,,,,,migration,,,,,,,,,,,,,,,,,,,,,,,,,,,,,,,,,,,,,,,,,,,,,,,,,,,,,,,,,,,,,,,,,Arizona,Montana,,,,121.628909036,38.36,194.071301512,18.35,-72.442392476,3.633750083,315.700210548,0.73,3.78,30.0,27.0
2026-06-15,Rolling 3-Month,2026-01-01,2026-03-31,,State,,,,,,,,,,,,,,,,migration,,,,,,,,,,,,,,,,,,,,,,,,,,,,,,,,,,,,,,,,,,,,,,,,,,,,,,,,,,,,,,,,,Arizona,Nebraska,,,,64.293324981,4.33,124.505255726,-2.05,-60.211930745,5.277924162,188.798580707,0.39,5.11,37.0,30.0
2026-06-15,Rolling 3-Month,2026-01-01,2026-03-31,,State,,,,,,,,,,,,,,,,migration,,,,,,,,,,,,,,,,,,,,,,,,,,,,,,,,,,,,,,,,,,,,,,,,,,,,,,,,,,,,,,,,,Arizona,Nevada,,,,483.038936961,-3.22,1095.333299237,12.47,-612.294362276,-137.561055756,1578.372236199,2.92,2.46,8.0,7.0
2026-06-15,Rolling 3-Month,2026-01-01,2026-03-31,,State,,,,,,,,,,,,,,,,migration,,,,,,,,,,,,,,,,,,,,,,,,,,,,,,,,,,,,,,,,,,,,,,,,,,,,,,,,,,,,,,,,,Arizona,New Hampshire,,,,50.175781052,32.91,66.957967956,94.34,-16.782186904,-20.07891119,117.133749008,0.3,0.89,39.0,38.0
2026-06-15,Rolling 3-Month,2026-01-01,2026-03-31,,State,,,,,,,,,,,,,,,,migration,,,,,,,,,,,,,,,,,,,,,,,,,,,,,,,,,,,,,,,,,,,,,,,,,,,,,,,,,,,,,,,,,Arizona,New Jersey,,,,52.072324537,-36.58,158.46892179,2.74,-106.396597254,-34.270271354,210.541246327,0.31,0.35,38.0,28.0
2026-06-15,Rolling 3-Month,2026-01-01,2026-03-31,,State,,,,,,,,,,,,,,,,migration,,,,,,,,,,,,,,,,,,,,,,,,,,,,,,,,,,,,,,,,,,,,,,,,,,,,,,,,,,,,,,,,,Arizona,New York,,,,211.638734233,-33.16,529.810509407,-5.01,-318.171775175,-77.077673418,741.44924364,1.28,1.46,21.0,10.0
2026-06-15,Rolling 3-Month,2026-01-01,2026-03-31,,State,,,,,,,,,,,,,,,,migration,,,,,,,,,,,,,,,,,,,,,,,,,,,,,,,,,,,,,,,,,,,,,,,,,,,,,,,,,,,,,,,,,Arizona,California,,,,3398.076160118,-1.11,11202.26223309,-10.68,-7804.186072972,1300.4803441,14600.338393208,20.51,6.51,1.0,1.0
2026-06-15,Rolling 3-Month,2026-01-01,2026-03-31,,State,,,,,,,,,,,,,,,,migration,,,,,,,,,,,,,,,,,,,,,,,,,,,,,,,,,,,,,,,,,,,,,,,,,,,,,,,,,,,,,,,,,Arizona,North Carolina,,,,398.38707247,-0.85,256.023954615,6.97,142.363117855,-20.100594449,654.411027084,2.4,1.74,12.0,20.0
2026-06-15,Rolling 3-Month,2026-01-01,2026-03-31,,State,,,,,,,,,,,,,,,,migration,,,,,,,,,,,,,,,,,,,,,,,,,,,,,,,,,,,,,,,,,,,,,,,,,,,,,,,,,,,,,,,,,Arizona,North Dakota,,,,11.326446281,101.02,64.290298853,-16.21,-52.963852572,18.128143878,75.616745134,0.07,3.47,50.0,39.0
2026-06-15,Rolling 3-Month,2026-01-01,2026-03-31,,State,,,,,,,,,,,,,,,,migration,,,,,,,,,,,,,,,,,,,,,,,,,,,,,,,,,,,,,,,,,,,,,,,,,,,,,,,,,,,,,,,,,Arizona,Ohio,,,,227.744989806,-38.09,360.840113674,4.61,-133.095123868,-156.01514684,588.585103481,1.37,2.56,18.0,14.0
2026-06-15,Rolling 3-Month,2026-01-01,2026-03-31,,State,,,,,,,,,,,,,,,,migration,,,,,,,,,,,,,,,,,,,,,,,,,,,,,,,,,,,,,,,,,,,,,,,,,,,,,,,,,,,,,,,,,Arizona,Oklahoma,,,,158.389243291,-29.48,123.948999494,9.71,34.440243796,-77.179905518,282.338242785,0.96,3.54,26.0,31.0
2026-06-15,Rolling 3-Month,2026-01-01,2026-03-31,,State,,,,,,,,,,,,,,,,migration,,,,,,,,,,,,,,,,,,,,,,,,,,,,,,,,,,,,,,,,,,,,,,,,,,,,,,,,,,,,,,,,,Arizona,Oregon,,,,823.936757854,-10.71,1489.373278679,-4.11,-665.436520825,-35.054939917,2313.310036534,4.97,4.35,6.0,4.0
2026-06-15,Rolling 3-Month,2026-01-01,2026-03-31,,State,,,,,,,,,,,,,,,,migration,,,,,,,,,,,,,,,,,,,,,,,,,,,,,,,,,,,,,,,,,,,,,,,,,,,,,,,,,,,,,,,,,Arizona,Pennsylvania,,,,192.628416847,-32.34,303.691861988,3.06,-111.063445141,-101.062049565,496.320278835,1.16,1.17,24.0,17.0
2026-06-15,Rolling 3-Month,2026-01-01,2026-03-31,,State,,,,,,,,,,,,,,,,migration,,,,,,,,,,,,,,,,,,,,,,,,,,,,,,,,,,,,,,,,,,,,,,,,,,,,,,,,,,,,,,,,,Arizona,Rhode Island,,,,21.004475085,-13.08,17.41210728,-1.69,3.592367805,-2.862320387,38.416582364,0.13,0.94,48.0,49.0
2026-06-15,Rolling 3-Month,2026-01-01,2026-03-31,,State,,,,,,,,,,,,,,,,migration,,,,,,,,,,,,,,,,,,,,,,,,,,,,,,,,,,,,,,,,,,,,,,,,,,,,,,,,,,,,,,,,,Arizona,Minnesota,,,,267.289611528,-25.03,606.002831145,3.22,-338.713219618,-108.182750522,873.292442673,1.61,5.66,15.0,9.0
2026-06-15,Rolling 3-Month,2026-01-01,2026-03-31,,State,,,,,,,,,,,,,,,,migration,,,,,,,,,,,,,,,,,,,,,,,,,,,,,,,,,,,,,,,,,,,,,,,,,,,,,,,,,,,,,,,,,Arizona,Michigan,,,,278.564409038,-24.03,460.988959899,30.66,-182.424550861,-196.274548404,739.553368936,1.68,2.95,14.0,11.0
2026-06-15,Rolling 3-Month,2026-01-01,2026-03-31,,State,,,,,,,,,,,,,,,,migration,,,,,,,,,,,,,,,,,,,,,,,,,,,,,,,,,,,,,,,,,,,,,,,,,,,,,,,,,,,,,,,,,Arizona,Massachusetts,,,,141.783032779,-20.03,237.447976605,-8.53,-95.664943826,-13.375450916,379.231009384,0.86,1.44,27.0,22.0
2026-06-15,Rolling 3-Month,2026-01-01,2026-03-31,,State,,,,,,,,,,,,,,,,migration,,,,,,,,,,,,,,,,,,,,,,,,,,,,,,,,,,,,,,,,,,,,,,,,,,,,,,,,,,,,,,,,,Arizona,Maryland,,,,115.388645271,-28.83,263.411697241,16.2,-148.02305197,-83.478339224,378.800342512,0.7,0.67,31.0,19.0
2026-06-15,Rolling 3-Month,2026-01-01,2026-03-31,,State,,,,,,,,,,,,,,,,migration,,,,,,,,,,,,,,,,,,,,,,,,,,,,,,,,,,,,,,,,,,,,,,,,,,,,,,,,,,,,,,,,,Arizona,Colorado,,,,895.434664461,-14.73,1389.950947303,-9.7,-494.516282842,-5.392457355,2285.385611764,5.41,5.66,5.0,5.0
2026-06-15,Rolling 3-Month,2026-01-01,2026-03-31,,State,,,,,,,,,,,,,,,,migration,,,,,,,,,,,,,,,,,,,,,,,,,,,,,,,,,,,,,,,,,,,,,,,,,,,,,,,,,,,,,,,,,Arizona,Columbia,,,,25.949215106,-21.04,40.650444096,-12.58,-14.701228991,-1.066634768,66.599659202,0.16,0.48,44.0,44.0
2026-06-15,Rolling 3-Month,2026-01-01,2026-03-31,,State,,,,,,,,,,,,,,,,migration,,,,,,,,,,,,,,,,,,,,,,,,,,,,,,,,,,,,,,,,,,,,,,,,,,,,,,,,,,,,,,,,,Arizona,Connecticut,,,,43.086542827,-33.62,106.82948119,17.18,-63.742938363,-37.478316376,149.916024017,0.26,0.81,40.0,32.0
2026-06-15,Rolling 3-Month,2026-01-01,2026-03-31,,State,,,,,,,,,,,,,,,,migration,,,,,,,,,,,,,,,,,,,,,,,,,,,,,,,,,,,,,,,,,,,,,,,,,,,,,,,,,,,,,,,,,Arizona,Delaware,,,,23.97125059,-35.13,36.823238168,103.64,-12.851987578,-31.72090467,60.794488758,0.14,0.54,45.0,45.0
2026-06-15,Rolling 3-Month,2026-01-01,2026-03-31,,State,,,,,,,,,,,,,,,,migration,,,,,,,,,,,,,,,,,,,,,,,,,,,,,,,,,,,,,,,,,,,,,,,,,,,,,,,,,,,,,,,,,Arizona,Florida,,,,919.734221407,-9.04,682.867952931,-4.34,236.866268476,-60.458110293,1602.602174338,5.55,1.13,4.0,8.0
2026-06-15,Rolling 3-Month,2026-01-01,2026-03-31,,State,,,,,,,,,,,,,,,,migration,,,,,,,,,,,,,,,,,,,,,,,,,,,,,,,,,,,,,,,,,,,,,,,,,,,,,,,,,,,,,,,,,Arizona,Georgia,,,,226.722076539,-17.6,250.31674975,-16.42,-23.594673211,0.7515658399,477.038826289,1.37,1.21,19.0,21.0
2026-06-15,Rolling 3-Month,2026-01-01,2026-03-31,,State,,,,,,,,,,,,,,,,migration,,,,,,,,,,,,,,,,,,,,,,,,,,,,,,,,,,,,,,,,,,,,,,,,,,,,,,,,,,,,,,,,,Arizona,Hawaii,,,,260.549905001,-29.53,311.084222312,-6.2,-50.534317311,-88.623724779,571.634127312,1.57,2.45,16.0,16.0
2026-06-15,Rolling 3-Month,2026-01-01,2026-03-31,,State,,,,,,,,,,,,,,,,migration,,,,,,,,,,,,,,,,,,,,,,,,,,,,,,,,,,,,,,,,,,,,,,,,,,,,,,,,,,,,,,,,,Arizona,Idaho,,,,398.388895497,1.8,221.478104665,-5.16,176.910790832,19.094088821,619.867000162,2.4,3.74,11.0,23.0
2026-06-15,Rolling 3-Month,2026-01-01,2026-03-31,,State,,,,,,,,,,,,,,,,migration,,,,,,,,,,,,,,,,,,,,,,,,,,,,,,,,,,,,,,,,,,,,,,,,,,,,,,,,,,,,,,,,,Arizona,Illinois,,,,731.672157656,-19.24,2278.054974581,-1.9,-1546.382816925,-130.190989984,3009.727132236,4.42,3.88,7.0,3.0
2026-06-15,Rolling 3-Month,2026-01-01,2026-03-31,,State,,,,,,,,,,,,,,,,migration,,,,,,,,,,,,,,,,,,,,,,,,,,,,,,,,,,,,,,,,,,,,,,,,,,,,,,,,,,,,,,,,,Arizona,Indiana,,,,191.620582323,-13.26,205.736652147,-0.46,-14.116069823,-28.357297477,397.35723447,1.16,2.14,25.0,26.0
2026-06-15,Rolling 3-Month,2026-01-01,2026-03-31,,State,,,,,,,,,,,,,,,,migration,,,,,,,,,,,,,,,,,,,,,,,,,,,,,,,,,,,,,,,,,,,,,,,,,,,,,,,,,,,,,,,,,Arizona,Iowa,,,,99.432414316,-1.88,101.333457188,-31.71,-1.901042872,45.133411996,200.765871504,0.6,4.89,32.0,33.0
2026-06-15,Rolling 3-Month,2026-01-01,2026-03-31,,State,,,,,,,,,,,,,,,,migration,,,,,,,,,,,,,,,,,,,,,,,,,,,,,,,,,,,,,,,,,,,,,,,,,,,,,,,,,,,,,,,,,Arizona,Kansas,,,,79.776994657,-22.73,97.765319732,33.19,-17.988325075,-47.834042116,177.542314389,0.48,3.37,35.0,34.0
2026-06-15,Rolling 3-Month,2026-01-01,2026-03-31,,State,,,,,,,,,,,,,,,,migration,,,,,,,,,,,,,,,,,,,,,,,,,,,,,,,,,,,,,,,,,,,,,,,,,,,,,,,,,,,,,,,,,Arizona,Kentucky,,,,88.457825691,-20.02,75.648518261,49.58,12.80930743,-47.222792282,164.106343952,0.53,1.99,33.0,37.0
2026-06-15,Rolling 3-Month,2026-01-01,2026-03-31,,State,,,,,,,,,,,,,,,,migration,,,,,,,,,,,,,,,,,,,,,,,,,,,,,,,,,,,,,,,,,,,,,,,,,,,,,,,,,,,,,,,,,Arizona,Louisiana,,,,69.830538626,-18.45,33.064368904,-19.75,36.766169722,-7.66178464,102.89490753,0.42,1.17,36.0,46.0
2026-06-15,Rolling 3-Month,2026-01-01,2026-03-31,,State,,,,,,,,,,,,,,,,migration,,,,,,,,,,,,,,,,,,,,,,,,,,,,,,,,,,,,,,,,,,,,,,,,,,,,,,,,,,,,,,,,,Arizona,Maine,,,,83.33862721,-25.57,49.685755103,55.05,33.652872107,-46.267526955,133.024382314,0.5,1.49,34.0,42.0
2026-06-15,Rolling 3-Month,2026-01-01,2026-03-31,,State,,,,,,,,,,,,,,,,migration,,,,,,,,,,,,,,,,,,,,,,,,,,,,,,,,,,,,,,,,,,,,,,,,,,,,,,,,,,,,,,,,,Alaska,Illinois,,,,21.602183823,-7.89,30.549863868,-19.04,-8.947680045,5.334620293,52.15204769,1.58,0.11,14.0,7.0
2026-06-15,Rolling 3-Month,2026-01-01,2026-03-31,,State,,,,,,,,,,,,,,,,migration,,,,,,,,,,,,,,,,,,,,,,,,,,,,,,,,,,,,,,,,,,,,,,,,,,,,,,,,,,,,,,,,,Alaska,Hawaii,,,,87.361920706,-3.94,22.211402517,-32.01,65.150518188,6.880549039,109.573323223,6.4,0.82,6.0,9.0
2026-06-15,Rolling 3-Month,2026-01-01,2026-03-31,,State,,,,,,,,,,,,,,,,migration,,,,,,,,,,,,,,,,,,,,,,,,,,,,,,,,,,,,,,,,,,,,,,,,,,,,,,,,,,,,,,,,,Colorado,Vermont,,,,33.860118207,-33.77,15.347769582,22.45,18.512348625,-20.076421984,49.207887789,0.21,1.68,45.0,48.0
2026-06-15,Rolling 3-Month,2026-01-01,2026-03-31,,State,,,,,,,,,,,,,,,,migration,,,,,,,,,,,,,,,,,,,,,,,,,,,,,,,,,,,,,,,,,,,,,,,,,,,,,,,,,,,,,,,,,Alabama,Hawaii,,,,16.296964446,-42.14,26.260378769,-22.19,-9.963414323,-4.379246054,42.557343214,0.35,0.15,30.0,35.0
2026-06-15,Rolling 3-Month,2026-01-01,2026-03-31,,State,,,,,,,,,,,,,,,,migration,,,,,,,,,,,,,,,,,,,,,,,,,,,,,,,,,,,,,,,,,,,,,,,,,,,,,,,,,,,,,,,,,Alabama,California,,,,161.565145675,4.16,680.306822675,-19.51,-518.741677,171.380880455,841.87196835,3.49,0.31,7.0,3.0
2026-06-15,Rolling 3-Month,2026-01-01,2026-03-31,,State,,,,,,,,,,,,,,,,migration,,,,,,,,,,,,,,,,,,,,,,,,,,,,,,,,,,,,,,,,,,,,,,,,,,,,,,,,,,,,,,,,,Alabama,Colorado,,,,69.51681482,-0.66,171.375803622,-21.75,-101.858988801,47.173072378,240.892618442,1.5,0.44,12.0,9.0
2026-06-15,Rolling 3-Month,2026-01-01,2026-03-31,,State,,,,,,,,,,,,,,,,migration,,,,,,,,,,,,,,,,,,,,,,,,,,,,,,,,,,,,,,,,,,,,,,,,,,,,,,,,,,,,,,,,,Alabama,Columbia,,,,10.978930376,0.07,52.808486993,119.83,-41.829556617,-28.778717998,63.787417369,0.24,0.21,31.0,25.0
2026-06-15,Rolling 3-Month,2026-01-01,2026-03-31,,State,,,,,,,,,,,,,,,,migration,,,,,,,,,,,,,,,,,,,,,,,,,,,,,,,,,,,,,,,,,,,,,,,,,,,,,,,,,,,,,,,,,Alabama,Connecticut,,,,7.361478711,32.17,19.560127897,-23.92,-12.198649186,7.940116852,26.921606608,0.16,0.14,35.0,36.0
2026-06-15,Rolling 3-Month,2026-01-01,2026-03-31,,State,,,,,,,,,,,,,,,,migration,,,,,,,,,,,,,,,,,,,,,,,,,,,,,,,,,,,,,,,,,,,,,,,,,,,,,,,,,,,,,,,,,Alabama,Delaware,,,,2.0,-71.28,10.95512605,6.89,-8.95512605,-5.671248676,12.95512605,0.04,0.05,45.0,40.0
2026-06-15,Rolling 3-Month,2026-01-01,2026-03-31,,State,,,,,,,,,,,,,,,,migration,,,,,,,,,,,,,,,,,,,,,,,,,,,,,,,,,,,,,,,,,,,,,,,,,,,,,,,,,,,,,,,,,Alabama,Florida,,,,892.396330256,9.56,761.627740262,-18.48,130.768589994,250.545508293,1654.024070518,19.27,1.09,1.0,2.0
2026-06-15,Rolling 3-Month,2026-01-01,2026-03-31,,State,,,,,,,,,,,,,,,,migration,,,,,,,,,,,,,,,,,,,,,,,,,,,,,,,,,,,,,,,,,,,,,,,,,,,,,,,,,,,,,,,,,Alabama,Georgia,,,,515.47794596,-16.55,927.385147612,-21.16,-411.907201652,146.713312285,1442.863093572,11.13,2.75,3.0,1.0
2026-06-15,Rolling 3-Month,2026-01-01,2026-03-31,,State,,,,,,,,,,,,,,,,migration,,,,,,,,,,,,,,,,,,,,,,,,,,,,,,,,,,,,,,,,,,,,,,,,,,,,,,,,,,,,,,,,,Alabama,Idaho,,,,5.313432836,-17.32,15.895856663,127.05,-10.582423827,-10.008230208,21.209289499,0.11,0.05,39.0,37.0
2026-06-15,Rolling 3-Month,2026-01-01,2026-03-31,,State,,,,,,,,,,,,,,,,migration,,,,,,,,,,,,,,,,,,,,,,,,,,,,,,,,,,,,,,,,,,,,,,,,,,,,,,,,,,,,,,,,,Alabama,Arizona,,,,63.625551974,44.61,125.404573103,0.68,-61.779021129,18.776178107,189.030125077,1.37,0.19,13.0,15.0
2026-06-15,Rolling 3-Month,2026-01-01,2026-03-31,,State,,,,,,,,,,,,,,,,migration,,,,,,,,,,,,,,,,,,,,,,,,,,,,,,,,,,,,,,,,,,,,,,,,,,,,,,,,,,,,,,,,,Alabama,Illinois,,,,204.99039867,29.02,352.093187518,-42.1,-147.102788848,302.078122376,557.083586188,4.43,1.09,6.0,7.0
2026-06-15,Rolling 3-Month,2026-01-01,2026-03-31,,State,,,,,,,,,,,,,,,,migration,,,,,,,,,,,,,,,,,,,,,,,,,,,,,,,,,,,,,,,,,,,,,,,,,,,,,,,,,,,,,,,,,Alabama,Indiana,,,,33.790576073,29.93,83.893279461,-0.24,-50.102703388,7.987174161,117.683855535,0.73,0.38,25.0,19.0
2026-06-15,Rolling 3-Month,2026-01-01,2026-03-31,,State,,,,,,,,,,,,,,,,migration,,,,,,,,,,,,,,,,,,,,,,,,,,,,,,,,,,,,,,,,,,,,,,,,,,,,,,,,,,,,,,,,,Alabama,Iowa,,,,5.346666667,-53.83,36.3470081,119.93,-31.000341434,-26.053384912,41.693674767,0.12,0.26,38.0,32.0
2026-06-15,Rolling 3-Month,2026-01-01,2026-03-31,,State,,,,,,,,,,,,,,,,migration,,,,,,,,,,,,,,,,,,,,,,,,,,,,,,,,,,,,,,,,,,,,,,,,,,,,,,,,,,,,,,,,,Alabama,Kansas,,,,8.385640972,-32.3,29.110655276,15.53,-20.725014304,-7.915614705,37.496296247,0.18,0.35,34.0,34.0
2026-06-15,Rolling 3-Month,2026-01-01,2026-03-31,,State,,,,,,,,,,,,,,,,migration,,,,,,,,,,,,,,,,,,,,,,,,,,,,,,,,,,,,,,,,,,,,,,,,,,,,,,,,,,,,,,,,,Alabama,Kentucky,,,,43.468352581,69.47,49.076050029,-5.55,-5.607697449,20.700238169,92.54440261,0.94,0.98,19.0,27.0
2026-06-15,Rolling 3-Month,2026-01-01,2026-03-31,,State,,,,,,,,,,,,,,,,migration,,,,,,,,,,,,,,,,,,,,,,,,,,,,,,,,,,,,,,,,,,,,,,,,,,,,,,,,,,,,,,,,,Alabama,Louisiana,,,,833.381860803,-13.81,135.388276919,-21.68,697.993583885,-96.008987718,968.770137722,18.0,14.0,2.0,12.0
2026-06-15,Rolling 3-Month,2026-01-01,2026-03-31,,State,,,,,,,,,,,,,,,,migration,,,,,,,,,,,,,,,,,,,,,,,,,,,,,,,,,,,,,,,,,,,,,,,,,,,,,,,,,,,,,,,,,Alabama,Maine,,,,6.772951679,-55.54,2.520833333,-66.36,4.252118346,-3.488881248,9.293785013,0.15,0.12,36.0,46.0
2026-06-15,Rolling 3-Month,2026-01-01,2026-03-31,,State,,,,,,,,,,,,,,,,migration,,,,,,,,,,,,,,,,,,,,,,,,,,,,,,,,,,,,,,,,,,,,,,,,,,,,,,,,,,,,,,,,,Alabama,Arkansas,,,,36.239046764,6.61,39.765763536,73.32,-3.526716772,-14.575441475,76.0048103,0.78,0.86,23.0,30.0
2026-06-15,Rolling 3-Month,2026-01-01,2026-03-31,,State,,,,,,,,,,,,,,,,migration,,,,,,,,,,,,,,,,,,,,,,,,,,,,,,,,,,,,,,,,,,,,,,,,,,,,,,,,,,,,,,,,,Alabama,Alaska,,,,4.266666667,-51.09,5.03814182,-43.1,-0.7714751533,-0.6404721007,9.304808487,0.09,0.48,42.0,44.0
2026-06-15,Rolling 3-Month,2026-01-01,2026-03-31,,State,,,,,,,,,,,,,,,,migration,,,,,,,,,,,,,,,,,,,,,,,,,,,,,,,,,,,,,,,,,,,,,,,,,,,,,,,,,,,,,,,,,Alaska,Georgia,,,,18.846506198,14.9,14.137244273,35.56,4.709261925,-1.263771043,32.983750472,1.38,0.1,15.0,15.0
2026-08-03,Monthly,2026-03-01,2026-03-31,,Country,National,,,,,,,,,,,,,,,buyers_sellers,Condo/Co-op,,,,,,,,,,,,,,,,,,,,Buyer's Market,93322.0,-6.14,192566.0,3.26,0.48,-4.85,106.35,18.78,,,,,,,,,,,,,,,,,,,,,,,,,,,,,,,,,,,,,,,,,,,,,,,,,,,
2026-08-03,Monthly,2026-03-01,2026-03-31,,Country,National,291583.0,-0.14,390000.0,1.4,50.0,500.0,381568.0,-0.69,1482978.0,3.61,342074.0,0.44,215.65,-0.04,housing_market,,,,,,,,,,,,,,,,,,,,,,,,,,,,,,,,,,,,,,,,,,,,,,,,,,,,,,,,,,,,,,,,,,,,,,,,,,,,,,,,
2026-07-28,Monthly,2026-03-01,2026-03-31,,Country,United States,288661.0,4.15,,,,,,,,,,,,,affordability,All Residential,Homeowner,3.5,120183.0,-2.44,33.1,-2.24,41.56,5.57,2.51,-2.73,3005.0,2300.0,266.0,163.0,276.0,13650.0,108930.0,390000.0,1.33,,,,,,,,,,,,,,,,,,,,,,,,,,,,,,,,,,,,,,,,,,,,,,,,,,,,,,,,,,,,
2026-07-28,Monthly,2026-03-01,2026-03-31,,Country,United States,288661.0,4.15,,,,,,,,,,,,,affordability,All Residential,Homeowner,5.0,116803.0,-2.48,32.17,-2.19,43.08,5.31,3.58,-2.73,2920.0,2264.0,266.0,163.0,228.0,19500.0,108930.0,390000.0,1.33,,,,,,,,,,,,,,,,,,,,,,,,,,,,,,,,,,,,,,,,,,,,,,,,,,,,,,,,,,,,
2026-07-28,Monthly,2026-03-01,2026-03-31,,Country,United States,288661.0,4.15,,,,,,,,,,,,,affordability,All Residential,Homeowner,10.0,110086.0,-2.5,30.32,-2.07,47.2,5.42,7.16,-2.73,2752.0,2145.0,266.0,163.0,179.0,39000.0,108930.0,390000.0,1.33,,,,,,,,,,,,,,,,,,,,,,,,,,,,,,,,,,,,,,,,,,,,,,,,,,,,,,,,,,,,
2026-07-28,Monthly,2026-03-01,2026-03-31,,Country,United States,288661.0,4.15,,,,,,,,,,,,,affordability,All Residential,Homeowner,15.0,102069.0,-2.57,28.11,-1.94,52.2,5.72,10.74,-2.73,2552.0,2026.0,266.0,163.0,98.0,58500.0,108930.0,390000.0,1.33,,,,,,,,,,,,,,,,,,,,,,,,,,,,,,,,,,,,,,,,,,,,,,,,,,,,,,,,,,,,
2026-07-28,Monthly,2026-03-01,2026-03-31,,Country,United States,288661.0,4.15,,,,,,,,,,,,,affordability,All Residential,Homeowner,20.0,93402.0,-2.68,25.72,-1.81,57.87,5.51,14.32,-2.73,2335.0,1907.0,266.0,163.0,0.0,78000.0,108930.0,390000.0,1.33,,,,,,,,,,,,,,,,,,,,,,,,,,,,,,,,,,,,,,,,,,,,,,,,,,,,,,,,,,,,
2026-08-03,Monthly,2026-03-01,2026-03-31,,Country,National,,,,,,,,,,,,,,,buyers_sellers,All Residential,,,,,,,,,,,,,,,,,,,,Buyer's Market,987017.0,-7.29,1482978.0,3.61,0.67,-7.82,50.25,15.8,,,,,,,,,,,,,,,,,,,,,,,,,,,,,,,,,,,,,,,,,,,,,,,,,,,
2026-08-03,Monthly,2026-03-01,2026-03-31,,Country,National,,,,,,,,,,,,,,,buyers_sellers,Single Family Residential,,,,,,,,,,,,,,,,,,,,Buyer's Market,801138.0,-7.23,1134371.0,3.06,0.71,-7.83,41.59,14.14,,,,,,,,,,,,,,,,,,,,,,,,,,,,,,,,,,,,,,,,,,,,,,,,,,,
2026-06-15,Rolling 3-Month,2026-01-01,2026-03-31,,State,,,,,,,,,,,,,,,,migration,,,,,,,,,,,,,,,,,,,,,,,,,,,,,,,,,,,,,,,,,,,,,,,,,,,,,,,,,,,,,,,,,Alabama,Alabama,,,,11999.440576516,2.56,11999.440576516,2.56,0.0,0.0,23998.881153032,,,,
2026-08-03,Monthly,2026-03-01,2026-03-31,,Country,National,,,,,,,,,,,,,,,buyers_sellers,Townhouse,,,,,,,,,,,,,,,,,,,,Buyer's Market,70802.0,-7.75,111733.0,7.85,0.63,-10.71,57.81,22.83,,,,,,,,,,,,,,,,,,,,,,,,,,,,,,,,,,,,,,,,,,,,,,,,,,,
2026-08-20,Monthly,2026-03-01,2026-03-31,,Country,National,,,,,,,,,,,,,,,cash_loan,,,,,,,,,,,,,,,,,,,,,,,,,,,,,,28.74,-1.0,62000.0,-4.76,15.0,-1.2,13.8,-1.28,7.57,0.75,78.63,0.54,72.26,0.49,6.37,0.04,,,,,,,,,,,,,,,,,,,,,,,,,,,,,,,,,,,
2026-08-03,Monthly,2026-03-01,2026-03-31,,Country,National,,,,,,,,,,,,,,,cancellations,,,,,,,,,,,,,,,,,,,,,,,,,,,,,,,,,,,,,,,,,,,,,,46296.0,2.76,13.54,0.17,,,,,,,,,,,,,,,,,,,,,,,,,,,,,,,
2026-08-03,Monthly,2026-03-01,2026-03-31,,Country,National,,,,,,,,,,,,,,,delistings,,,,,,,,,,,,,,,,,,,,,,,,,,,,,,,,,,,,,,,,,,,,,,,,,,80010.0,8.86,35911.0,20.56,5.4,0.3,2.42,0.34,,,,,,,,,,,,,,,,,,,,,,,
2026-08-03,Monthly,2026-03-01,2026-03-31,,Country,National,,,,,,,,,,,,,,,existing_home_sales,,,,,,,,,,,,,,,,,,,,,,,,,,,,,,,,,,,,,,,,,,,,,,,,,,,,,,,,,,352803.0,0.15,4233635.0,,,,,,,,,,,,,,,,,,,,
2026-08-20,Quarterly,2026-01-01,2026-03-31,,Country,United States of America,,,,,,,,,,,,,,,investors,,,,,,,,,,,,,,,,,,,,,,,,,,,,,,,,,,,,,,,,,,,,,,,,,,,,,,,,,,,,,46207.0,-4.94,19.32,,,,,,,,,,,,,,,,,
2026-08-15,Rolling 3 months,2026-01-01,2026-03-31,,Country,United States of America,,,,,73.0,501.34,,,105204.0,-0.36,49213.0,0.57,,,luxury,,,,,,,,,,,,,,,,,,,1396066.0,3.44,,,,,,,,,,,,,,,,,,,,,,,,,,,,,,,,,,,,,,,,,,,,Luxury,,,,,,,,,,,,,,,,
2026-06-15,Rolling 3-Month,2026-01-01,2026-03-31,,State,,,,,,,,,,,,,,,,migration,,,,,,,,,,,,,,,,,,,,,,,,,,,,,,,,,,,,,,,,,,,,,,,,,,,,,,,,,,,,,,,,,Alabama,Maryland,,,,34.514942921,-1.68,105.729590156,-26.62,-71.214647235,37.768165331,140.244533077,0.75,0.2,24.0,18.0
2026-06-15,Rolling 3-Month,2026-01-01,2026-03-31,,State,,,,,,,,,,,,,,,,migration,,,,,,,,,,,,,,,,,,,,,,,,,,,,,,,,,,,,,,,,,,,,,,,,,,,,,,,,,,,,,,,,,Alabama,Massachusetts,,,,28.452270147,14.27,54.944639956,-6.08,-26.492369809,7.109191727,83.396910104,0.61,0.29,26.0,23.0
2026-06-15,Rolling 3-Month,2026-01-01,2026-03-31,,State,,,,,,,,,,,,,,,,migration,,,,,,,,,,,,,,,,,,,,,,,,,,,,,,,,,,,,,,,,,,,,,,,,,,,,,,,,,,,,,,,,,Alabama,Michigan,,,,55.175150672,17.97,133.424959007,4.03,-78.249808335,3.235315733,188.600109679,1.19,0.58,16.0,13.0
2026-06-15,Rolling 3-Month,2026-01-01,2026-03-31,,State,,,,,,,,,,,,,,,,migration,,,,,,,,,,,,,,,,,,,,,,,,,,,,,,,,,,,,,,,,,,,,,,,,,,,,,,,,,,,,,,,,,Alaska,Alaska,,,,780.928529351,2.36,780.928529351,2.36,0.0,0.0,1561.857058702,,,,
2026-06-15,Rolling 3-Month,2026-01-01,2026-03-31,,State,,,,,,,,,,,,,,,,migration,,,,,,,,,,,,,,,,,,,,,,,,,,,,,,,,,,,,,,,,,,,,,,,,,,,,,,,,,,,,,,,,,Alabama,Utah,,,,5.573120562,-72.71,39.343119726,26.02,-33.769999164,-22.972345143,44.916240288,0.12,0.1,37.0,31.0
2026-06-15,Rolling 3-Month,2026-01-01,2026-03-31,,State,,,,,,,,,,,,,,,,migration,,,,,,,,,,,,,,,,,,,,,,,,,,,,,,,,,,,,,,,,,,,,,,,,,,,,,,,,,,,,,,,,,Alabama,Vermont,,,,1.0,-50.0,1.0,-66.67,0.0,1.0,2.0,0.02,0.05,48.0,48.0
2026-06-15,Rolling 3-Month,2026-01-01,2026-03-31,,State,,,,,,,,,,,,,,,,migration,,,,,,,,,,,,,,,,,,,,,,,,,,,,,,,,,,,,,,,,,,,,,,,,,,,,,,,,,,,,,,,,,Alabama,Virginia,,,,91.559727857,2.79,338.739063743,26.4,-247.179335886,-68.251824183,430.298791599,1.98,0.47,10.0,8.0
2026-06-15,Rolling 3-Month,2026-01-01,2026-03-31,,State,,,,,,,,,,,,,,,,migration,,,,,,,,,,,,,,,,,,,,,,,,,,,,,,,,,,,,,,,,,,,,,,,,,,,,,,,,,,,,,,,,,Alabama,Washington,,,,83.645331145,8.59,361.787735895,6.74,-278.14240475,-16.246639492,445.433067039,1.81,0.27,11.0,6.0
2026-06-15,Rolling 3-Month,2026-01-01,2026-03-31,,State,,,,,,,,,,,,,,,,migration,,,,,,,,,,,,,,,,,,,,,,,,,,,,,,,,,,,,,,,,,,,,,,,,,,,,,,,,,,,,,,,,,Alabama,West Virginia,,,,1.166101695,-17.92,14.134934669,54.1,-12.968832974,-5.216869912,15.301036364,0.03,0.04,47.0,38.0
2026-06-15,Rolling 3-Month,2026-01-01,2026-03-31,,State,,,,,,,,,,,,,,,,migration,,,,,,,,,,,,,,,,,,,,,,,,,,,,,,,,,,,,,,,,,,,,,,,,,,,,,,,,,,,,,,,,,Alabama,Wisconsin,,,,23.072413793,28.8,48.122287661,-12.03,-25.049873868,11.739157037,71.194701454,0.5,0.27,27.0,28.0
2026-06-15,Rolling 3-Month,2026-01-01,2026-03-31,,State,,,,,,,,,,,,,,,,migration,,,,,,,,,,,,,,,,,,,,,,,,,,,,,,,,,,,,,,,,,,,,,,,,,,,,,,,,,,,,,,,,,Alaska,Alabama,,,,5.03814182,-43.1,4.266666667,-51.09,0.7714751533,0.6404721007,9.304808487,0.37,0.08,32.0,30.0
2026-06-15,Rolling 3-Month,2026-01-01,2026-03-31,,State,,,,,,,,,,,,,,,,migration,,,,,,,,,,,,,,,,,,,,,,,,,,,,,,,,,,,,,,,,,,,,,,,,,,,,,,,,,,,,,,,,,Alaska,Arizona,,,,132.927531192,9.81,21.456181047,-36.81,111.471350145,24.370138926,154.383712239,9.73,0.39,2.0,10.0
2026-06-15,Rolling 3-Month,2026-01-01,2026-03-31,,State,,,,,,,,,,,,,,,,migration,,,,,,,,,,,,,,,,,,,,,,,,,,,,,,,,,,,,,,,,,,,,,,,,,,,,,,,,,,,,,,,,,Alabama,Minnesota,,,,20.0,-3.57,34.953064124,-37.76,-14.953064124,20.467423749,54.953064124,0.43,0.42,28.0,33.0
2026-06-15,Rolling 3-Month,2026-01-01,2026-03-31,,State,,,,,,,,,,,,,,,,migration,,,,,,,,,,,,,,,,,,,,,,,,,,,,,,,,,,,,,,,,,,,,,,,,,,,,,,,,,,,,,,,,,Alaska,Arkansas,,,,1.431932077,-64.2,1.174242424,-55.34,0.2576896528,-1.113082586,2.606174501,0.1,0.03,45.0,38.0
2026-06-15,Rolling 3-Month,2026-01-01,2026-03-31,,State,,,,,,,,,,,,,,,,migration,,,,,,,,,,,,,,,,,,,,,,,,,,,,,,,,,,,,,,,,,,,,,,,,,,,,,,,,,,,,,,,,,Alaska,California,,,,107.990276701,4.32,129.36175153,-15.79,-21.371474829,28.726852106,237.352028231,7.91,0.21,4.0,2.0
2026-06-15,Rolling 3-Month,2026-01-01,2026-03-31,,State,,,,,,,,,,,,,,,,migration,,,,,,,,,,,,,,,,,,,,,,,,,,,,,,,,,,,,,,,,,,,,,,,,,,,,,,,,,,,,,,,,,Alaska,Colorado,,,,36.452678415,54.33,43.269005971,-13.46,-6.816327555,19.564519476,79.721684386,2.67,0.23,9.0,4.0
2026-06-15,Rolling 3-Month,2026-01-01,2026-03-31,,State,,,,,,,,,,,,,,,,migration,,,,,,,,,,,,,,,,,,,,,,,,,,,,,,,,,,,,,,,,,,,,,,,,,,,,,,,,,,,,,,,,,Alaska,Columbia,,,,4.0,1.84,4.395348837,24.79,-0.3953488372,-0.8007688674,8.395348837,0.29,0.07,36.0,28.0
2026-06-15,Rolling 3-Month,2026-01-01,2026-03-31,,State,,,,,,,,,,,,,,,,migration,,,,,,,,,,,,,,,,,,,,,,,,,,,,,,,,,,,,,,,,,,,,,,,,,,,,,,,,,,,,,,,,,Alaska,Connecticut,,,,2.0,-50.36,0.3720930233,-80.13,1.627906977,-0.5282476651,2.372093023,0.15,0.04,44.0,44.0
2026-06-15,Rolling 3-Month,2026-01-01,2026-03-31,,State,,,,,,,,,,,,,,,,migration,,,,,,,,,,,,,,,,,,,,,,,,,,,,,,,,,,,,,,,,,,,,,,,,,,,,,,,,,,,,,,,,,Alaska,Delaware,,,,0.4038461538,-79.81,0.0,-100.0,0.4038461538,-0.5961538462,0.4038461538,0.03,0.01,48.0,45.0
2026-06-15,Rolling 3-Month,2026-01-01,2026-03-31,,State,,,,,,,,,,,,,,,,migration,,,,,,,,,,,,,,,,,,,,,,,,,,,,,,,,,,,,,,,,,,,,,,,,,,,,,,,,,,,,,,,,,Alaska,Florida,,,,81.444172303,47.39,33.479383313,16.34,47.96478899,21.485913997,114.923555616,5.96,0.1,7.0,6.0
2026-06-15,Rolling 3-Month,2026-01-01,2026-03-31,,State,,,,,,,,,,,,,,,,migration,,,,,,,,,,,,,,,,,,,,,,,,,,,,,,,,,,,,,,,,,,,,,,,,,,,,,,,,,,,,,,,,,Alabama,Texas,,,,338.928078764,27.53,431.17347438,-3.37,-92.245395616,88.200720529,770.101553144,7.32,0.78,5.0,5.0
2026-06-15,Rolling 3-Month,2026-01-01,2026-03-31,,State,,,,,,,,,,,,,,,,migration,,,,,,,,,,,,,,,,,,,,,,,,,,,,,,,,,,,,,,,,,,,,,,,,,,,,,,,,,,,,,,,,,Alabama,Tennessee,,,,378.394901086,12.47,527.759473633,1.5,-149.364572547,34.154174483,906.15437472,8.17,1.93,4.0,4.0
2026-06-15,Rolling 3-Month,2026-01-01,2026-03-31,,State,,,,,,,,,,,,,,,,migration,,,,,,,,,,,,,,,,,,,,,,,,,,,,,,,,,,,,,,,,,,,,,,,,,,,,,,,,,,,,,,,,,Alabama,South Dakota,,,,3.0,200.0,7.410852713,147.03,-4.410852713,-2.410852713,10.410852713,0.06,0.38,43.0,43.0
2026-06-15,Rolling 3-Month,2026-01-01,2026-03-31,,State,,,,,,,,,,,,,,,,migration,,,,,,,,,,,,,,,,,,,,,,,,,,,,,,,,,,,,,,,,,,,,,,,,,,,,,,,,,,,,,,,,,Alabama,South Carolina,,,,55.922176715,-13.99,74.399237055,66.37,-18.47706034,-38.774561968,130.32141377,1.21,0.3,15.0,20.0
2026-06-15,Rolling 3-Month,2026-01-01,2026-03-31,,State,,,,,,,,,,,,,,,,migration,,,,,,,,,,,,,,,,,,,,,,,,,,,,,,,,,,,,,,,,,,,,,,,,,,,,,,,,,,,,,,,,,Alabama,Mississippi,,,,158.121565724,-14.75,106.535784056,8.45,51.585781668,-35.665236623,264.65734978,3.41,5.2,8.0,17.0
2026-06-15,Rolling 3-Month,2026-01-01,2026-03-31,,State,,,,,,,,,,,,,,,,migration,,,,,,,,,,,,,,,,,,,,,,,,,,,,,,,,,,,,,,,,,,,,,,,,,,,,,,,,,,,,,,,,,Alabama,Missouri,,,,51.978609606,-11.9,74.331350647,31.59,-22.352741041,-24.864510312,126.309960253,1.12,0.75,17.0,21.0
2026-06-15,Rolling 3-Month,2026-01-01,2026-03-31,,State,,,,,,,,,,,,,,,,migration,,,,,,,,,,,,,,,,,,,,,,,,,,,,,,,,,,,,,,,,,,,,,,,,,,,,,,,,,,,,,,,,,Alabama,Montana,,,,4.543009328,35.71,1.648648649,-77.8,2.894360679,6.97337313,6.191657977,0.1,0.14,40.0,47.0
2026-06-15,Rolling 3-Month,2026-01-01,2026-03-31,,State,,,,,,,,,,,,,,,,migration,,,,,,,,,,,,,,,,,,,,,,,,,,,,,,,,,,,,,,,,,,,,,,,,,,,,,,,,,,,,,,,,,Alabama,Nebraska,,,,10.04357691,29.02,12.82002246,200.76,-2.776445549,-6.298259275,22.86359937,0.22,0.8,33.0,39.0
2026-06-15,Rolling 3-Month,2026-01-01,2026-03-31,,State,,,,,,,,,,,,,,,,migration,,,,,,,,,,,,,,,,,,,,,,,,,,,,,,,,,,,,,,,,,,,,,,,,,,,,,,,,,,,,,,,,,Alabama,Nevada,,,,39.35154123,50.09,54.254936668,21.5,-14.903395438,3.532056124,93.606477898,0.85,0.2,22.0,24.0
2026-06-15,Rolling 3-Month,2026-01-01,2026-03-31,,State,,,,,,,,,,,,,,,,migration,,,,,,,,,,,,,,,,,,,,,,,,,,,,,,,,,,,,,,,,,,,,,,,,,,,,,,,,,,,,,,,,,Alabama,New Hampshire,,,,2.28030303,-42.99,10.852405998,68.96,-8.572102968,-6.149026044,13.132709028,0.05,0.04,44.0,41.0
2026-06-15,Rolling 3-Month,2026-01-01,2026-03-31,,State,,,,,,,,,,,,,,,,migration,,,,,,,,,,,,,,,,,,,,,,,,,,,,,,,,,,,,,,,,,,,,,,,,,,,,,,,,,,,,,,,,,Alabama,New Jersey,,,,10.059782609,2.28,43.043267742,-13.9,-32.983485133,7.173387736,53.103050351,0.22,0.07,32.0,29.0
2026-06-15,Rolling 3-Month,2026-01-01,2026-03-31,,State,,,,,,,,,,,,,,,,migration,,,,,,,,,,,,,,,,,,,,,,,,,,,,,,,,,,,,,,,,,,,,,,,,,,,,,,,,,,,,,,,,,Alabama,New Mexico,,,,4.487038883,11.79,7.430472578,-60.43,-2.943433694,11.820128205,11.917511461,0.1,0.13,41.0,42.0
2026-06-15,Rolling 3-Month,2026-01-01,2026-03-31,,State,,,,,,,,,,,,,,,,migration,,,,,,,,,,,,,,,,,,,,,,,,,,,,,,,,,,,,,,,,,,,,,,,,,,,,,,,,,,,,,,,,,Alabama,New York,,,,50.628589021,-3.66,166.17778726,-28.96,-115.549198239,65.816293343,216.806376281,1.09,0.35,18.0,10.0
2026-06-15,Rolling 3-Month,2026-01-01,2026-03-31,,State,,,,,,,,,,,,,,,,migration,,,,,,,,,,,,,,,,,,,,,,,,,,,,,,,,,,,,,,,,,,,,,,,,,,,,,,,,,,,,,,,,,Alabama,North Carolina,,,,97.252953092,4.27,143.868403771,-1.32,-46.615450679,5.899219272,241.121356863,2.1,0.43,9.0,11.0
2026-06-15,Rolling 3-Month,2026-01-01,2026-03-31,,State,,,,,,,,,,,,,,,,migration,,,,,,,,,,,,,,,,,,,,,,,,,,,,,,,,,,,,,,,,,,,,,,,,,,,,,,,,,,,,,,,,,Alabama,Ohio,,,,40.577436024,58.35,129.059034761,4.53,-88.481598737,9.355594042,169.636470785,0.88,0.46,21.0,14.0
2026-06-15,Rolling 3-Month,2026-01-01,2026-03-31,,State,,,,,,,,,,,,,,,,migration,,,,,,,,,,,,,,,,,,,,,,,,,,,,,,,,,,,,,,,,,,,,,,,,,,,,,,,,,,,,,,,,,Alabama,Oklahoma,,,,19.260917276,-37.17,51.997276081,84.3,-32.736358806,-35.178267692,71.258193357,0.42,0.43,29.0,26.0
2026-06-15,Rolling 3-Month,2026-01-01,2026-03-31,,State,,,,,,,,,,,,,,,,migration,,,,,,,,,,,,,,,,,,,,,,,,,,,,,,,,,,,,,,,,,,,,,,,,,,,,,,,,,,,,,,,,,Alabama,Oregon,,,,41.920503863,34.73,58.91722815,-32.73,-16.996724287,39.476372096,100.837732013,0.91,0.22,20.0,22.0
2026-06-15,Rolling 3-Month,2026-01-01,2026-03-31,,State,,,,,,,,,,,,,,,,migration,,,,,,,,,,,,,,,,,,,,,,,,,,,,,,,,,,,,,,,,,,,,,,,,,,,,,,,,,,,,,,,,,Alabama,Pennsylvania,,,,56.906521881,40.07,106.748283803,27.29,-49.841761922,-6.608497141,163.654805684,1.23,0.34,14.0,16.0
2026-06-15,Rolling 3-Month,2026-01-01,2026-03-31,,State,,,,,,,,,,,,,,,,migration,,,,,,,,,,,,,,,,,,,,,,,,,,,,,,,,,,,,,,,,,,,,,,,,,,,,,,,,,,,,,,,,,Alabama,Rhode Island,,,,1.568103718,-76.64,4.947975223,-17.53,-3.379871505,-4.092908195,6.51607894,0.03,0.07,46.0,45.0
2026-06-15,Rolling 3-Month,2026-01-01,2026-03-31,,State,,,,,,,,,,,,,,,,migration,,,,,,,,,,,,,,,,,,,,,,,,,,,,,,,,,,,,,,,,,,,,,,,,,,,,,,,,,,,,,,,,,Arizona,South Carolina,,,,225.309951119,-21.49,86.703672936,-7.91,138.606278184,-54.209288691,312.013624055,1.36,1.2,20.0,35.0
2026-06-15,Rolling 3-Month,2026-01-01,2026-03-31,,State,,,,,,,,,,,,,,,,migration,,,,,,,,,,,,,,,,,,,,,,,,,,,,,,,,,,,,,,,,,,,,,,,,,,,,,,,,,,,,,,,,,Arizona,South Dakota,,,,27.854495998,-8.87,57.191922415,-8.4,-29.337426417,2.534344254,85.046418413,0.17,3.57,42.0,41.0
2026-06-15,Rolling 3-Month,2026-01-01,2026-03-31,,State,,,,,,,,,,,,,,,,migration,,,,,,,,,,,,,,,,,,,,,,,,,,,,,,,,,,,,,,,,,,,,,,,,,,,,,,,,,,,,,,,,,Arizona,Tennessee,,,,426.809804246,-17.6,215.691413483,6.93,211.118390763,-105.132408768,642.501217729,2.58,2.18,10.0,24.0
2026-06-15,Rolling 3-Month,2026-01-01,2026-03-31,,State,,,,,,,,,,,,,,,,migration,,,,,,,,,,,,,,,,,,,,,,,,,,,,,,,,,,,,,,,,,,,,,,,,,,,,,,,,,,,,,,,,,California,West Virginia,,,,86.731376972,6.21,35.883597884,57.75,50.847779088,-8.064512032,122.614974855,0.08,3.12,49.0,48.0
2026-06-15,Rolling 3-Month,2026-01-01,2026-03-31,,State,,,,,,,,,,,,,,,,migration,,,,,,,,,,,,,,,,,,,,,,,,,,,,,,,,,,,,,,,,,,,,,,,,,,,,,,,,,,,,,,,,,California,South Dakota,,,,109.301597437,-9.05,35.287612613,49.43,74.013984825,-22.552910213,144.58921005,0.1,14.0,46.0,49.0
2026-06-15,Rolling 3-Month,2026-01-01,2026-03-31,,State,,,,,,,,,,,,,,,,migration,,,,,,,,,,,,,,,,,,,,,,,,,,,,,,,,,,,,,,,,,,,,,,,,,,,,,,,,,,,,,,,,,California,Tennessee,,,,4155.226364565,-27.99,634.088866315,-0.82,3521.13749825,-1610.17912046,4789.31523088,3.88,21.22,8.0,21.0
2026-06-15,Rolling 3-Month,2026-01-01,2026-03-31,,State,,,,,,,,,,,,,,,,migration,,,,,,,,,,,,,,,,,,,,,,,,,,,,,,,,,,,,,,,,,,,,,,,,,,,,,,,,,,,,,,,,,California,Texas,,,,12152.369346466,-28.84,5248.093662012,-5.22,6904.275684454,-4636.339199926,17400.463008478,11.36,28.02,2.0,2.0
2026-06-15,Rolling 3-Month,2026-01-01,2026-03-31,,State,,,,,,,,,,,,,,,,migration,,,,,,,,,,,,,,,,,,,,,,,,,,,,,,,,,,,,,,,,,,,,,,,,,,,,,,,,,,,,,,,,,California,Utah,,,,1777.348735311,-23.57,834.487572221,-5.36,942.86116309,-500.838650024,2611.836307533,1.66,32.85,15.0,18.0
2026-06-15,Rolling 3-Month,2026-01-01,2026-03-31,,State,,,,,,,,,,,,,,,,migration,,,,,,,,,,,,,,,,,,,,,,,,,,,,,,,,,,,,,,,,,,,,,,,,,,,,,,,,,,,,,,,,,California,Vermont,,,,108.81146524,-39.46,54.261258311,55.03,54.550206929,-90.171841868,163.072723551,0.1,5.41,47.0,45.0
2026-06-15,Rolling 3-Month,2026-01-01,2026-03-31,,State,,,,,,,,,,,,,,,,migration,,,,,,,,,,,,,,,,,,,,,,,,,,,,,,,,,,,,,,,,,,,,,,,,,,,,,,,,,,,,,,,,,California,Virginia,,,,1630.939657732,-29.48,2026.615529116,32.73,-395.675871384,-1181.416901513,3657.555186848,1.52,8.39,16.0,10.0
2026-06-15,Rolling 3-Month,2026-01-01,2026-03-31,,State,,,,,,,,,,,,,,,,migration,,,,,,,,,,,,,,,,,,,,,,,,,,,,,,,,,,,,,,,,,,,,,,,,,,,,,,,,,,,,,,,,,California,Washington,,,,10410.374213945,-14.3,9326.245617326,-7.8,1084.128596619,-948.071428641,19736.619831271,9.73,33.88,4.0,1.0
2026-06-15,Rolling 3-Month,2026-01-01,2026-03-31,,State,,,,,,,,,,,,,,,,migration,,,,,,,,,,,,,,,,,,,,,,,,,,,,,,,,,,,,,,,,,,,,,,,,,,,,,,,,,,,,,,,,,California,Wisconsin,,,,527.909945568,-35.94,308.062537403,14.54,219.847408165,-335.297683024,835.972482972,0.49,6.09,33.0,28.0
2026-06-15,Rolling 3-Month,2026-01-01,2026-03-31,,State,,,,,,,,,,,,,,,,migration,,,,,,,,,,,,,,,,,,,,,,,,,,,,,,,,,,,,,,,,,,,,,,,,,,,,,,,,,,,,,,,,,California,Rhode Island,,,,128.252850625,-28.18,84.665600903,8.92,43.587249722,-57.254591136,212.918451529,0.12,5.75,45.0,42.0
2026-06-15,Rolling 3-Month,2026-01-01,2026-03-31,,State,,,,,,,,,,,,,,,,migration,,,,,,,,,,,,,,,,,,,,,,,,,,,,,,,,,,,,,,,,,,,,,,,,,,,,,,,,,,,,,,,,,California,Wyoming,,,,169.569325129,4.6,50.657929223,20.21,118.911395906,-1.057170779,220.227254352,0.16,17.98,41.0,47.0
2026-06-15,Rolling 3-Month,2026-01-01,2026-03-31,,State,,,,,,,,,,,,,,,,migration,,,,,,,,,,,,,,,,,,,,,,,,,,,,,,,,,,,,,,,,,,,,,,,,,,,,,,,,,,,,,,,,,Colorado,Alabama,,,,171.375803622,-21.75,69.51681482,-0.66,101.858988801,-47.173072378,240.892618442,1.05,2.57,29.0,38.0
2026-06-15,Rolling 3-Month,2026-01-01,2026-03-31,,State,,,,,,,,,,,,,,,,migration,,,,,,,,,,,,,,,,,,,,,,,,,,,,,,,,,,,,,,,,,,,,,,,,,,,,,,,,,,,,,,,,,Colorado,Alaska,,,,43.269005971,-13.46,36.452678415,54.33,6.816327555,-19.564519476,79.721684386,0.27,4.87,43.0,43.0
2026-06-15,Rolling 3-Month,2026-01-01,2026-03-31,,State,,,,,,,,,,,,,,,,migration,,,,,,,,,,,,,,,,,,,,,,,,,,,,,,,,,,,,,,,,,,,,,,,,,,,,,,,,,,,,,,,,,Colorado,Arizona,,,,1389.950947303,-9.7,895.434664461,-14.73,494.516282842,5.392457355,2285.385611764,8.53,4.07,4.0,6.0
2026-06-15,Rolling 3-Month,2026-01-01,2026-03-31,,State,,,,,,,,,,,,,,,,migration,,,,,,,,,,,,,,,,,,,,,,,,,,,,,,,,,,,,,,,,,,,,,,,,,,,,,,,,,,,,,,,,,Colorado,Arkansas,,,,172.80747193,-27.36,50.21909018,87.75,122.58838175,-88.551063358,223.02656211,1.06,4.11,28.0,40.0
2026-06-15,Rolling 3-Month,2026-01-01,2026-03-31,,State,,,,,,,,,,,,,,,,migration,,,,,,,,,,,,,,,,,,,,,,,,,,,,,,,,,,,,,,,,,,,,,,,,,,,,,,,,,,,,,,,,,Colorado,California,,,,2027.564958023,-4.63,3162.842237553,-8.6,-1135.27727953,199.074000089,5190.407195577,12.44,3.88,1.0,1.0
2026-06-15,Rolling 3-Month,2026-01-01,2026-03-31,,State,,,,,,,,,,,,,,,,migration,,,,,,,,,,,,,,,,,,,,,,,,,,,,,,,,,,,,,,,,,,,,,,,,,,,,,,,,,,,,,,,,,Colorado,Colorado,,,,68369.521828993,-10.11,68369.521828993,-10.11,0.0,0.0,136739.043657986,,,,
2026-06-15,Rolling 3-Month,2026-01-01,2026-03-31,,State,,,,,,,,,,,,,,,,migration,,,,,,,,,,,,,,,,,,,,,,,,,,,,,,,,,,,,,,,,,,,,,,,,,,,,,,,,,,,,,,,,,California,South Carolina,,,,1158.404294552,-32.64,237.612454895,23.68,920.791839657,-606.864911144,1396.016749447,1.08,6.19,20.0,31.0
2026-06-15,Rolling 3-Month,2026-01-01,2026-03-31,,State,,,,,,,,,,,,,,,,migration,,,,,,,,,,,,,,,,,,,,,,,,,,,,,,,,,,,,,,,,,,,,,,,,,,,,,,,,,,,,,,,,,California,Pennsylvania,,,,1312.470582515,-22.4,969.869932955,6.54,342.60064956,-438.33657104,2282.340515469,1.23,7.95,18.0,15.0
2026-06-15,Rolling 3-Month,2026-01-01,2026-03-31,,State,,,,,,,,,,,,,,,,migration,,,,,,,,,,,,,,,,,,,,,,,,,,,,,,,,,,,,,,,,,,,,,,,,,,,,,,,,,,,,,,,,,Arizona,Texas,,,,1307.011069095,-19.57,1317.892499195,-1.92,-10.8814301,-292.22188985,2624.90356829,7.89,3.01,3.0,6.0
2026-06-15,Rolling 3-Month,2026-01-01,2026-03-31,,State,,,,,,,,,,,,,,,,migration,,,,,,,,,,,,,,,,,,,,,,,,,,,,,,,,,,,,,,,,,,,,,,,,,,,,,,,,,,,,,,,,,California,Nevada,,,,12203.027215951,-23.89,2783.536313955,5.09,9419.490901996,-3965.418643961,14986.563529905,11.41,62.2,1.0,6.0
2026-06-15,Rolling 3-Month,2026-01-01,2026-03-31,,State,,,,,,,,,,,,,,,,migration,,,,,,,,,,,,,,,,,,,,,,,,,,,,,,,,,,,,,,,,,,,,,,,,,,,,,,,,,,,,,,,,,California,Massachusetts,,,,1207.548130388,-31.52,1438.677882638,6.84,-231.12975225,-647.862704626,2646.226013026,1.13,12.24,19.0,11.0
2026-06-15,Rolling 3-Month,2026-01-01,2026-03-31,,State,,,,,,,,,,,,,,,,migration,,,,,,,,,,,,,,,,,,,,,,,,,,,,,,,,,,,,,,,,,,,,,,,,,,,,,,,,,,,,,,,,,California,Michigan,,,,1146.659159352,-36.38,842.672561034,19.17,303.986598319,-791.106126969,1989.331720386,1.07,12.13,21.0,17.0
2026-06-15,Rolling 3-Month,2026-01-01,2026-03-31,,State,,,,,,,,,,,,,,,,migration,,,,,,,,,,,,,,,,,,,,,,,,,,,,,,,,,,,,,,,,,,,,,,,,,,,,,,,,,,,,,,,,,California,Minnesota,,,,655.245568936,-45.26,619.362422525,-10.33,35.883146411,-470.37970323,1274.607991461,0.61,13.88,31.0,22.0
2026-06-15,Rolling 3-Month,2026-01-01,2026-03-31,,State,,,,,,,,,,,,,,,,migration,,,,,,,,,,,,,,,,,,,,,,,,,,,,,,,,,,,,,,,,,,,,,,,,,,,,,,,,,,,,,,,,,California,Mississippi,,,,344.523686593,-6.57,52.91503435,43.77,291.608652243,-40.339150975,397.438720943,0.32,11.34,36.0,46.0
2026-06-15,Rolling 3-Month,2026-01-01,2026-03-31,,State,,,,,,,,,,,,,,,,migration,,,,,,,,,,,,,,,,,,,,,,,,,,,,,,,,,,,,,,,,,,,,,,,,,,,,,,,,,,,,,,,,,California,Missouri,,,,867.945439904,-33.67,399.417397927,-4.67,468.528041977,-420.993779639,1267.362837831,0.81,12.6,24.0,23.0
2026-06-15,Rolling 3-Month,2026-01-01,2026-03-31,,State,,,,,,,,,,,,,,,,migration,,,,,,,,,,,,,,,,,,,,,,,,,,,,,,,,,,,,,,,,,,,,,,,,,,,,,,,,,,,,,,,,,California,Montana,,,,675.772619134,2.76,132.839685817,42.34,542.932933317,-21.372821027,808.612304951,0.63,21.03,30.0,36.0
2026-06-15,Rolling 3-Month,2026-01-01,2026-03-31,,State,,,,,,,,,,,,,,,,migration,,,,,,,,,,,,,,,,,,,,,,,,,,,,,,,,,,,,,,,,,,,,,,,,,,,,,,,,,,,,,,,,,California,Nebraska,,,,129.279674841,-43.75,101.825704076,-27.06,27.453970765,-62.793177423,231.105378916,0.12,10.28,44.0,40.0
2026-06-15,Rolling 3-Month,2026-01-01,2026-03-31,,State,,,,,,,,,,,,,,,,migration,,,,,,,,,,,,,,,,,,,,,,,,,,,,,,,,,,,,,,,,,,,,,,,,,,,,,,,,,,,,,,,,,California,New Hampshire,,,,164.406497668,-31.53,99.369352983,39.67,65.037144685,-103.925710954,263.775850651,0.15,2.93,42.0,41.0
2026-06-15,Rolling 3-Month,2026-01-01,2026-03-31,,State,,,,,,,,,,,,,,,,migration,,,,,,,,,,,,,,,,,,,,,,,,,,,,,,,,,,,,,,,,,,,,,,,,,,,,,,,,,,,,,,,,,California,Oregon,,,,7289.861662472,-16.44,3116.662050257,-8.72,4173.199612215,-1136.111727214,10406.523712729,6.82,38.5,5.0,5.0
2026-06-15,Rolling 3-Month,2026-01-01,2026-03-31,,State,,,,,,,,,,,,,,,,migration,,,,,,,,,,,,,,,,,,,,,,,,,,,,,,,,,,,,,,,,,,,,,,,,,,,,,,,,,,,,,,,,,California,New Jersey,,,,620.590968728,-34.09,705.526715229,-0.53,-84.935746501,-317.270182436,1326.117683958,0.58,4.12,32.0,20.0
2026-06-15,Rolling 3-Month,2026-01-01,2026-03-31,,State,,,,,,,,,,,,,,,,migration,,,,,,,,,,,,,,,,,,,,,,,,,,,,,,,,,,,,,,,,,,,,,,,,,,,,,,,,,,,,,,,,,California,New Mexico,,,,702.868644398,-25.38,247.957349943,22.77,454.911294455,-285.093441538,950.825994342,0.66,20.55,27.0,30.0
2026-06-15,Rolling 3-Month,2026-01-01,2026-03-31,,State,,,,,,,,,,,,,,,,migration,,,,,,,,,,,,,,,,,,,,,,,,,,,,,,,,,,,,,,,,,,,,,,,,,,,,,,,,,,,,,,,,,California,New York,,,,2319.84657486,-32.33,2740.452354291,-3.18,-420.605779431,-1017.985212775,5060.298929152,2.17,15.97,14.0,7.0
2026-06-15,Rolling 3-Month,2026-01-01,2026-03-31,,State,,,,,,,,,,,,,,,,migration,,,,,,,,,,,,,,,,,,,,,,,,,,,,,,,,,,,,,,,,,,,,,,,,,,,,,,,,,,,,,,,,,California,North Carolina,,,,2462.057850312,-23.85,866.076132491,-5.0,1595.981717821,-725.659658108,3328.133982802,2.3,10.76,11.0,16.0
2026-06-15,Rolling 3-Month,2026-01-01,2026-03-31,,State,,,,,,,,,,,,,,,,migration,,,,,,,,,,,,,,,,,,,,,,,,,,,,,,,,,,,,,,,,,,,,,,,,,,,,,,,,,,,,,,,,,California,North Dakota,,,,33.226033208,3.7,20.059237372,-21.74,13.166795837,6.755662328,53.28527058,0.03,10.17,50.0,50.0
2026-06-15,Rolling 3-Month,2026-01-01,2026-03-31,,State,,,,,,,,,,,,,,,,migration,,,,,,,,,,,,,,,,,,,,,,,,,,,,,,,,,,,,,,,,,,,,,,,,,,,,,,,,,,,,,,,,,California,Ohio,,,,1558.679289567,-26.19,786.074048783,10.37,772.605240784,-626.982076701,2344.75333835,1.46,17.55,17.0,19.0
2026-06-15,Rolling 3-Month,2026-01-01,2026-03-31,,State,,,,,,,,,,,,,,,,migration,,,,,,,,,,,,,,,,,,,,,,,,,,,,,,,,,,,,,,,,,,,,,,,,,,,,,,,,,,,,,,,,,California,Oklahoma,,,,799.212880862,-29.01,254.559824558,20.89,544.653056304,-370.596454887,1053.772705421,0.75,17.87,25.0,29.0
2026-06-15,Rolling 3-Month,2026-01-01,2026-03-31,,State,,,,,,,,,,,,,,,,migration,,,,,,,,,,,,,,,,,,,,,,,,,,,,,,,,,,,,,,,,,,,,,,,,,,,,,,,,,,,,,,,,,Colorado,Columbia,,,,32.791682959,-34.27,86.832786412,-1.35,-54.041103453,-15.912459083,119.62446937,0.2,0.61,46.0,32.0
2026-06-15,Rolling 3-Month,2026-01-01,2026-03-31,,State,,,,,,,,,,,,,,,,migration,,,,,,,,,,,,,,,,,,,,,,,,,,,,,,,,,,,,,,,,,,,,,,,,,,,,,,,,,,,,,,,,,Colorado,Connecticut,,,,69.63280836,-10.68,73.884283148,78.63,-4.251474788,-40.849596087,143.517091508,0.43,1.31,41.0,37.0
2026-06-15,Rolling 3-Month,2026-01-01,2026-03-31,,State,,,,,,,,,,,,,,,,migration,,,,,,,,,,,,,,,,,,,,,,,,,,,,,,,,,,,,,,,,,,,,,,,,,,,,,,,,,,,,,,,,,Colorado,Delaware,,,,30.924569978,54.83,9.596503497,83.14,21.328066481,6.595073747,40.521073474,0.19,0.7,47.0,50.0
2026-06-15,Rolling 3-Month,2026-01-01,2026-03-31,,State,,,,,,,,,,,,,,,,migration,,,,,,,,,,,,,,,,,,,,,,,,,,,,,,,,,,,,,,,,,,,,,,,,,,,,,,,,,,,,,,,,,Colorado,Oklahoma,,,,239.828895868,-29.76,157.039028315,-9.56,82.789867554,-85.015518469,396.867924183,1.47,5.36,21.0,24.0
2026-06-15,Rolling 3-Month,2026-01-01,2026-03-31,,State,,,,,,,,,,,,,,,,migration,,,,,,,,,,,,,,,,,,,,,,,,,,,,,,,,,,,,,,,,,,,,,,,,,,,,,,,,,,,,,,,,,Colorado,New Hampshire,,,,39.682665433,-6.06,38.249622853,32.95,1.43304258,-12.040584003,77.932288287,0.24,0.71,44.0,42.0
2026-06-15,Rolling 3-Month,2026-01-01,2026-03-31,,State,,,,,,,,,,,,,,,,migration,,,,,,,,,,,,,,,,,,,,,,,,,,,,,,,,,,,,,,,,,,,,,,,,,,,,,,,,,,,,,,,,,Colorado,New Jersey,,,,90.57513745,-25.48,119.899717814,29.73,-29.324580364,-58.439156401,210.474855263,0.56,0.6,37.0,27.0
2026-06-15,Rolling 3-Month,2026-01-01,2026-03-31,,State,,,,,,,,,,,,,,,,migration,,,,,,,,,,,,,,,,,,,,,,,,,,,,,,,,,,,,,,,,,,,,,,,,,,,,,,,,,,,,,,,,,Colorado,New Mexico,,,,325.729453158,-3.88,220.495453153,1.44,105.234000005,-16.282116163,546.224906311,2.0,9.52,11.0,18.0
2026-06-15,Rolling 3-Month,2026-01-01,2026-03-31,,State,,,,,,,,,,,,,,,,migration,,,,,,,,,,,,,,,,,,,,,,,,,,,,,,,,,,,,,,,,,,,,,,,,,,,,,,,,,,,,,,,,,Colorado,New York,,,,279.322624744,-27.9,453.952910276,16.25,-174.630285532,-171.553428169,733.27553502,1.71,1.92,16.0,8.0
2026-06-15,Rolling 3-Month,2026-01-01,2026-03-31,,State,,,,,,,,,,,,,,,,migration,,,,,,,,,,,,,,,,,,,,,,,,,,,,,,,,,,,,,,,,,,,,,,,,,,,,,,,,,,,,,,,,,Colorado,North Carolina,,,,457.13151688,-21.87,268.848759539,-3.76,188.282757341,-117.461307724,725.980276418,2.8,2.0,9.0,12.0
2026-06-15,Rolling 3-Month,2026-01-01,2026-03-31,,State,,,,,,,,,,,,,,,,migration,,,,,,,,,,,,,,,,,,,,,,,,,,,,,,,,,,,,,,,,,,,,,,,,,,,,,,,,,,,,,,,,,Colorado,North Dakota,,,,17.537143826,144.84,15.362068966,23.45,2.175074861,7.456853209,32.899212792,0.11,5.37,50.0,47.0
2026-06-15,Rolling 3-Month,2026-01-01,2026-03-31,,State,,,,,,,,,,,,,,,,migration,,,,,,,,,,,,,,,,,,,,,,,,,,,,,,,,,,,,,,,,,,,,,,,,,,,,,,,,,,,,,,,,,Colorado,Ohio,,,,186.294649478,-41.38,270.980173879,55.17,-84.6855244,-227.845361385,457.274823357,1.14,2.1,27.0,11.0
2026-06-15,Rolling 3-Month,2026-01-01,2026-03-31,,State,,,,,,,,,,,,,,,,migration,,,,,,,,,,,,,,,,,,,,,,,,,,,,,,,,,,,,,,,,,,,,,,,,,,,,,,,,,,,,,,,,,Colorado,Oregon,,,,463.012001982,-10.47,323.149219693,2.24,139.862782289,-61.196449271,786.161221674,2.84,2.45,8.0,9.0
2026-06-15,Rolling 3-Month,2026-01-01,2026-03-31,,State,,,,,,,,,,,,,,,,migration,,,,,,,,,,,,,,,,,,,,,,,,,,,,,,,,,,,,,,,,,,,,,,,,,,,,,,,,,,,,,,,,,Colorado,Florida,,,,1877.31432988,-6.21,973.680386498,-6.72,903.633943382,-54.27539079,2850.994716377,11.52,2.3,2.0,4.0
2026-06-15,Rolling 3-Month,2026-01-01,2026-03-31,,State,,,,,,,,,,,,,,,,migration,,,,,,,,,,,,,,,,,,,,,,,,,,,,,,,,,,,,,,,,,,,,,,,,,,,,,,,,,,,,,,,,,Colorado,Pennsylvania,,,,205.462565996,-9.88,246.000968534,31.26,-40.538402537,-81.09716796,451.46353453,1.26,1.25,24.0,14.0
2026-06-15,Rolling 3-Month,2026-01-01,2026-03-31,,State,,,,,,,,,,,,,,,,migration,,,,,,,,,,,,,,,,,,,,,,,,,,,,,,,,,,,,,,,,,,,,,,,,,,,,,,,,,,,,,,,,,Colorado,Rhode Island,,,,21.346217971,-17.2,15.903302979,-12.07,5.442914992,-2.250073479,37.24952095,0.13,0.96,49.0,46.0
2026-06-15,Rolling 3-Month,2026-01-01,2026-03-31,,State,,,,,,,,,,,,,,,,migration,,,,,,,,,,,,,,,,,,,,,,,,,,,,,,,,,,,,,,,,,,,,,,,,,,,,,,,,,,,,,,,,,Colorado,South Carolina,,,,256.602033108,-37.29,86.391990283,-9.46,170.210042825,-143.586391073,342.994023391,1.57,1.37,18.0,33.0
2026-06-15,Rolling 3-Month,2026-01-01,2026-03-31,,State,,,,,,,,,,,,,,,,migration,,,,,,,,,,,,,,,,,,,,,,,,,,,,,,,,,,,,,,,,,,,,,,,,,,,,,,,,,,,,,,,,,Colorado,South Dakota,,,,82.231457955,-14.61,43.794679234,17.43,38.436778721,-20.563892491,126.026137189,0.5,10.53,39.0,41.0
2026-06-15,Rolling 3-Month,2026-01-01,2026-03-31,,State,,,,,,,,,,,,,,,,migration,,,,,,,,,,,,,,,,,,,,,,,,,,,,,,,,,,,,,,,,,,,,,,,,,,,,,,,,,,,,,,,,,Colorado,Tennessee,,,,484.08601973,-13.41,236.410057952,15.94,247.675961778,-107.469137503,720.496077683,2.97,2.47,7.0,15.0
2026-06-15,Rolling 3-Month,2026-01-01,2026-03-31,,State,,,,,,,,,,,,,,,,migration,,,,,,,,,,,,,,,,,,,,,,,,,,,,,,,,,,,,,,,,,,,,,,,,,,,,,,,,,,,,,,,,,Colorado,Texas,,,,1613.167422891,-26.39,2235.53072718,-17.81,-622.363304289,-93.944762987,3848.698150071,9.9,3.72,3.0,2.0
2026-06-15,Rolling 3-Month,2026-01-01,2026-03-31,,State,,,,,,,,,,,,,,,,migration,,,,,,,,,,,,,,,,,,,,,,,,,,,,,,,,,,,,,,,,,,,,,,,,,,,,,,,,,,,,,,,,,Colorado,Utah,,,,340.160307216,-7.78,228.559175446,-18.08,111.60113177,21.724587623,568.719482662,2.09,6.29,10.0,17.0
2026-06-15,Rolling 3-Month,2026-01-01,2026-03-31,,State,,,,,,,,,,,,,,,,migration,,,,,,,,,,,,,,,,,,,,,,,,,,,,,,,,,,,,,,,,,,,,,,,,,,,,,,,,,,,,,,,,,Colorado,Nevada,,,,255.258928678,-37.12,254.319676158,2.23,0.9392525206,-156.250945881,509.578604836,1.57,1.3,20.0,13.0
2026-06-15,Rolling 3-Month,2026-01-01,2026-03-31,,State,,,,,,,,,,,,,,,,migration,,,,,,,,,,,,,,,,,,,,,,,,,,,,,,,,,,,,,,,,,,,,,,,,,,,,,,,,,,,,,,,,,Colorado,Nebraska,,,,133.623757877,-25.2,90.9123805,-34.31,42.711377377,2.454236944,224.536138378,0.82,10.63,33.0,31.0
2026-06-15,Rolling 3-Month,2026-01-01,2026-03-31,,State,,,,,,,,,,,,,,,,migration,,,,,,,,,,,,,,,,,,,,,,,,,,,,,,,,,,,,,,,,,,,,,,,,,,,,,,,,,,,,,,,,,Colorado,Montana,,,,255.992167382,20.7,119.741935457,-2.44,136.250231926,46.894987116,375.734102839,1.57,7.97,19.0,28.0
2026-06-15,Rolling 3-Month,2026-01-01,2026-03-31,,State,,,,,,,,,,,,,,,,migration,,,,,,,,,,,,,,,,,,,,,,,,,,,,,,,,,,,,,,,,,,,,,,,,,,,,,,,,,,,,,,,,,Colorado,Missouri,,,,292.517879031,-37.08,191.948575605,-7.84,100.569303426,-156.067051184,484.466454636,1.79,4.25,14.0,22.0
2026-06-15,Rolling 3-Month,2026-01-01,2026-03-31,,State,,,,,,,,,,,,,,,,migration,,,,,,,,,,,,,,,,,,,,,,,,,,,,,,,,,,,,,,,,,,,,,,,,,,,,,,,,,,,,,,,,,Colorado,Georgia,,,,288.256577715,-20.85,286.863338168,-5.63,1.393239547,-58.83031515,575.119915883,1.77,1.54,15.0,10.0
2026-06-15,Rolling 3-Month,2026-01-01,2026-03-31,,State,,,,,,,,,,,,,,,,migration,,,,,,,,,,,,,,,,,,,,,,,,,,,,,,,,,,,,,,,,,,,,,,,,,,,,,,,,,,,,,,,,,Colorado,Hawaii,,,,305.93999166,-19.4,213.227870475,-5.08,92.712121185,-62.23484644,519.167862135,1.88,2.88,13.0,19.0
2026-06-15,Rolling 3-Month,2026-01-01,2026-03-31,,State,,,,,,,,,,,,,,,,migration,,,,,,,,,,,,,,,,,,,,,,,,,,,,,,,,,,,,,,,,,,,,,,,,,,,,,,,,,,,,,,,,,Colorado,Idaho,,,,217.613063335,-12.67,86.279533118,9.55,131.333530218,-39.101309733,303.892596453,1.34,2.04,23.0,34.0
2026-06-15,Rolling 3-Month,2026-01-01,2026-03-31,,State,,,,,,,,,,,,,,,,migration,,,,,,,,,,,,,,,,,,,,,,,,,,,,,,,,,,,,,,,,,,,,,,,,,,,,,,,,,,,,,,,,,Colorado,Illinois,,,,548.947205961,-23.64,1062.609934359,7.31,-513.662728398,-242.309287083,1611.55714032,3.37,2.91,6.0,3.0
2026-06-15,Rolling 3-Month,2026-01-01,2026-03-31,,State,,,,,,,,,,,,,,,,migration,,,,,,,,,,,,,,,,,,,,,,,,,,,,,,,,,,,,,,,,,,,,,,,,,,,,,,,,,,,,,,,,,Colorado,Indiana,,,,120.262998318,-20.87,113.18772594,9.09,7.075272378,-41.149223158,233.450724257,0.74,1.35,34.0,30.0
2026-06-15,Rolling 3-Month,2026-01-01,2026-03-31,,State,,,,,,,,,,,,,,,,migration,,,,,,,,,,,,,,,,,,,,,,,,,,,,,,,,,,,,,,,,,,,,,,,,,,,,,,,,,,,,,,,,,Colorado,Iowa,,,,106.205090124,-24.91,73.979422462,37.99,32.225667662,-55.59097087,180.184512586,0.65,5.22,35.0,36.0
2026-06-15,Rolling 3-Month,2026-01-01,2026-03-31,,State,,,,,,,,,,,,,,,,migration,,,,,,,,,,,,,,,,,,,,,,,,,,,,,,,,,,,,,,,,,,,,,,,,,,,,,,,,,,,,,,,,,Colorado,Kansas,,,,196.88868866,-26.54,128.439102523,50.36,68.449586137,-114.142854307,325.327791183,1.21,8.31,25.0,25.0
2026-06-15,Rolling 3-Month,2026-01-01,2026-03-31,,State,,,,,,,,,,,,,,,,migration,,,,,,,,,,,,,,,,,,,,,,,,,,,,,,,,,,,,,,,,,,,,,,,,,,,,,,,,,,,,,,,,,Colorado,Kentucky,,,,86.792248518,-19.57,68.409022725,69.07,18.383225792,-49.067888696,155.201271243,0.53,1.95,38.0,39.0
2026-06-15,Rolling 3-Month,2026-01-01,2026-03-31,,State,,,,,,,,,,,,,,,,migration,,,,,,,,,,,,,,,,,,,,,,,,,,,,,,,,,,,,,,,,,,,,,,,,,,,,,,,,,,,,,,,,,Colorado,Louisiana,,,,101.026875886,-31.01,80.301924418,-6.8,20.724951468,-39.548681143,181.328800304,0.62,1.7,36.0,35.0
2026-06-15,Rolling 3-Month,2026-01-01,2026-03-31,,State,,,,,,,,,,,,,,,,migration,,,,,,,,,,,,,,,,,,,,,,,,,,,,,,,,,,,,,,,,,,,,,,,,,,,,,,,,,,,,,,,,,Colorado,Maine,,,,78.31988028,-52.06,30.389533056,84.75,47.930347225,-98.983579468,108.709413336,0.48,1.4,40.0,44.0
2026-06-15,Rolling 3-Month,2026-01-01,2026-03-31,,State,,,,,,,,,,,,,,,,migration,,,,,,,,,,,,,,,,,,,,,,,,,,,,,,,,,,,,,,,,,,,,,,,,,,,,,,,,,,,,,,,,,Colorado,Maryland,,,,155.423085347,-23.24,229.060666968,1.86,-73.637581621,-51.21966738,384.483752314,0.95,0.9,32.0,16.0
2026-06-15,Rolling 3-Month,2026-01-01,2026-03-31,,State,,,,,,,,,,,,,,,,migration,,,,,,,,,,,,,,,,,,,,,,,,,,,,,,,,,,,,,,,,,,,,,,,,,,,,,,,,,,,,,,,,,Colorado,Massachusetts,,,,157.077145638,-18.14,210.130564097,1.08,-53.053418459,-37.064953418,367.207709735,0.96,1.59,31.0,21.0
2026-06-15,Rolling 3-Month,2026-01-01,2026-03-31,,State,,,,,,,,,,,,,,,,migration,,,,,,,,,,,,,,,,,,,,,,,,,,,,,,,,,,,,,,,,,,,,,,,,,,,,,,,,,,,,,,,,,Colorado,Michigan,,,,269.582331017,-26.1,190.992073843,9.89,78.590257174,-112.397911082,460.57440486,1.65,2.85,17.0,23.0
2026-06-15,Rolling 3-Month,2026-01-01,2026-03-31,,State,,,,,,,,,,,,,,,,migration,,,,,,,,,,,,,,,,,,,,,,,,,,,,,,,,,,,,,,,,,,,,,,,,,,,,,,,,,,,,,,,,,Colorado,Minnesota,,,,224.578930888,-24.73,212.174366998,1.27,12.40456389,-76.457974323,436.753297886,1.38,4.76,22.0,20.0
2026-06-15,Rolling 3-Month,2026-01-01,2026-03-31,,State,,,,,,,,,,,,,,,,migration,,,,,,,,,,,,,,,,,,,,,,,,,,,,,,,,,,,,,,,,,,,,,,,,,,,,,,,,,,,,,,,,,Colorado,Mississippi,,,,50.360677612,-40.98,20.80547253,28.06,29.555205083,-39.522953694,71.166150142,0.31,1.66,42.0,45.0
2026-06-15,Rolling 3-Month,2026-01-01,2026-03-31,,State,,,,,,,,,,,,,,,,migration,,,,,,,,,,,,,,,,,,,,,,,,,,,,,,,,,,,,,,,,,,,,,,,,,,,,,,,,,,,,,,,,,California,Maryland,,,,888.44918289,-24.65,1076.132534751,9.28,-187.683351861,-381.976410787,1964.581717641,0.83,5.13,22.0,13.0
2026-06-15,Rolling 3-Month,2026-01-01,2026-03-31,,State,,,,,,,,,,,,,,,,migration,,,,,,,,,,,,,,,,,,,,,,,,,,,,,,,,,,,,,,,,,,,,,,,,,,,,,,,,,,,,,,,,,California,Maine,,,,309.503869683,-36.09,60.456044389,-4.72,249.047825294,-171.80996544,369.959914073,0.29,5.54,38.0,44.0
2026-06-15,Rolling 3-Month,2026-01-01,2026-03-31,,State,,,,,,,,,,,,,,,,migration,,,,,,,,,,,,,,,,,,,,,,,,,,,,,,,,,,,,,,,,,,,,,,,,,,,,,,,,,,,,,,,,,California,Louisiana,,,,745.671805069,-13.25,153.68700297,-12.58,591.984802099,-91.814929095,899.358808038,0.7,12.52,26.0,34.0
2026-06-15,Rolling 3-Month,2026-01-01,2026-03-31,,State,,,,,,,,,,,,,,,,migration,,,,,,,,,,,,,,,,,,,,,,,,,,,,,,,,,,,,,,,,,,,,,,,,,,,,,,,,,,,,,,,,,Arkansas,Maine,,,,1.0,-84.38,3.0,446.15,-2.0,-7.850704225,4.0,0.06,0.02,48.0,45.0
2026-06-15,Rolling 3-Month,2026-01-01,2026-03-31,,State,,,,,,,,,,,,,,,,migration,,,,,,,,,,,,,,,,,,,,,,,,,,,,,,,,,,,,,,,,,,,,,,,,,,,,,,,,,,,,,,,,,Arkansas,Idaho,,,,8.718309859,-2.29,13.281976744,-38.85,-4.563666885,8.232308151,22.000286603,0.52,0.08,30.0,34.0
2026-06-15,Rolling 3-Month,2026-01-01,2026-03-31,,State,,,,,,,,,,,,,,,,migration,,,,,,,,,,,,,,,,,,,,,,,,,,,,,,,,,,,,,,,,,,,,,,,,,,,,,,,,,,,,,,,,,Arkansas,Illinois,,,,141.507374905,48.25,259.847623712,-13.27,-118.340248807,85.805559249,401.354998617,8.38,0.75,4.0,3.0
2026-06-15,Rolling 3-Month,2026-01-01,2026-03-31,,State,,,,,,,,,,,,,,,,migration,,,,,,,,,,,,,,,,,,,,,,,,,,,,,,,,,,,,,,,,,,,,,,,,,,,,,,,,,,,,,,,,,Arkansas,Indiana,,,,10.678571429,-47.82,44.060348421,195.52,-33.381776992,-38.936783214,54.738919849,0.63,0.12,29.0,19.0
2026-06-15,Rolling 3-Month,2026-01-01,2026-03-31,,State,,,,,,,,,,,,,,,,migration,,,,,,,,,,,,,,,,,,,,,,,,,,,,,,,,,,,,,,,,,,,,,,,,,,,,,,,,,,,,,,,,,Arkansas,Iowa,,,,7.07062765,-12.57,24.692042607,147.16,-17.621414956,-15.718273067,31.762670257,0.42,0.35,34.0,28.0
2026-06-15,Rolling 3-Month,2026-01-01,2026-03-31,,State,,,,,,,,,,,,,,,,migration,,,,,,,,,,,,,,,,,,,,,,,,,,,,,,,,,,,,,,,,,,,,,,,,,,,,,,,,,,,,,,,,,Arkansas,Kansas,,,,12.354202248,29.43,153.023255612,-11.84,-140.669053364,23.356306232,165.37745786,0.73,0.52,25.0,10.0
2026-06-15,Rolling 3-Month,2026-01-01,2026-03-31,,State,,,,,,,,,,,,,,,,migration,,,,,,,,,,,,,,,,,,,,,,,,,,,,,,,,,,,,,,,,,,,,,,,,,,,,,,,,,,,,,,,,,Arkansas,Kentucky,,,,11.964968615,10.43,8.821957447,-33.37,3.143011168,5.549024613,20.786926061,0.71,0.27,28.0,37.0
2026-06-15,Rolling 3-Month,2026-01-01,2026-03-31,,State,,,,,,,,,,,,,,,,migration,,,,,,,,,,,,,,,,,,,,,,,,,,,,,,,,,,,,,,,,,,,,,,,,,,,,,,,,,,,,,,,,,Arkansas,Louisiana,,,,41.255698992,7.52,84.765275444,-4.5,-43.509576452,6.884827854,126.020974437,2.44,0.69,11.0,12.0
2026-06-15,Rolling 3-Month,2026-01-01,2026-03-31,,State,,,,,,,,,,,,,,,,migration,,,,,,,,,,,,,,,,,,,,,,,,,,,,,,,,,,,,,,,,,,,,,,,,,,,,,,,,,,,,,,,,,Arkansas,Maryland,,,,12.344431809,-14.19,36.182161979,8.82,-23.83773017,-4.975155809,48.526593789,0.73,0.07,26.0,24.0
2026-06-15,Rolling 3-Month,2026-01-01,2026-03-31,,State,,,,,,,,,,,,,,,,migration,,,,,,,,,,,,,,,,,,,,,,,,,,,,,,,,,,,,,,,,,,,,,,,,,,,,,,,,,,,,,,,,,Arkansas,New Hampshire,,,,4.0,0.0,5.0,10.27,-1.0,-0.4657878217,9.0,0.24,0.07,39.0,40.0
2026-06-15,Rolling 3-Month,2026-01-01,2026-03-31,,State,,,,,,,,,,,,,,,,migration,,,,,,,,,,,,,,,,,,,,,,,,,,,,,,,,,,,,,,,,,,,,,,,,,,,,,,,,,,,,,,,,,Arkansas,Massachusetts,,,,7.420454545,9.1,20.135609871,-36.34,-12.715155326,12.114846571,27.556064416,0.44,0.08,32.0,31.0
2026-06-15,Rolling 3-Month,2026-01-01,2026-03-31,,State,,,,,,,,,,,,,,,,migration,,,,,,,,,,,,,,,,,,,,,,,,,,,,,,,,,,,,,,,,,,,,,,,,,,,,,,,,,,,,,,,,,Arkansas,Michigan,,,,18.123938786,-49.25,38.398998037,-24.88,-20.275059251,-4.875394843,56.522936823,1.07,0.19,19.0,21.0
2026-06-15,Rolling 3-Month,2026-01-01,2026-03-31,,State,,,,,,,,,,,,,,,,migration,,,,,,,,,,,,,,,,,,,,,,,,,,,,,,,,,,,,,,,,,,,,,,,,,,,,,,,,,,,,,,,,,Arkansas,Minnesota,,,,18.047588365,3.25,48.503783988,-12.67,-30.456195623,7.604757874,66.551372354,1.07,0.38,20.0,17.0
2026-06-15,Rolling 3-Month,2026-01-01,2026-03-31,,State,,,,,,,,,,,,,,,,migration,,,,,,,,,,,,,,,,,,,,,,,,,,,,,,,,,,,,,,,,,,,,,,,,,,,,,,,,,,,,,,,,,Arkansas,Mississippi,,,,39.250384767,-14.54,29.841782615,-24.66,9.408602151,3.091687241,69.092167382,2.32,1.29,13.0,26.0
2026-06-15,Rolling 3-Month,2026-01-01,2026-03-31,,State,,,,,,,,,,,,,,,,migration,,,,,,,,,,,,,,,,,,,,,,,,,,,,,,,,,,,,,,,,,,,,,,,,,,,,,,,,,,,,,,,,,Arkansas,Missouri,,,,115.467142092,37.84,189.74221783,27.4,-74.275075738,-9.105584735,305.209359922,6.84,1.68,5.0,6.0
2026-06-15,Rolling 3-Month,2026-01-01,2026-03-31,,State,,,,,,,,,,,,,,,,migration,,,,,,,,,,,,,,,,,,,,,,,,,,,,,,,,,,,,,,,,,,,,,,,,,,,,,,,,,,,,,,,,,Arkansas,Montana,,,,2.230769231,451.82,11.913909378,197.85,-9.683140148,-6.087395467,14.144678609,0.13,0.07,42.0,36.0
2026-06-15,Rolling 3-Month,2026-01-01,2026-03-31,,State,,,,,,,,,,,,,,,,migration,,,,,,,,,,,,,,,,,,,,,,,,,,,,,,,,,,,,,,,,,,,,,,,,,,,,,,,,,,,,,,,,,Arkansas,Nebraska,,,,7.361563518,47.23,21.618202216,-26.85,-14.256638698,10.297783396,28.979765733,0.44,0.59,33.0,30.0
2026-06-15,Rolling 3-Month,2026-01-01,2026-03-31,,State,,,,,,,,,,,,,,,,migration,,,,,,,,,,,,,,,,,,,,,,,,,,,,,,,,,,,,,,,,,,,,,,,,,,,,,,,,,,,,,,,,,Arkansas,Hawaii,,,,16.118395574,67.83,15.473167769,4.31,0.645227805,5.874706258,31.591563343,0.95,0.15,22.0,32.0
2026-06-15,Rolling 3-Month,2026-01-01,2026-03-31,,State,,,,,,,,,,,,,,,,migration,,,,,,,,,,,,,,,,,,,,,,,,,,,,,,,,,,,,,,,,,,,,,,,,,,,,,,,,,,,,,,,,,Arkansas,Georgia,,,,34.594270066,12.1,72.498940019,-13.53,-37.904669953,15.077453222,107.093210085,2.05,0.18,14.0,13.0
2026-06-15,Rolling 3-Month,2026-01-01,2026-03-31,,State,,,,,,,,,,,,,,,,migration,,,,,,,,,,,,,,,,,,,,,,,,,,,,,,,,,,,,,,,,,,,,,,,,,,,,,,,,,,,,,,,,,Arkansas,Florida,,,,145.280922551,38.98,171.874591584,-36.5,-26.593669033,139.559895319,317.155514136,8.6,0.18,3.0,9.0
2026-06-15,Rolling 3-Month,2026-01-01,2026-03-31,,State,,,,,,,,,,,,,,,,migration,,,,,,,,,,,,,,,,,,,,,,,,,,,,,,,,,,,,,,,,,,,,,,,,,,,,,,,,,,,,,,,,,Arkansas,Delaware,,,,2.0,,3.328571429,,-1.328571429,,5.328571429,0.12,0.05,43.0,43.0
2026-06-15,Rolling 3-Month,2026-01-01,2026-03-31,,State,,,,,,,,,,,,,,,,migration,,,,,,,,,,,,,,,,,,,,,,,,,,,,,,,,,,,,,,,,,,,,,,,,,,,,,,,,,,,,,,,,,Arizona,Utah,,,,306.262406751,-14.61,413.414607628,-8.56,-107.152200877,-13.688391188,719.677014379,1.85,5.66,13.0,13.0
2026-06-15,Rolling 3-Month,2026-01-01,2026-03-31,,State,,,,,,,,,,,,,,,,migration,,,,,,,,,,,,,,,,,,,,,,,,,,,,,,,,,,,,,,,,,,,,,,,,,,,,,,,,,,,,,,,,,Arizona,Vermont,,,,17.84557976,38.04,22.273410124,130.2,-4.427830364,-7.679702906,40.118989884,0.11,0.89,49.0,48.0
2026-06-15,Rolling 3-Month,2026-01-01,2026-03-31,,State,,,,,,,,,,,,,,,,migration,,,,,,,,,,,,,,,,,,,,,,,,,,,,,,,,,,,,,,,,,,,,,,,,,,,,,,,,,,,,,,,,,Arizona,Virginia,,,,199.444776577,-34.52,453.145122651,19.47,-253.700346075,-178.968348218,652.589899228,1.2,1.03,23.0,12.0
2026-06-15,Rolling 3-Month,2026-01-01,2026-03-31,,State,,,,,,,,,,,,,,,,migration,,,,,,,,,,,,,,,,,,,,,,,,,,,,,,,,,,,,,,,,,,,,,,,,,,,,,,,,,,,,,,,,,Arizona,Washington,,,,1606.443938484,-12.96,6965.142024727,-3.87,-5358.698086243,41.061158357,8571.585963211,9.7,5.23,2.0,2.0
2026-06-15,Rolling 3-Month,2026-01-01,2026-03-31,,State,,,,,,,,,,,,,,,,migration,,,,,,,,,,,,,,,,,,,,,,,,,,,,,,,,,,,,,,,,,,,,,,,,,,,,,,,,,,,,,,,,,Arizona,West Virginia,,,,22.195112095,19.7,9.632917753,-30.2,12.562194342,7.819474182,31.828029848,0.13,0.8,46.0,50.0
2026-06-15,Rolling 3-Month,2026-01-01,2026-03-31,,State,,,,,,,,,,,,,,,,migration,,,,,,,,,,,,,,,,,,,,,,,,,,,,,,,,,,,,,,,,,,,,,,,,,,,,,,,,,,,,,,,,,Arizona,Wisconsin,,,,253.139207498,-29.7,338.674756965,31.26,-85.535549468,-187.592655135,591.813964463,1.53,2.92,17.0,15.0
2026-06-15,Rolling 3-Month,2026-01-01,2026-03-31,,State,,,,,,,,,,,,,,,,migration,,,,,,,,,,,,,,,,,,,,,,,,,,,,,,,,,,,,,,,,,,,,,,,,,,,,,,,,,,,,,,,,,Arizona,Wyoming,,,,27.393120666,-21.19,86.424252874,7.37,-59.031132208,-13.299406516,113.817373539,0.17,2.9,43.0,36.0
2026-06-15,Rolling 3-Month,2026-01-01,2026-03-31,,State,,,,,,,,,,,,,,,,migration,,,,,,,,,,,,,,,,,,,,,,,,,,,,,,,,,,,,,,,,,,,,,,,,,,,,,,,,,,,,,,,,,Arkansas,Alabama,,,,39.765763536,73.32,36.239046764,6.61,3.526716772,14.575441475,76.0048103,2.36,0.6,12.0,23.0
2026-06-15,Rolling 3-Month,2026-01-01,2026-03-31,,State,,,,,,,,,,,,,,,,migration,,,,,,,,,,,,,,,,,,,,,,,,,,,,,,,,,,,,,,,,,,,,,,,,,,,,,,,,,,,,,,,,,Arkansas,Alaska,,,,1.174242424,-55.34,1.431932077,-64.2,-0.2576896528,1.113082586,2.606174501,0.07,0.13,46.0,47.0
2026-06-15,Rolling 3-Month,2026-01-01,2026-03-31,,State,,,,,,,,,,,,,,,,migration,,,,,,,,,,,,,,,,,,,,,,,,,,,,,,,,,,,,,,,,,,,,,,,,,,,,,,,,,,,,,,,,,Arkansas,Arizona,,,,44.047093158,28.61,125.096234009,-5.19,-81.049140851,16.643185322,169.143327166,2.61,0.13,9.0,11.0
2026-06-15,Rolling 3-Month,2026-01-01,2026-03-31,,State,,,,,,,,,,,,,,,,migration,,,,,,,,,,,,,,,,,,,,,,,,,,,,,,,,,,,,,,,,,,,,,,,,,,,,,,,,,,,,,,,,,Arkansas,Arkansas,,,,3773.625241973,-6.0,3773.625241973,-6.0,0.0,0.0,7547.250483947,,,,
2026-06-15,Rolling 3-Month,2026-01-01,2026-03-31,,State,,,,,,,,,,,,,,,,migration,,,,,,,,,,,,,,,,,,,,,,,,,,,,,,,,,,,,,,,,,,,,,,,,,,,,,,,,,,,,,,,,,Arkansas,California,,,,101.917141156,37.31,679.156560402,-24.96,-577.239419246,253.600337454,781.073701558,6.04,0.2,6.0,2.0
2026-06-15,Rolling 3-Month,2026-01-01,2026-03-31,,State,,,,,,,,,,,,,,,,migration,,,,,,,,,,,,,,,,,,,,,,,,,,,,,,,,,,,,,,,,,,,,,,,,,,,,,,,,,,,,,,,,,Arkansas,Colorado,,,,50.21909018,87.75,172.80747193,-27.36,-122.58838175,88.551063358,223.02656211,2.97,0.32,8.0,8.0
2026-06-15,Rolling 3-Month,2026-01-01,2026-03-31,,State,,,,,,,,,,,,,,,,migration,,,,,,,,,,,,,,,,,,,,,,,,,,,,,,,,,,,,,,,,,,,,,,,,,,,,,,,,,,,,,,,,,Arkansas,Columbia,,,,1.420289855,-87.26,4.2,-68.26,-2.779710145,-0.6902656153,5.620289855,0.08,0.03,45.0,42.0
2026-06-15,Rolling 3-Month,2026-01-01,2026-03-31,,State,,,,,,,,,,,,,,,,migration,,,,,,,,,,,,,,,,,,,,,,,,,,,,,,,,,,,,,,,,,,,,,,,,,,,,,,,,,,,,,,,,,Arkansas,Connecticut,,,,3.884821177,288.48,3.164776252,-66.03,0.7200449255,9.036355942,7.049597429,0.23,0.07,40.0,44.0
2026-06-15,Rolling 3-Month,2026-01-01,2026-03-31,,State,,,,,,,,,,,,,,,,migration,,,,,,,,,,,,,,,,,,,,,,,,,,,,,,,,,,,,,,,,,,,,,,,,,,,,,,,,,,,,,,,,,Arkansas,Nevada,,,,7.663837129,-41.05,47.838847867,-42.45,-40.175010738,29.946556782,55.502684996,0.45,0.04,31.0,18.0
2026-06-15,Rolling 3-Month,2026-01-01,2026-03-31,,State,,,,,,,,,,,,,,,,migration,,,,,,,,,,,,,,,,,,,,,,,,,,,,,,,,,,,,,,,,,,,,,,,,,,,,,,,,,,,,,,,,,Arkansas,New Jersey,,,,5.505494505,-31.72,6.0,-73.28,-0.4945054945,13.901014851,11.505494505,0.33,0.04,38.0,39.0
2026-06-15,Rolling 3-Month,2026-01-01,2026-03-31,,State,,,,,,,,,,,,,,,,migration,,,,,,,,,,,,,,,,,,,,,,,,,,,,,,,,,,,,,,,,,,,,,,,,,,,,,,,,,,,,,,,,,California,Kentucky,,,,441.792432607,-37.47,136.962108933,-3.36,304.830323674,-259.917009293,578.754541541,0.41,9.94,34.0,35.0
2026-06-15,Rolling 3-Month,2026-01-01,2026-03-31,,State,,,,,,,,,,,,,,,,migration,,,,,,,,,,,,,,,,,,,,,,,,,,,,,,,,,,,,,,,,,,,,,,,,,,,,,,,,,,,,,,,,,California,Delaware,,,,96.584612593,-28.31,65.449878499,39.15,31.134734094,-56.553717662,162.034491091,0.09,2.19,48.0,43.0
2026-06-15,Rolling 3-Month,2026-01-01,2026-03-31,,State,,,,,,,,,,,,,,,,migration,,,,,,,,,,,,,,,,,,,,,,,,,,,,,,,,,,,,,,,,,,,,,,,,,,,,,,,,,,,,,,,,,California,Alaska,,,,129.36175153,-15.79,107.990276701,4.32,21.371474829,-28.726852106,237.352028231,0.12,14.56,43.0,38.0
2026-06-15,Rolling 3-Month,2026-01-01,2026-03-31,,State,,,,,,,,,,,,,,,,migration,,,,,,,,,,,,,,,,,,,,,,,,,,,,,,,,,,,,,,,,,,,,,,,,,,,,,,,,,,,,,,,,,California,Arizona,,,,11202.26223309,-10.68,3398.076160118,-1.11,7804.186072972,-1300.4803441,14600.338393208,10.47,32.79,3.0,3.0
2026-06-15,Rolling 3-Month,2026-01-01,2026-03-31,,State,,,,,,,,,,,,,,,,migration,,,,,,,,,,,,,,,,,,,,,,,,,,,,,,,,,,,,,,,,,,,,,,,,,,,,,,,,,,,,,,,,,California,Arkansas,,,,679.156560402,-24.96,101.917141156,37.31,577.239419246,-253.600337454,781.073701558,0.63,16.17,29.0,39.0
2026-06-15,Rolling 3-Month,2026-01-01,2026-03-31,,State,,,,,,,,,,,,,,,,migration,,,,,,,,,,,,,,,,,,,,,,,,,,,,,,,,,,,,,,,,,,,,,,,,,,,,,,,,,,,,,,,,,California,California,,,,990813.473473596,-12.49,990813.473473596,-12.49,0.0,0.0,1981626.94694719,,,,
2026-06-15,Rolling 3-Month,2026-01-01,2026-03-31,,State,,,,,,,,,,,,,,,,migration,,,,,,,,,,,,,,,,,,,,,,,,,,,,,,,,,,,,,,,,,,,,,,,,,,,,,,,,,,,,,,,,,California,Colorado,,,,3162.842237553,-8.6,2027.564958023,-4.63,1135.27727953,-199.074000089,5190.407195577,2.96,19.97,9.0,9.0
2026-06-15,Rolling 3-Month,2026-01-01,2026-03-31,,State,,,,,,,,,,,,,,,,migration,,,,,,,,,,,,,,,,,,,,,,,,,,,,,,,,,,,,,,,,,,,,,,,,,,,,,,,,,,,,,,,,,California,Columbia,,,,287.255017669,-33.63,362.986225999,-20.19,-75.73120833,-53.737241127,650.241243669,0.27,5.37,39.0,26.0
2026-06-15,Rolling 3-Month,2026-01-01,2026-03-31,,State,,,,,,,,,,,,,,,,migration,,,,,,,,,,,,,,,,,,,,,,,,,,,,,,,,,,,,,,,,,,,,,,,,,,,,,,,,,,,,,,,,,California,Connecticut,,,,382.487140242,-43.47,331.645404526,21.42,50.841735716,-352.58100472,714.132544769,0.36,7.22,35.0,27.0
2026-06-15,Rolling 3-Month,2026-01-01,2026-03-31,,State,,,,,,,,,,,,,,,,migration,,,,,,,,,,,,,,,,,,,,,,,,,,,,,,,,,,,,,,,,,,,,,,,,,,,,,,,,,,,,,,,,,California,Florida,,,,6967.295668151,-8.12,2346.138178672,1.04,4621.157489479,-639.797637038,9313.433846822,6.51,8.55,6.0,8.0
2026-06-15,Rolling 3-Month,2026-01-01,2026-03-31,,State,,,,,,,,,,,,,,,,migration,,,,,,,,,,,,,,,,,,,,,,,,,,,,,,,,,,,,,,,,,,,,,,,,,,,,,,,,,,,,,,,,,Arkansas,New Mexico,,,,7.0,-15.7,14.0,43.79,-7.0,-5.567354946,21.0,0.41,0.2,35.0,33.0
2026-06-15,Rolling 3-Month,2026-01-01,2026-03-31,,State,,,,,,,,,,,,,,,,migration,,,,,,,,,,,,,,,,,,,,,,,,,,,,,,,,,,,,,,,,,,,,,,,,,,,,,,,,,,,,,,,,,California,Georgia,,,,2458.81156752,-28.09,1059.678799829,-4.31,1399.132767691,-912.724972134,3518.490367349,2.3,13.12,12.0,14.0
2026-06-15,Rolling 3-Month,2026-01-01,2026-03-31,,State,,,,,,,,,,,,,,,,migration,,,,,,,,,,,,,,,,,,,,,,,,,,,,,,,,,,,,,,,,,,,,,,,,,,,,,,,,,,,,,,,,,California,Hawaii,,,,4699.328699428,-27.12,1344.24800829,1.77,3355.080691137,-1772.44292194,6043.576707718,4.39,44.28,7.0,12.0
2026-06-15,Rolling 3-Month,2026-01-01,2026-03-31,,State,,,,,,,,,,,,,,,,migration,,,,,,,,,,,,,,,,,,,,,,,,,,,,,,,,,,,,,,,,,,,,,,,,,,,,,,,,,,,,,,,,,California,Idaho,,,,3076.691716616,-5.64,365.069144232,-14.94,2711.622572384,-119.728275285,3441.760860849,2.88,28.89,10.0,25.0
2026-06-15,Rolling 3-Month,2026-01-01,2026-03-31,,State,,,,,,,,,,,,,,,,migration,,,,,,,,,,,,,,,,,,,,,,,,,,,,,,,,,,,,,,,,,,,,,,,,,,,,,,,,,,,,,,,,,California,Illinois,,,,2424.090988485,-29.21,3362.428305678,3.02,-938.337317193,-1099.053108071,5786.519294164,2.27,12.84,13.0,4.0
2026-06-15,Rolling 3-Month,2026-01-01,2026-03-31,,State,,,,,,,,,,,,,,,,migration,,,,,,,,,,,,,,,,,,,,,,,,,,,,,,,,,,,,,,,,,,,,,,,,,,,,,,,,,,,,,,,,,California,Indiana,,,,876.885756266,-23.84,393.397757213,21.36,483.487999053,-343.79268264,1270.283513479,0.82,9.81,23.0,24.0
2026-06-15,Rolling 3-Month,2026-01-01,2026-03-31,,State,,,,,,,,,,,,,,,,migration,,,,,,,,,,,,,,,,,,,,,,,,,,,,,,,,,,,,,,,,,,,,,,,,,,,,,,,,,,,,,,,,,California,Iowa,,,,219.437955651,-28.58,130.836670581,31.88,88.60128507,-119.438042268,350.274626232,0.21,10.78,40.0,37.0
2026-06-15,Rolling 3-Month,2026-01-01,2026-03-31,,State,,,,,,,,,,,,,,,,migration,,,,,,,,,,,,,,,,,,,,,,,,,,,,,,,,,,,,,,,,,,,,,,,,,,,,,,,,,,,,,,,,,California,Kansas,,,,322.848855051,-9.56,177.861265677,16.01,144.987589375,-58.65340022,500.710120728,0.3,13.62,37.0,32.0
2026-06-15,Rolling 3-Month,2026-01-01,2026-03-31,,State,,,,,,,,,,,,,,,,migration,,,,,,,,,,,,,,,,,,,,,,,,,,,,,,,,,,,,,,,,,,,,,,,,,,,,,,,,,,,,,,,,,California,Alabama,,,,680.306822675,-19.51,161.565145675,4.16,518.741677,-171.380880455,841.87196835,0.64,10.19,28.0,33.0
2026-06-15,Rolling 3-Month,2026-01-01,2026-03-31,,State,,,,,,,,,,,,,,,,migration,,,,,,,,,,,,,,,,,,,,,,,,,,,,,,,,,,,,,,,,,,,,,,,,,,,,,,,,,,,,,,,,,Arkansas,Wyoming,,,,3.0,200.0,6.794146936,19.01,-3.794146936,0.9147138235,9.794146936,0.18,0.32,41.0,38.0
2026-06-15,Rolling 3-Month,2026-01-01,2026-03-31,,State,,,,,,,,,,,,,,,,migration,,,,,,,,,,,,,,,,,,,,,,,,,,,,,,,,,,,,,,,,,,,,,,,,,,,,,,,,,,,,,,,,,Arkansas,Wisconsin,,,,25.40304326,41.13,40.788821443,3.08,-15.385778183,6.184783841,66.191864702,1.5,0.29,16.0,20.0
2026-06-15,Rolling 3-Month,2026-01-01,2026-03-31,,State,,,,,,,,,,,,,,,,migration,,,,,,,,,,,,,,,,,,,,,,,,,,,,,,,,,,,,,,,,,,,,,,,,,,,,,,,,,,,,,,,,,Arkansas,West Virginia,,,,0.75,-71.95,3.0,50.0,-2.25,-2.924242424,3.75,0.04,0.03,49.0,46.0
2026-06-15,Rolling 3-Month,2026-01-01,2026-03-31,,State,,,,,,,,,,,,,,,,migration,,,,,,,,,,,,,,,,,,,,,,,,,,,,,,,,,,,,,,,,,,,,,,,,,,,,,,,,,,,,,,,,,Arkansas,New York,,,,18.752990863,46.87,60.026953472,-24.16,-41.273962609,25.112075872,78.779944335,1.11,0.13,18.0,15.0
2026-06-15,Rolling 3-Month,2026-01-01,2026-03-31,,State,,,,,,,,,,,,,,,,migration,,,,,,,,,,,,,,,,,,,,,,,,,,,,,,,,,,,,,,,,,,,,,,,,,,,,,,,,,,,,,,,,,Arkansas,North Carolina,,,,42.776802709,58.3,29.427273997,-0.95,13.349528713,16.035196739,72.204076706,2.53,0.19,10.0,27.0
2026-06-15,Rolling 3-Month,2026-01-01,2026-03-31,,State,,,,,,,,,,,,,,,,migration,,,,,,,,,,,,,,,,,,,,,,,,,,,,,,,,,,,,,,,,,,,,,,,,,,,,,,,,,,,,,,,,,Arkansas,North Dakota,,,,1.0,,4.434210526,,-3.434210526,,5.434210526,0.06,0.31,47.0,41.0
2026-06-15,Rolling 3-Month,2026-01-01,2026-03-31,,State,,,,,,,,,,,,,,,,migration,,,,,,,,,,,,,,,,,,,,,,,,,,,,,,,,,,,,,,,,,,,,,,,,,,,,,,,,,,,,,,,,,Arkansas,Ohio,,,,13.0,-31.65,31.265171608,26.11,-18.265171608,-12.492261884,44.265171608,0.77,0.15,24.0,25.0
2026-06-15,Rolling 3-Month,2026-01-01,2026-03-31,,State,,,,,,,,,,,,,,,,migration,,,,,,,,,,,,,,,,,,,,,,,,,,,,,,,,,,,,,,,,,,,,,,,,,,,,,,,,,,,,,,,,,Arkansas,Oklahoma,,,,93.714768593,22.53,174.11821783,9.42,-80.403449237,2.24084608,267.832986422,5.55,2.1,7.0,7.0
2026-06-15,Rolling 3-Month,2026-01-01,2026-03-31,,State,,,,,,,,,,,,,,,,migration,,,,,,,,,,,,,,,,,,,,,,,,,,,,,,,,,,,,,,,,,,,,,,,,,,,,,,,,,,,,,,,,,Arkansas,Oregon,,,,16.587376518,-4.56,50.350209819,-46.78,-33.762833301,43.459192201,66.937586337,0.98,0.09,21.0,16.0
2026-06-15,Rolling 3-Month,2026-01-01,2026-03-31,,State,,,,,,,,,,,,,,,,migration,,,,,,,,,,,,,,,,,,,,,,,,,,,,,,,,,,,,,,,,,,,,,,,,,,,,,,,,,,,,,,,,,Arkansas,Pennsylvania,,,,13.635683009,1.81,23.6249436,-24.52,-9.989260591,7.918564875,37.260626608,0.81,0.08,23.0,29.0
2026-06-15,Rolling 3-Month,2026-01-01,2026-03-31,,State,,,,,,,,,,,,,,,,migration,,,,,,,,,,,,,,,,,,,,,,,,,,,,,,,,,,,,,,,,,,,,,,,,,,,,,,,,,,,,,,,,,Arkansas,Rhode Island,,,,1.622641509,,0.0,,1.622641509,,1.622641509,0.1,0.07,44.0,49.0
2026-06-15,Rolling 3-Month,2026-01-01,2026-03-31,,State,,,,,,,,,,,,,,,,migration,,,,,,,,,,,,,,,,,,,,,,,,,,,,,,,,,,,,,,,,,,,,,,,,,,,,,,,,,,,,,,,,,Arkansas,South Carolina,,,,12.291622759,-37.22,12.605543735,-27.82,-0.3139209759,-2.430138222,24.897166494,0.73,0.07,27.0,35.0
2026-06-15,Rolling 3-Month,2026-01-01,2026-03-31,,State,,,,,,,,,,,,,,,,migration,,,,,,,,,,,,,,,,,,,,,,,,,,,,,,,,,,,,,,,,,,,,,,,,,,,,,,,,,,,,,,,,,Arkansas,South Dakota,,,,6.0,1144.44,1.0,-50.0,5.0,6.517857143,7.0,0.36,0.77,37.0,48.0
2026-06-15,Rolling 3-Month,2026-01-01,2026-03-31,,State,,,,,,,,,,,,,,,,migration,,,,,,,,,,,,,,,,,,,,,,,,,,,,,,,,,,,,,,,,,,,,,,,,,,,,,,,,,,,,,,,,,Arkansas,Tennessee,,,,185.722871599,-1.0,194.460739002,-5.28,-8.737867403,8.955191028,380.183610601,11.0,0.95,2.0,5.0
2026-06-15,Rolling 3-Month,2026-01-01,2026-03-31,,State,,,,,,,,,,,,,,,,migration,,,,,,,,,,,,,,,,,,,,,,,,,,,,,,,,,,,,,,,,,,,,,,,,,,,,,,,,,,,,,,,,,Arkansas,Texas,,,,278.696496303,15.61,875.689279966,-25.28,-596.992783663,333.868689583,1154.385776269,16.51,0.64,1.0,1.0
2026-06-15,Rolling 3-Month,2026-01-01,2026-03-31,,State,,,,,,,,,,,,,,,,migration,,,,,,,,,,,,,,,,,,,,,,,,,,,,,,,,,,,,,,,,,,,,,,,,,,,,,,,,,,,,,,,,,Arkansas,Utah,,,,7.0,20.1,37.659188483,-10.03,-30.659188483,5.370924971,44.659188483,0.41,0.13,36.0,22.0
2026-06-15,Rolling 3-Month,2026-01-01,2026-03-31,,State,,,,,,,,,,,,,,,,migration,,,,,,,,,,,,,,,,,,,,,,,,,,,,,,,,,,,,,,,,,,,,,,,,,,,,,,,,,,,,,,,,,Arkansas,Virginia,,,,19.544643184,0.05,65.516250507,-25.71,-45.971607322,22.686427031,85.060893691,1.16,0.1,17.0,14.0
2026-06-15,Rolling 3-Month,2026-01-01,2026-03-31,,State,,,,,,,,,,,,,,,,migration,,,,,,,,,,,,,,,,,,,,,,,,,,,,,,,,,,,,,,,,,,,,,,,,,,,,,,,,,,,,,,,,,Arkansas,Washington,,,,29.488429597,-24.37,242.706996857,-13.11,-213.21856726,27.118919168,272.195426454,1.75,0.1,15.0,4.0
2026-06-15,Rolling 3-Month,2026-01-01,2026-03-31,,State,,,,,,,,,,,,,,,,migration,,,,,,,,,,,,,,,,,,,,,,,,,,,,,,,,,,,,,,,,,,,,,,,,,,,,,,,,,,,,,,,,,Idaho,Iowa,,,,2.509803922,40.52,4.645200048,-48.39,-2.135396126,5.078524806,7.15500397,0.11,0.12,43.0,41.0
2026-06-15,Rolling 3-Month,2026-01-01,2026-03-31,,State,,,,,,,,,,,,,,,,migration,,,,,,,,,,,,,,,,,,,,,,,,,,,,,,,,,,,,,,,,,,,,,,,,,,,,,,,,,,,,,,,,,Idaho,Arkansas,,,,13.281976744,-38.85,8.718309859,-2.29,4.563666885,-8.232308151,22.000286603,0.57,0.32,26.0,30.0
2026-06-15,Rolling 3-Month,2026-01-01,2026-03-31,,State,,,,,,,,,,,,,,,,migration,,,,,,,,,,,,,,,,,,,,,,,,,,,,,,,,,,,,,,,,,,,,,,,,,,,,,,,,,,,,,,,,,Idaho,Kentucky,,,,3.242575154,-75.83,5.723684211,290.89,-2.481109057,-14.433340134,8.966259364,0.14,0.07,42.0,38.0
2026-06-15,Rolling 3-Month,2026-01-01,2026-03-31,,State,,,,,,,,,,,,,,,,migration,,,,,,,,,,,,,,,,,,,,,,,,,,,,,,,,,,,,,,,,,,,,,,,,,,,,,,,,,,,,,,,,,Maryland,Rhode Island,,,,19.451316015,-39.28,17.564574699,-11.18,1.886741315,-10.370321165,37.015890714,0.09,0.87,43.0,37.0
2026-06-15,Rolling 3-Month,2026-01-01,2026-03-31,,State,,,,,,,,,,,,,,,,migration,,,,,,,,,,,,,,,,,,,,,,,,,,,,,,,,,,,,,,,,,,,,,,,,,,,,,,,,,,,,,,,,,Maryland,New York,,,,458.364746721,-20.99,1501.002682953,-21.56,-1042.637936232,290.796899666,1959.367429674,2.03,3.16,12.0,3.0
2026-06-15,Rolling 3-Month,2026-01-01,2026-03-31,,State,,,,,,,,,,,,,,,,migration,,,,,,,,,,,,,,,,,,,,,,,,,,,,,,,,,,,,,,,,,,,,,,,,,,,,,,,,,,,,,,,,,Maryland,North Carolina,,,,1219.419097729,0.8,520.702595919,6.97,698.71650181,-24.315147314,1740.121693649,5.41,5.33,5.0,7.0
2026-06-15,Rolling 3-Month,2026-01-01,2026-03-31,,State,,,,,,,,,,,,,,,,migration,,,,,,,,,,,,,,,,,,,,,,,,,,,,,,,,,,,,,,,,,,,,,,,,,,,,,,,,,,,,,,,,,Maryland,North Dakota,,,,3.0,50.0,1.070986582,-64.3,1.929013418,2.929013418,4.070986582,0.01,0.92,50.0,48.0
2026-06-15,Rolling 3-Month,2026-01-01,2026-03-31,,State,,,,,,,,,,,,,,,,migration,,,,,,,,,,,,,,,,,,,,,,,,,,,,,,,,,,,,,,,,,,,,,,,,,,,,,,,,,,,,,,,,,Maryland,Ohio,,,,190.010303766,-27.92,260.16958489,23.41,-70.159281125,-122.940405696,450.179888656,0.84,2.14,20.0,14.0
2026-06-15,Rolling 3-Month,2026-01-01,2026-03-31,,State,,,,,,,,,,,,,,,,migration,,,,,,,,,,,,,,,,,,,,,,,,,,,,,,,,,,,,,,,,,,,,,,,,,,,,,,,,,,,,,,,,,Maryland,Oklahoma,,,,39.600008857,-21.59,29.261789578,-7.18,10.338219279,-8.642572457,68.861798435,0.18,0.89,36.0,35.0
2026-06-15,Rolling 3-Month,2026-01-01,2026-03-31,,State,,,,,,,,,,,,,,,,migration,,,,,,,,,,,,,,,,,,,,,,,,,,,,,,,,,,,,,,,,,,,,,,,,,,,,,,,,,,,,,,,,,Maryland,Oregon,,,,110.291750909,16.41,73.765129828,13.93,36.526621081,6.525476136,184.056880737,0.49,0.58,25.0,26.0
2026-06-15,Rolling 3-Month,2026-01-01,2026-03-31,,State,,,,,,,,,,,,,,,,migration,,,,,,,,,,,,,,,,,,,,,,,,,,,,,,,,,,,,,,,,,,,,,,,,,,,,,,,,,,,,,,,,,Maryland,Pennsylvania,,,,1484.224755079,-11.27,1235.307118775,-10.41,248.917636304,-44.952038363,2719.531873853,6.59,9.0,4.0,4.0
2026-06-15,Rolling 3-Month,2026-01-01,2026-03-31,,State,,,,,,,,,,,,,,,,migration,,,,,,,,,,,,,,,,,,,,,,,,,,,,,,,,,,,,,,,,,,,,,,,,,,,,,,,,,,,,,,,,,Maryland,South Carolina,,,,852.956641066,-14.15,161.969108991,4.24,690.987532075,-147.183469874,1014.925750057,3.78,4.56,9.0,17.0
2026-06-15,Rolling 3-Month,2026-01-01,2026-03-31,,State,,,,,,,,,,,,,,,,migration,,,,,,,,,,,,,,,,,,,,,,,,,,,,,,,,,,,,,,,,,,,,,,,,,,,,,,,,,,,,,,,,,Maryland,New Jersey,,,,219.094643242,-14.36,313.05681645,-18.53,-93.962173208,34.451120926,532.151459692,0.97,1.46,18.0,10.0
2026-06-15,Rolling 3-Month,2026-01-01,2026-03-31,,State,,,,,,,,,,,,,,,,migration,,,,,,,,,,,,,,,,,,,,,,,,,,,,,,,,,,,,,,,,,,,,,,,,,,,,,,,,,,,,,,,,,Maryland,South Dakota,,,,8.0,41.62,0.0,,8.0,2.351098901,8.0,0.04,1.02,48.0,50.0
2026-06-15,Rolling 3-Month,2026-01-01,2026-03-31,,State,,,,,,,,,,,,,,,,migration,,,,,,,,,,,,,,,,,,,,,,,,,,,,,,,,,,,,,,,,,,,,,,,,,,,,,,,,,,,,,,,,,Maryland,Tennessee,,,,299.250699713,-7.73,116.764716583,-16.48,182.48598313,-2.02555138,416.015416296,1.33,1.53,14.0,21.0
2026-06-15,Rolling 3-Month,2026-01-01,2026-03-31,,State,,,,,,,,,,,,,,,,migration,,,,,,,,,,,,,,,,,,,,,,,,,,,,,,,,,,,,,,,,,,,,,,,,,,,,,,,,,,,,,,,,,Maryland,Texas,,,,1066.899295951,-2.18,517.620952753,-18.71,549.278343198,95.343593106,1584.520248703,4.73,2.46,7.0,8.0
2026-06-15,Rolling 3-Month,2026-01-01,2026-03-31,,State,,,,,,,,,,,,,,,,migration,,,,,,,,,,,,,,,,,,,,,,,,,,,,,,,,,,,,,,,,,,,,,,,,,,,,,,,,,,,,,,,,,Maryland,Utah,,,,44.313245776,-26.59,33.245495501,-19.21,11.067750275,-8.14683837,77.558741277,0.2,0.82,34.0,34.0
2026-06-15,Rolling 3-Month,2026-01-01,2026-03-31,,State,,,,,,,,,,,,,,,,migration,,,,,,,,,,,,,,,,,,,,,,,,,,,,,,,,,,,,,,,,,,,,,,,,,,,,,,,,,,,,,,,,,Maryland,Vermont,,,,37.630572031,-45.95,14.823005093,12.27,22.807566937,-33.609358552,52.453577124,0.17,1.87,37.0,39.0
2026-06-15,Rolling 3-Month,2026-01-01,2026-03-31,,State,,,,,,,,,,,,,,,,migration,,,,,,,,,,,,,,,,,,,,,,,,,,,,,,,,,,,,,,,,,,,,,,,,,,,,,,,,,,,,,,,,,Maryland,Virginia,,,,4775.822403269,-23.78,4380.575798407,-37.7,395.246604862,1161.050764886,9156.398201676,21.19,24.58,1.0,1.0
2026-06-15,Rolling 3-Month,2026-01-01,2026-03-31,,State,,,,,,,,,,,,,,,,migration,,,,,,,,,,,,,,,,,,,,,,,,,,,,,,,,,,,,,,,,,,,,,,,,,,,,,,,,,,,,,,,,,Maryland,Washington,,,,313.289514888,-3.01,293.301168631,-30.89,19.988346257,121.368707742,606.590683519,1.39,1.02,13.0,12.0
2026-06-15,Rolling 3-Month,2026-01-01,2026-03-31,,State,,,,,,,,,,,,,,,,migration,,,,,,,,,,,,,,,,,,,,,,,,,,,,,,,,,,,,,,,,,,,,,,,,,,,,,,,,,,,,,,,,,Maryland,New Mexico,,,,40.092407205,-14.92,15.567164179,-28.27,24.525243026,-0.8980506541,55.659571384,0.18,1.17,35.0,38.0
2026-06-15,Rolling 3-Month,2026-01-01,2026-03-31,,State,,,,,,,,,,,,,,,,migration,,,,,,,,,,,,,,,,,,,,,,,,,,,,,,,,,,,,,,,,,,,,,,,,,,,,,,,,,,,,,,,,,Maryland,New Hampshire,,,,51.707768143,-15.26,44.074436029,50.15,7.633332114,-24.029649582,95.782204172,0.23,0.92,33.0,30.0
2026-06-15,Rolling 3-Month,2026-01-01,2026-03-31,,State,,,,,,,,,,,,,,,,migration,,,,,,,,,,,,,,,,,,,,,,,,,,,,,,,,,,,,,,,,,,,,,,,,,,,,,,,,,,,,,,,,,Maryland,Georgia,,,,640.780101434,-15.66,390.292773647,1.23,250.487327787,-123.69580764,1031.072875081,2.84,3.42,11.0,9.0
2026-06-15,Rolling 3-Month,2026-01-01,2026-03-31,,State,,,,,,,,,,,,,,,,migration,,,,,,,,,,,,,,,,,,,,,,,,,,,,,,,,,,,,,,,,,,,,,,,,,,,,,,,,,,,,,,,,,Maryland,Maine,,,,145.708793907,-10.91,40.694025108,33.97,105.014768799,-28.154774215,186.402819014,0.65,2.61,21.0,32.0
2026-06-15,Rolling 3-Month,2026-01-01,2026-03-31,,State,,,,,,,,,,,,,,,,migration,,,,,,,,,,,,,,,,,,,,,,,,,,,,,,,,,,,,,,,,,,,,,,,,,,,,,,,,,,,,,,,,,Maryland,Idaho,,,,19.496742437,4.48,5.737373737,60.56,13.7593687,-1.327870331,25.234116174,0.09,0.18,42.0,45.0
2026-06-15,Rolling 3-Month,2026-01-01,2026-03-31,,State,,,,,,,,,,,,,,,,migration,,,,,,,,,,,,,,,,,,,,,,,,,,,,,,,,,,,,,,,,,,,,,,,,,,,,,,,,,,,,,,,,,Maryland,Illinois,,,,240.654214873,-19.85,298.01955134,-39.11,-57.365336467,131.804131993,538.673766213,1.07,1.28,16.0,11.0
2026-06-15,Rolling 3-Month,2026-01-01,2026-03-31,,State,,,,,,,,,,,,,,,,migration,,,,,,,,,,,,,,,,,,,,,,,,,,,,,,,,,,,,,,,,,,,,,,,,,,,,,,,,,,,,,,,,,Maryland,Indiana,,,,64.210884771,-26.49,100.907559447,9.22,-36.696674676,-31.651721109,165.118444218,0.28,0.72,29.0,23.0
2026-06-15,Rolling 3-Month,2026-01-01,2026-03-31,,State,,,,,,,,,,,,,,,,migration,,,,,,,,,,,,,,,,,,,,,,,,,,,,,,,,,,,,,,,,,,,,,,,,,,,,,,,,,,,,,,,,,Maryland,Iowa,,,,14.453315495,-58.99,8.918352556,-9.25,5.534962939,-19.881176206,23.37166805,0.06,0.71,46.0,43.0
2026-06-15,Rolling 3-Month,2026-01-01,2026-03-31,,State,,,,,,,,,,,,,,,,migration,,,,,,,,,,,,,,,,,,,,,,,,,,,,,,,,,,,,,,,,,,,,,,,,,,,,,,,,,,,,,,,,,Maryland,Kansas,,,,16.055963602,-36.69,8.526381008,-34.78,7.529582594,-4.760196477,24.58234461,0.07,0.68,45.0,44.0
2026-06-15,Rolling 3-Month,2026-01-01,2026-03-31,,State,,,,,,,,,,,,,,,,migration,,,,,,,,,,,,,,,,,,,,,,,,,,,,,,,,,,,,,,,,,,,,,,,,,,,,,,,,,,,,,,,,,Maryland,Kentucky,,,,59.623813382,15.2,56.873974946,-4.54,2.749838436,10.575212928,116.497788328,0.26,1.34,30.0,28.0
2026-06-15,Rolling 3-Month,2026-01-01,2026-03-31,,State,,,,,,,,,,,,,,,,migration,,,,,,,,,,,,,,,,,,,,,,,,,,,,,,,,,,,,,,,,,,,,,,,,,,,,,,,,,,,,,,,,,Maryland,Louisiana,,,,108.539358117,-0.66,41.388117124,-19.29,67.151240992,9.165210238,149.927475241,0.48,1.82,26.0,31.0
2026-06-15,Rolling 3-Month,2026-01-01,2026-03-31,,State,,,,,,,,,,,,,,,,migration,,,,,,,,,,,,,,,,,,,,,,,,,,,,,,,,,,,,,,,,,,,,,,,,,,,,,,,,,,,,,,,,,Maryland,Maryland,,,,85012.067658144,-10.24,85012.067658144,-10.24,0.0,0.0,170024.135316287,,,,
2026-06-15,Rolling 3-Month,2026-01-01,2026-03-31,,State,,,,,,,,,,,,,,,,migration,,,,,,,,,,,,,,,,,,,,,,,,,,,,,,,,,,,,,,,,,,,,,,,,,,,,,,,,,,,,,,,,,Maryland,Nevada,,,,138.264717794,-11.99,84.320657228,-6.07,53.944060566,-13.380055783,222.585375021,0.61,0.7,22.0,25.0
2026-06-15,Rolling 3-Month,2026-01-01,2026-03-31,,State,,,,,,,,,,,,,,,,migration,,,,,,,,,,,,,,,,,,,,,,,,,,,,,,,,,,,,,,,,,,,,,,,,,,,,,,,,,,,,,,,,,Maryland,Massachusetts,,,,199.096009494,-15.52,219.340198991,-31.64,-20.244189498,64.938652914,418.436208485,0.88,2.02,19.0,15.0
2026-06-15,Rolling 3-Month,2026-01-01,2026-03-31,,State,,,,,,,,,,,,,,,,migration,,,,,,,,,,,,,,,,,,,,,,,,,,,,,,,,,,,,,,,,,,,,,,,,,,,,,,,,,,,,,,,,,Maryland,Michigan,,,,124.729304293,-28.96,186.807244528,31.71,-62.077940235,-95.811900435,311.536548821,0.55,1.32,24.0,16.0
2026-06-15,Rolling 3-Month,2026-01-01,2026-03-31,,State,,,,,,,,,,,,,,,,migration,,,,,,,,,,,,,,,,,,,,,,,,,,,,,,,,,,,,,,,,,,,,,,,,,,,,,,,,,,,,,,,,,Maryland,Minnesota,,,,52.995998396,-40.19,69.079223394,50.67,-16.083224998,-58.841333168,122.07522179,0.24,1.12,32.0,27.0
2026-06-15,Rolling 3-Month,2026-01-01,2026-03-31,,State,,,,,,,,,,,,,,,,migration,,,,,,,,,,,,,,,,,,,,,,,,,,,,,,,,,,,,,,,,,,,,,,,,,,,,,,,,,,,,,,,,,Maryland,Mississippi,,,,36.479857924,28.76,5.0,-80.07,31.479857924,28.234782678,41.479857924,0.16,1.2,38.0,47.0
2026-06-15,Rolling 3-Month,2026-01-01,2026-03-31,,State,,,,,,,,,,,,,,,,migration,,,,,,,,,,,,,,,,,,,,,,,,,,,,,,,,,,,,,,,,,,,,,,,,,,,,,,,,,,,,,,,,,Maryland,Missouri,,,,53.787545847,-28.27,51.944494668,-17.9,1.84305118,-9.875563651,105.732040515,0.24,0.78,31.0,29.0
2026-06-15,Rolling 3-Month,2026-01-01,2026-03-31,,State,,,,,,,,,,,,,,,,migration,,,,,,,,,,,,,,,,,,,,,,,,,,,,,,,,,,,,,,,,,,,,,,,,,,,,,,,,,,,,,,,,,Maryland,Montana,,,,18.219211466,3.59,1.0,-77.73,17.219211466,4.12117718,19.219211466,0.08,0.57,44.0,49.0
2026-06-15,Rolling 3-Month,2026-01-01,2026-03-31,,State,,,,,,,,,,,,,,,,migration,,,,,,,,,,,,,,,,,,,,,,,,,,,,,,,,,,,,,,,,,,,,,,,,,,,,,,,,,,,,,,,,,Maryland,Nebraska,,,,22.01620019,45.45,12.326869081,-10.08,9.689331109,8.261212052,34.343069271,0.1,1.75,41.0,41.0
2026-06-15,Rolling 3-Month,2026-01-01,2026-03-31,,State,,,,,,,,,,,,,,,,migration,,,,,,,,,,,,,,,,,,,,,,,,,,,,,,,,,,,,,,,,,,,,,,,,,,,,,,,,,,,,,,,,,Maryland,West Virginia,,,,784.250399146,0.86,144.556380675,-14.35,639.694018471,30.882617865,928.80677982,3.48,28.23,10.0,19.0
2026-06-15,Rolling 3-Month,2026-01-01,2026-03-31,,State,,,,,,,,,,,,,,,,migration,,,,,,,,,,,,,,,,,,,,,,,,,,,,,,,,,,,,,,,,,,,,,,,,,,,,,,,,,,,,,,,,,Maryland,Wisconsin,,,,34.967296171,-40.73,22.443964355,-0.31,12.523331816,-23.955115116,57.411260526,0.16,0.4,40.0,36.0
2026-06-15,Rolling 3-Month,2026-01-01,2026-03-31,,State,,,,,,,,,,,,,,,,migration,,,,,,,,,,,,,,,,,,,,,,,,,,,,,,,,,,,,,,,,,,,,,,,,,,,,,,,,,,,,,,,,,Maryland,Wyoming,,,,7.032888739,20.72,5.0,150.0,2.032888739,-1.792974357,12.032888739,0.03,0.75,49.0,46.0
2026-06-15,Rolling 3-Month,2026-01-01,2026-03-31,,State,,,,,,,,,,,,,,,,migration,,,,,,,,,,,,,,,,,,,,,,,,,,,,,,,,,,,,,,,,,,,,,,,,,,,,,,,,,,,,,,,,,Massachusetts,Nebraska,,,,6.330491694,-32.76,9.0,12.9,-2.669508306,-4.112246026,15.330491694,0.03,0.5,46.0,42.0
2026-06-15,Rolling 3-Month,2026-01-01,2026-03-31,,State,,,,,,,,,,,,,,,,migration,,,,,,,,,,,,,,,,,,,,,,,,,,,,,,,,,,,,,,,,,,,,,,,,,,,,,,,,,,,,,,,,,Massachusetts,Maryland,,,,219.340198991,-31.64,199.096009494,-15.52,20.244189498,-64.938652914,418.436208485,1.02,1.27,19.0,15.0
2026-06-15,Rolling 3-Month,2026-01-01,2026-03-31,,State,,,,,,,,,,,,,,,,migration,,,,,,,,,,,,,,,,,,,,,,,,,,,,,,,,,,,,,,,,,,,,,,,,,,,,,,,,,,,,,,,,,Massachusetts,Massachusetts,,,,82872.595120538,-22.18,82872.595120538,-22.18,0.0,0.0,165745.190241076,,,,
2026-06-15,Rolling 3-Month,2026-01-01,2026-03-31,,State,,,,,,,,,,,,,,,,migration,,,,,,,,,,,,,,,,,,,,,,,,,,,,,,,,,,,,,,,,,,,,,,,,,,,,,,,,,,,,,,,,,Massachusetts,Michigan,,,,95.728916606,-7.73,123.203269463,13.28,-27.474352857,-22.454070131,218.932186069,0.44,1.01,25.0,20.0
2026-06-15,Rolling 3-Month,2026-01-01,2026-03-31,,State,,,,,,,,,,,,,,,,migration,,,,,,,,,,,,,,,,,,,,,,,,,,,,,,,,,,,,,,,,,,,,,,,,,,,,,,,,,,,,,,,,,Massachusetts,Minnesota,,,,67.890917898,-12.79,51.656633097,14.77,16.234284802,-16.607014651,119.547550995,0.31,1.44,29.0,28.0
2026-06-15,Rolling 3-Month,2026-01-01,2026-03-31,,State,,,,,,,,,,,,,,,,migration,,,,,,,,,,,,,,,,,,,,,,,,,,,,,,,,,,,,,,,,,,,,,,,,,,,,,,,,,,,,,,,,,Massachusetts,Mississippi,,,,17.474226063,0.65,5.98849252,175.06,11.485733543,-3.698952074,23.462718583,0.08,0.58,41.0,44.0
2026-06-15,Rolling 3-Month,2026-01-01,2026-03-31,,State,,,,,,,,,,,,,,,,migration,,,,,,,,,,,,,,,,,,,,,,,,,,,,,,,,,,,,,,,,,,,,,,,,,,,,,,,,,,,,,,,,,Massachusetts,Missouri,,,,46.259780486,-30.89,35.515670694,-34.51,10.744109792,-1.960594843,81.77545118,0.21,0.67,34.0,32.0
2026-06-15,Rolling 3-Month,2026-01-01,2026-03-31,,State,,,,,,,,,,,,,,,,migration,,,,,,,,,,,,,,,,,,,,,,,,,,,,,,,,,,,,,,,,,,,,,,,,,,,,,,,,,,,,,,,,,Massachusetts,Montana,,,,11.585385068,-50.05,0.0,-100.0,11.585385068,-3.871386608,11.585385068,0.05,0.36,45.0,50.0
2026-06-15,Rolling 3-Month,2026-01-01,2026-03-31,,State,,,,,,,,,,,,,,,,migration,,,,,,,,,,,,,,,,,,,,,,,,,,,,,,,,,,,,,,,,,,,,,,,,,,,,,,,,,,,,,,,,,Massachusetts,Nevada,,,,144.365161244,2.92,41.499246517,-4.38,102.865914727,6.000322037,185.864407761,0.67,0.74,23.0,29.0
2026-06-15,Rolling 3-Month,2026-01-01,2026-03-31,,State,,,,,,,,,,,,,,,,migration,,,,,,,,,,,,,,,,,,,,,,,,,,,,,,,,,,,,,,,,,,,,,,,,,,,,,,,,,,,,,,,,,Massachusetts,Alabama,,,,54.944639956,-6.08,28.452270147,14.27,26.492369809,-7.109191727,83.396910104,0.25,0.82,31.0,36.0
2026-06-15,Rolling 3-Month,2026-01-01,2026-03-31,,State,,,,,,,,,,,,,,,,migration,,,,,,,,,,,,,,,,,,,,,,,,,,,,,,,,,,,,,,,,,,,,,,,,,,,,,,,,,,,,,,,,,Massachusetts,New Hampshire,,,,3468.498936809,-17.91,519.619101846,-5.04,2948.879834964,-729.011909276,3988.118038655,16.06,61.79,2.0,6.0
2026-06-15,Rolling 3-Month,2026-01-01,2026-03-31,,State,,,,,,,,,,,,,,,,migration,,,,,,,,,,,,,,,,,,,,,,,,,,,,,,,,,,,,,,,,,,,,,,,,,,,,,,,,,,,,,,,,,Massachusetts,New Jersey,,,,191.382494728,-50.65,242.167309149,-1.79,-50.784814421,-191.982238924,433.549803878,0.89,1.27,21.0,13.0
2026-06-15,Rolling 3-Month,2026-01-01,2026-03-31,,State,,,,,,,,,,,,,,,,migration,,,,,,,,,,,,,,,,,,,,,,,,,,,,,,,,,,,,,,,,,,,,,,,,,,,,,,,,,,,,,,,,,Massachusetts,New Mexico,,,,22.477660451,-52.89,38.90802668,124.95,-16.43036623,-46.848906534,61.385687131,0.1,0.66,38.0,30.0
2026-06-15,Rolling 3-Month,2026-01-01,2026-03-31,,State,,,,,,,,,,,,,,,,migration,,,,,,,,,,,,,,,,,,,,,,,,,,,,,,,,,,,,,,,,,,,,,,,,,,,,,,,,,,,,,,,,,Massachusetts,New York,,,,820.47492767,-35.75,1292.301057843,-18.02,-471.826130173,-172.497903126,2112.775985514,3.8,5.65,6.0,1.0
2026-06-15,Rolling 3-Month,2026-01-01,2026-03-31,,State,,,,,,,,,,,,,,,,migration,,,,,,,,,,,,,,,,,,,,,,,,,,,,,,,,,,,,,,,,,,,,,,,,,,,,,,,,,,,,,,,,,Massachusetts,North Carolina,,,,809.985574905,-11.77,242.482394481,-10.63,567.503180424,-79.239637307,1052.467969386,3.75,3.54,7.0,12.0
2026-06-15,Rolling 3-Month,2026-01-01,2026-03-31,,State,,,,,,,,,,,,,,,,migration,,,,,,,,,,,,,,,,,,,,,,,,,,,,,,,,,,,,,,,,,,,,,,,,,,,,,,,,,,,,,,,,,Massachusetts,North Dakota,,,,2.0,-2.85,1.50877193,976.71,0.4912280702,-1.427340193,3.50877193,0.01,0.61,49.0,48.0
2026-06-15,Rolling 3-Month,2026-01-01,2026-03-31,,State,,,,,,,,,,,,,,,,migration,,,,,,,,,,,,,,,,,,,,,,,,,,,,,,,,,,,,,,,,,,,,,,,,,,,,,,,,,,,,,,,,,Massachusetts,Ohio,,,,145.844584445,-18.69,141.584813136,3.47,4.259771309,-38.277437757,287.42939758,0.68,1.64,22.0,19.0
2026-06-15,Rolling 3-Month,2026-01-01,2026-03-31,,State,,,,,,,,,,,,,,,,migration,,,,,,,,,,,,,,,,,,,,,,,,,,,,,,,,,,,,,,,,,,,,,,,,,,,,,,,,,,,,,,,,,Massachusetts,Maine,,,,1948.353440486,-28.44,165.51367357,-17.28,1782.839766916,-739.604718173,2113.867114055,9.02,34.88,3.0,16.0
2026-06-15,Rolling 3-Month,2026-01-01,2026-03-31,,State,,,,,,,,,,,,,,,,migration,,,,,,,,,,,,,,,,,,,,,,,,,,,,,,,,,,,,,,,,,,,,,,,,,,,,,,,,,,,,,,,,,Massachusetts,Louisiana,,,,60.45271531,-12.16,29.853123163,19.96,30.599592146,-13.332098032,90.305838473,0.28,1.02,30.0,35.0
2026-06-15,Rolling 3-Month,2026-01-01,2026-03-31,,State,,,,,,,,,,,,,,,,migration,,,,,,,,,,,,,,,,,,,,,,,,,,,,,,,,,,,,,,,,,,,,,,,,,,,,,,,,,,,,,,,,,Massachusetts,Kentucky,,,,34.490810588,-8.77,57.014754473,79.47,-22.523943886,-28.562396516,91.505565061,0.16,0.78,36.0,27.0
2026-06-15,Rolling 3-Month,2026-01-01,2026-03-31,,State,,,,,,,,,,,,,,,,migration,,,,,,,,,,,,,,,,,,,,,,,,,,,,,,,,,,,,,,,,,,,,,,,,,,,,,,,,,,,,,,,,,Massachusetts,Kansas,,,,15.180835381,14.13,18.355318982,67.71,-3.174483601,-5.530360303,33.536154362,0.07,0.64,43.0,38.0
2026-06-15,Rolling 3-Month,2026-01-01,2026-03-31,,State,,,,,,,,,,,,,,,,migration,,,,,,,,,,,,,,,,,,,,,,,,,,,,,,,,,,,,,,,,,,,,,,,,,,,,,,,,,,,,,,,,,Massachusetts,Alaska,,,,4.905477691,-41.04,4.613909774,-37.74,0.2915679162,-0.6183532365,9.519387465,0.02,0.55,48.0,47.0
2026-06-15,Rolling 3-Month,2026-01-01,2026-03-31,,State,,,,,,,,,,,,,,,,migration,,,,,,,,,,,,,,,,,,,,,,,,,,,,,,,,,,,,,,,,,,,,,,,,,,,,,,,,,,,,,,,,,Massachusetts,Arizona,,,,237.447976605,-8.53,141.783032779,-20.03,95.664943826,13.375450916,379.231009384,1.1,0.7,18.0,18.0
2026-06-15,Rolling 3-Month,2026-01-01,2026-03-31,,State,,,,,,,,,,,,,,,,migration,,,,,,,,,,,,,,,,,,,,,,,,,,,,,,,,,,,,,,,,,,,,,,,,,,,,,,,,,,,,,,,,,Massachusetts,Arkansas,,,,20.135609871,-36.34,7.420454545,9.1,12.715155326,-12.114846571,27.556064416,0.09,0.48,40.0,43.0
2026-06-15,Rolling 3-Month,2026-01-01,2026-03-31,,State,,,,,,,,,,,,,,,,migration,,,,,,,,,,,,,,,,,,,,,,,,,,,,,,,,,,,,,,,,,,,,,,,,,,,,,,,,,,,,,,,,,Massachusetts,California,,,,1438.677882638,6.84,1207.548130388,-31.52,231.12975225,647.862704626,2646.226013026,6.66,2.76,4.0,3.0
2026-06-15,Rolling 3-Month,2026-01-01,2026-03-31,,State,,,,,,,,,,,,,,,,migration,,,,,,,,,,,,,,,,,,,,,,,,,,,,,,,,,,,,,,,,,,,,,,,,,,,,,,,,,,,,,,,,,Massachusetts,Colorado,,,,210.130564097,1.08,157.077145638,-18.14,53.053418459,37.064953418,367.207709735,0.97,1.33,20.0,17.0
2026-06-15,Rolling 3-Month,2026-01-01,2026-03-31,,State,,,,,,,,,,,,,,,,migration,,,,,,,,,,,,,,,,,,,,,,,,,,,,,,,,,,,,,,,,,,,,,,,,,,,,,,,,,,,,,,,,,Massachusetts,Columbia,,,,95.670589192,-16.93,87.749197678,-36.69,7.921391514,31.353601989,183.41978687,0.44,1.79,26.0,23.0
2026-06-15,Rolling 3-Month,2026-01-01,2026-03-31,,State,,,,,,,,,,,,,,,,migration,,,,,,,,,,,,,,,,,,,,,,,,,,,,,,,,,,,,,,,,,,,,,,,,,,,,,,,,,,,,,,,,,Massachusetts,Connecticut,,,,636.06887183,-46.94,598.119143841,-22.82,37.949727989,-385.918151445,1234.188015671,2.94,12.01,11.0,5.0
2026-06-15,Rolling 3-Month,2026-01-01,2026-03-31,,State,,,,,,,,,,,,,,,,migration,,,,,,,,,,,,,,,,,,,,,,,,,,,,,,,,,,,,,,,,,,,,,,,,,,,,,,,,,,,,,,,,,Massachusetts,Delaware,,,,49.603480986,-8.3,9.621538462,-42.09,39.981942524,2.50379338,59.225019448,0.23,1.12,32.0,41.0
2026-06-15,Rolling 3-Month,2026-01-01,2026-03-31,,State,,,,,,,,,,,,,,,,migration,,,,,,,,,,,,,,,,,,,,,,,,,,,,,,,,,,,,,,,,,,,,,,,,,,,,,,,,,,,,,,,,,Massachusetts,Florida,,,,4945.197092728,5.04,1237.944218653,-5.01,3707.252874075,302.513369664,6183.141311381,22.89,6.07,1.0,2.0
2026-06-15,Rolling 3-Month,2026-01-01,2026-03-31,,State,,,,,,,,,,,,,,,,migration,,,,,,,,,,,,,,,,,,,,,,,,,,,,,,,,,,,,,,,,,,,,,,,,,,,,,,,,,,,,,,,,,Massachusetts,Georgia,,,,499.871844219,-7.24,225.520983865,-6.18,274.350860354,-24.137527602,725.392828084,2.31,2.67,12.0,14.0
2026-06-15,Rolling 3-Month,2026-01-01,2026-03-31,,State,,,,,,,,,,,,,,,,migration,,,,,,,,,,,,,,,,,,,,,,,,,,,,,,,,,,,,,,,,,,,,,,,,,,,,,,,,,,,,,,,,,Massachusetts,Hawaii,,,,117.053430667,-16.65,37.945509958,69.86,79.107920708,-38.987688541,154.998940625,0.54,1.1,24.0,31.0
2026-06-15,Rolling 3-Month,2026-01-01,2026-03-31,,State,,,,,,,,,,,,,,,,migration,,,,,,,,,,,,,,,,,,,,,,,,,,,,,,,,,,,,,,,,,,,,,,,,,,,,,,,,,,,,,,,,,Massachusetts,Idaho,,,,15.771565343,-29.87,5.0,-65.31,10.771565343,2.698317236,20.771565343,0.07,0.15,42.0,46.0
2026-06-15,Rolling 3-Month,2026-01-01,2026-03-31,,State,,,,,,,,,,,,,,,,migration,,,,,,,,,,,,,,,,,,,,,,,,,,,,,,,,,,,,,,,,,,,,,,,,,,,,,,,,,,,,,,,,,Massachusetts,Illinois,,,,262.706730676,-32.0,323.923367939,0.12,-61.216637264,-124.003227459,586.630098615,1.22,1.39,16.0,9.0
2026-06-15,Rolling 3-Month,2026-01-01,2026-03-31,,State,,,,,,,,,,,,,,,,migration,,,,,,,,,,,,,,,,,,,,,,,,,,,,,,,,,,,,,,,,,,,,,,,,,,,,,,,,,,,,,,,,,Massachusetts,Indiana,,,,80.785297548,10.18,73.858564507,-4.63,6.926733041,11.052777304,154.643862055,0.37,0.9,28.0,26.0
2026-06-15,Rolling 3-Month,2026-01-01,2026-03-31,,State,,,,,,,,,,,,,,,,migration,,,,,,,,,,,,,,,,,,,,,,,,,,,,,,,,,,,,,,,,,,,,,,,,,,,,,,,,,,,,,,,,,Massachusetts,Iowa,,,,11.660576537,-34.64,11.265665684,107.05,0.3949108531,-12.005999992,22.92624222,0.05,0.57,44.0,40.0
2026-06-15,Rolling 3-Month,2026-01-01,2026-03-31,,State,,,,,,,,,,,,,,,,migration,,,,,,,,,,,,,,,,,,,,,,,,,,,,,,,,,,,,,,,,,,,,,,,,,,,,,,,,,,,,,,,,,Maryland,Hawaii,,,,134.695860334,-35.16,98.339434265,-23.96,36.356426069,-42.048438046,233.0352946,0.6,1.27,23.0,24.0
2026-06-15,Rolling 3-Month,2026-01-01,2026-03-31,,State,,,,,,,,,,,,,,,,migration,,,,,,,,,,,,,,,,,,,,,,,,,,,,,,,,,,,,,,,,,,,,,,,,,,,,,,,,,,,,,,,,,Maryland,Florida,,,,3513.908873026,20.31,962.439004902,-17.92,2551.469868124,803.444147741,4476.347877929,15.59,4.31,2.0,5.0
2026-06-15,Rolling 3-Month,2026-01-01,2026-03-31,,State,,,,,,,,,,,,,,,,migration,,,,,,,,,,,,,,,,,,,,,,,,,,,,,,,,,,,,,,,,,,,,,,,,,,,,,,,,,,,,,,,,,Louisiana,New Jersey,,,,9.221172564,-48.52,36.348528387,-28.56,-27.127355823,5.838764842,45.569700951,0.29,0.06,36.0,29.0
2026-06-15,Rolling 3-Month,2026-01-01,2026-03-31,,State,,,,,,,,,,,,,,,,migration,,,,,,,,,,,,,,,,,,,,,,,,,,,,,,,,,,,,,,,,,,,,,,,,,,,,,,,,,,,,,,,,,Maine,Delaware,,,,2.0,-69.78,10.302083333,-22.68,-8.302083333,-1.596294643,12.302083333,0.12,0.05,43.0,37.0
2026-06-15,Rolling 3-Month,2026-01-01,2026-03-31,,State,,,,,,,,,,,,,,,,migration,,,,,,,,,,,,,,,,,,,,,,,,,,,,,,,,,,,,,,,,,,,,,,,,,,,,,,,,,,,,,,,,,Maine,Alaska,,,,2.114942529,-44.85,8.177294476,-11.28,-6.062351947,-0.6799735728,10.292237005,0.13,0.24,42.0,38.0
2026-06-15,Rolling 3-Month,2026-01-01,2026-03-31,,State,,,,,,,,,,,,,,,,migration,,,,,,,,,,,,,,,,,,,,,,,,,,,,,,,,,,,,,,,,,,,,,,,,,,,,,,,,,,,,,,,,,Maine,Arizona,,,,49.685755103,55.05,83.33862721,-25.57,-33.652872107,46.267526955,133.024382314,3.0,0.15,11.0,16.0
2026-06-15,Rolling 3-Month,2026-01-01,2026-03-31,,State,,,,,,,,,,,,,,,,migration,,,,,,,,,,,,,,,,,,,,,,,,,,,,,,,,,,,,,,,,,,,,,,,,,,,,,,,,,,,,,,,,,Maine,Arkansas,,,,3.0,446.15,1.0,-84.38,2.0,7.850704225,4.0,0.18,0.07,39.0,46.0
2026-06-15,Rolling 3-Month,2026-01-01,2026-03-31,,State,,,,,,,,,,,,,,,,migration,,,,,,,,,,,,,,,,,,,,,,,,,,,,,,,,,,,,,,,,,,,,,,,,,,,,,,,,,,,,,,,,,Maine,California,,,,60.456044389,-4.72,309.503869683,-36.09,-249.047825294,171.80996544,369.959914073,3.65,0.12,6.0,3.0
2026-06-15,Rolling 3-Month,2026-01-01,2026-03-31,,State,,,,,,,,,,,,,,,,migration,,,,,,,,,,,,,,,,,,,,,,,,,,,,,,,,,,,,,,,,,,,,,,,,,,,,,,,,,,,,,,,,,Maine,Colorado,,,,30.389533056,84.75,78.31988028,-52.06,-47.930347225,98.983579468,108.709413336,1.83,0.19,15.0,17.0
2026-06-15,Rolling 3-Month,2026-01-01,2026-03-31,,State,,,,,,,,,,,,,,,,migration,,,,,,,,,,,,,,,,,,,,,,,,,,,,,,,,,,,,,,,,,,,,,,,,,,,,,,,,,,,,,,,,,Maine,Columbia,,,,18.83643584,253.39,33.429861312,-47.63,-14.593425472,43.912794445,52.266297153,1.14,0.35,21.0,25.0
2026-06-15,Rolling 3-Month,2026-01-01,2026-03-31,,State,,,,,,,,,,,,,,,,migration,,,,,,,,,,,,,,,,,,,,,,,,,,,,,,,,,,,,,,,,,,,,,,,,,,,,,,,,,,,,,,,,,Maine,Connecticut,,,,30.018431752,-3.06,182.94657981,-35.31,-152.928148058,98.890361823,212.965011561,1.81,0.57,17.0,8.0
2026-06-15,Rolling 3-Month,2026-01-01,2026-03-31,,State,,,,,,,,,,,,,,,,migration,,,,,,,,,,,,,,,,,,,,,,,,,,,,,,,,,,,,,,,,,,,,,,,,,,,,,,,,,,,,,,,,,Maine,Florida,,,,398.503536878,44.29,469.112462483,-24.59,-70.608925605,275.287177658,867.615999362,24.05,0.49,1.0,2.0
2026-06-15,Rolling 3-Month,2026-01-01,2026-03-31,,State,,,,,,,,,,,,,,,,migration,,,,,,,,,,,,,,,,,,,,,,,,,,,,,,,,,,,,,,,,,,,,,,,,,,,,,,,,,,,,,,,,,Louisiana,Wyoming,,,,3.035460993,51.77,5.683673469,121.57,-2.648212476,-2.082995085,8.719134462,0.1,0.32,44.0,45.0
2026-06-15,Rolling 3-Month,2026-01-01,2026-03-31,,State,,,,,,,,,,,,,,,,migration,,,,,,,,,,,,,,,,,,,,,,,,,,,,,,,,,,,,,,,,,,,,,,,,,,,,,,,,,,,,,,,,,Maine,Georgia,,,,37.278738437,32.02,55.978022136,-38.78,-18.699283699,44.502895482,93.256760573,2.25,0.2,13.0,20.0
2026-06-15,Rolling 3-Month,2026-01-01,2026-03-31,,State,,,,,,,,,,,,,,,,migration,,,,,,,,,,,,,,,,,,,,,,,,,,,,,,,,,,,,,,,,,,,,,,,,,,,,,,,,,,,,,,,,,Maine,Hawaii,,,,14.2,338.96,11.292739943,-40.48,2.907260057,18.645101867,25.492739943,0.86,0.13,26.0,36.0
2026-06-15,Rolling 3-Month,2026-01-01,2026-03-31,,State,,,,,,,,,,,,,,,,migration,,,,,,,,,,,,,,,,,,,,,,,,,,,,,,,,,,,,,,,,,,,,,,,,,,,,,,,,,,,,,,,,,Maine,Idaho,,,,4.0,300.0,4.0,-46.65,0.0,6.498298578,8.0,0.24,0.04,37.0,42.0
2026-06-15,Rolling 3-Month,2026-01-01,2026-03-31,,State,,,,,,,,,,,,,,,,migration,,,,,,,,,,,,,,,,,,,,,,,,,,,,,,,,,,,,,,,,,,,,,,,,,,,,,,,,,,,,,,,,,Maine,Illinois,,,,19.269606182,-14.04,95.572584545,-29.75,-76.302978363,37.32938092,114.842190726,1.16,0.1,20.0,15.0
2026-06-15,Rolling 3-Month,2026-01-01,2026-03-31,,State,,,,,,,,,,,,,,,,migration,,,,,,,,,,,,,,,,,,,,,,,,,,,,,,,,,,,,,,,,,,,,,,,,,,,,,,,,,,,,,,,,,Maine,Indiana,,,,16.540023109,123.66,34.469101397,27.38,-17.929078288,1.736736819,51.009124505,1.0,0.19,24.0,24.0
2026-06-15,Rolling 3-Month,2026-01-01,2026-03-31,,State,,,,,,,,,,,,,,,,migration,,,,,,,,,,,,,,,,,,,,,,,,,,,,,,,,,,,,,,,,,,,,,,,,,,,,,,,,,,,,,,,,,Maine,Iowa,,,,1.0,-50.0,3.902654867,113.7,-2.902654867,-3.076427477,4.902654867,0.06,0.05,47.0,44.0
2026-06-15,Rolling 3-Month,2026-01-01,2026-03-31,,State,,,,,,,,,,,,,,,,migration,,,,,,,,,,,,,,,,,,,,,,,,,,,,,,,,,,,,,,,,,,,,,,,,,,,,,,,,,,,,,,,,,Maine,Kansas,,,,1.657865169,63.03,4.0,-50.0,-2.342134831,4.6409495,5.657865169,0.1,0.07,45.0,43.0
2026-06-15,Rolling 3-Month,2026-01-01,2026-03-31,,State,,,,,,,,,,,,,,,,migration,,,,,,,,,,,,,,,,,,,,,,,,,,,,,,,,,,,,,,,,,,,,,,,,,,,,,,,,,,,,,,,,,Maine,Alabama,,,,2.520833333,-66.36,6.772951679,-55.54,-4.252118346,3.488881248,9.293785013,0.15,0.04,40.0,41.0
2026-06-15,Rolling 3-Month,2026-01-01,2026-03-31,,State,,,,,,,,,,,,,,,,migration,,,,,,,,,,,,,,,,,,,,,,,,,,,,,,,,,,,,,,,,,,,,,,,,,,,,,,,,,,,,,,,,,Louisiana,Wisconsin,,,,25.980331263,38.2,45.797416443,90.93,-19.81708518,-14.62991534,71.777747706,0.81,0.3,25.0,24.0
2026-06-15,Rolling 3-Month,2026-01-01,2026-03-31,,State,,,,,,,,,,,,,,,,migration,,,,,,,,,,,,,,,,,,,,,,,,,,,,,,,,,,,,,,,,,,,,,,,,,,,,,,,,,,,,,,,,,Maryland,Delaware,,,,923.487993321,-11.99,273.143077345,-4.74,650.344915976,-112.24012587,1196.631070666,4.1,20.91,8.0,13.0
2026-06-15,Rolling 3-Month,2026-01-01,2026-03-31,,State,,,,,,,,,,,,,,,,migration,,,,,,,,,,,,,,,,,,,,,,,,,,,,,,,,,,,,,,,,,,,,,,,,,,,,,,,,,,,,,,,,,Louisiana,Rhode Island,,,,0.2976190476,-94.77,2.544117647,-57.6,-2.246498599,-1.934425753,2.841736695,0.01,0.01,50.0,48.0
2026-06-15,Rolling 3-Month,2026-01-01,2026-03-31,,State,,,,,,,,,,,,,,,,migration,,,,,,,,,,,,,,,,,,,,,,,,,,,,,,,,,,,,,,,,,,,,,,,,,,,,,,,,,,,,,,,,,Louisiana,New York,,,,42.968031826,-6.82,192.728560804,-10.25,-149.760528978,18.855371491,235.69659263,1.35,0.3,14.0,8.0
2026-06-15,Rolling 3-Month,2026-01-01,2026-03-31,,State,,,,,,,,,,,,,,,,migration,,,,,,,,,,,,,,,,,,,,,,,,,,,,,,,,,,,,,,,,,,,,,,,,,,,,,,,,,,,,,,,,,Louisiana,North Carolina,,,,81.754489527,-7.02,90.501381779,-16.96,-8.746892252,12.310874126,172.255871306,2.56,0.36,11.0,14.0
2026-06-15,Rolling 3-Month,2026-01-01,2026-03-31,,State,,,,,,,,,,,,,,,,migration,,,,,,,,,,,,,,,,,,,,,,,,,,,,,,,,,,,,,,,,,,,,,,,,,,,,,,,,,,,,,,,,,Louisiana,North Dakota,,,,1.0,-58.7,13.23943662,137.9,-12.23943662,-9.09527186,14.23943662,0.03,0.31,48.0,39.0
2026-06-15,Rolling 3-Month,2026-01-01,2026-03-31,,State,,,,,,,,,,,,,,,,migration,,,,,,,,,,,,,,,,,,,,,,,,,,,,,,,,,,,,,,,,,,,,,,,,,,,,,,,,,,,,,,,,,Louisiana,Ohio,,,,30.642058528,-18.86,65.593848986,-17.63,-34.951790458,6.919263678,96.235907514,0.96,0.34,20.0,19.0
2026-06-15,Rolling 3-Month,2026-01-01,2026-03-31,,State,,,,,,,,,,,,,,,,migration,,,,,,,,,,,,,,,,,,,,,,,,,,,,,,,,,,,,,,,,,,,,,,,,,,,,,,,,,,,,,,,,,Louisiana,Oklahoma,,,,26.24273873,-35.35,39.227710503,26.07,-12.984971773,-22.463604357,65.470449234,0.82,0.59,24.0,27.0
2026-06-15,Rolling 3-Month,2026-01-01,2026-03-31,,State,,,,,,,,,,,,,,,,migration,,,,,,,,,,,,,,,,,,,,,,,,,,,,,,,,,,,,,,,,,,,,,,,,,,,,,,,,,,,,,,,,,Louisiana,Oregon,,,,38.12198329,25.42,65.615821594,-4.67,-27.493838303,10.941161219,103.737804884,1.2,0.2,17.0,18.0
2026-06-15,Rolling 3-Month,2026-01-01,2026-03-31,,State,,,,,,,,,,,,,,,,migration,,,,,,,,,,,,,,,,,,,,,,,,,,,,,,,,,,,,,,,,,,,,,,,,,,,,,,,,,,,,,,,,,Louisiana,Pennsylvania,,,,29.397078905,-32.7,79.616690233,23.02,-50.219611328,-29.18259695,109.013769138,0.92,0.18,23.0,15.0
2026-06-15,Rolling 3-Month,2026-01-01,2026-03-31,,State,,,,,,,,,,,,,,,,migration,,,,,,,,,,,,,,,,,,,,,,,,,,,,,,,,,,,,,,,,,,,,,,,,,,,,,,,,,,,,,,,,,Louisiana,South Carolina,,,,33.36058722,-15.61,40.18330827,28.82,-6.82272105,-15.160870163,73.543895491,1.05,0.18,18.0,26.0
2026-06-15,Rolling 3-Month,2026-01-01,2026-03-31,,State,,,,,,,,,,,,,,,,migration,,,,,,,,,,,,,,,,,,,,,,,,,,,,,,,,,,,,,,,,,,,,,,,,,,,,,,,,,,,,,,,,,Louisiana,West Virginia,,,,4.0,-6.66,6.0,137.93,-2.0,-3.763808487,10.0,0.13,0.14,40.0,44.0
2026-06-15,Rolling 3-Month,2026-01-01,2026-03-31,,State,,,,,,,,,,,,,,,,migration,,,,,,,,,,,,,,,,,,,,,,,,,,,,,,,,,,,,,,,,,,,,,,,,,,,,,,,,,,,,,,,,,Louisiana,South Dakota,,,,1.0,-80.0,5.0,400.0,-4.0,-8.0,6.0,0.03,0.13,49.0,47.0
2026-06-15,Rolling 3-Month,2026-01-01,2026-03-31,,State,,,,,,,,,,,,,,,,migration,,,,,,,,,,,,,,,,,,,,,,,,,,,,,,,,,,,,,,,,,,,,,,,,,,,,,,,,,,,,,,,,,Louisiana,Tennessee,,,,128.290227792,4.99,105.474632557,-6.76,22.815595235,13.741167892,233.76486035,4.02,0.66,8.0,12.0
2026-06-15,Rolling 3-Month,2026-01-01,2026-03-31,,State,,,,,,,,,,,,,,,,migration,,,,,,,,,,,,,,,,,,,,,,,,,,,,,,,,,,,,,,,,,,,,,,,,,,,,,,,,,,,,,,,,,Idaho,Louisiana,,,,2.0,-82.51,3.578253119,-26.67,-1.578253119,-8.133926952,5.578253119,0.09,0.03,46.0,45.0
2026-06-15,Rolling 3-Month,2026-01-01,2026-03-31,,State,,,,,,,,,,,,,,,,migration,,,,,,,,,,,,,,,,,,,,,,,,,,,,,,,,,,,,,,,,,,,,,,,,,,,,,,,,,,,,,,,,,Louisiana,Utah,,,,13.1147343,27.37,19.958303445,-8.49,-6.843569145,4.669406383,33.073037744,0.41,0.24,33.0,38.0
2026-06-15,Rolling 3-Month,2026-01-01,2026-03-31,,State,,,,,,,,,,,,,,,,migration,,,,,,,,,,,,,,,,,,,,,,,,,,,,,,,,,,,,,,,,,,,,,,,,,,,,,,,,,,,,,,,,,Louisiana,Vermont,,,,2.222714786,-30.77,5.175042445,72.5,-2.952327658,-3.162853974,7.397757231,0.07,0.11,46.0,46.0
2026-06-15,Rolling 3-Month,2026-01-01,2026-03-31,,State,,,,,,,,,,,,,,,,migration,,,,,,,,,,,,,,,,,,,,,,,,,,,,,,,,,,,,,,,,,,,,,,,,,,,,,,,,,,,,,,,,,Louisiana,Virginia,,,,59.363196537,-4.18,170.074598501,8.59,-110.711401964,-16.04184353,229.437795038,1.86,0.31,13.0,9.0
2026-06-15,Rolling 3-Month,2026-01-01,2026-03-31,,State,,,,,,,,,,,,,,,,migration,,,,,,,,,,,,,,,,,,,,,,,,,,,,,,,,,,,,,,,,,,,,,,,,,,,,,,,,,,,,,,,,,Louisiana,Washington,,,,84.269515831,29.7,220.7311251,-18.08,-136.461609269,68.009454099,305.000640931,2.64,0.27,10.0,7.0
2026-06-15,Rolling 3-Month,2026-01-01,2026-03-31,,State,,,,,,,,,,,,,,,,migration,,,,,,,,,,,,,,,,,,,,,,,,,,,,,,,,,,,,,,,,,,,,,,,,,,,,,,,,,,,,,,,,,Maine,Kentucky,,,,6.288799628,-57.42,14.275641026,26.52,-7.986841398,-11.474030748,20.564440653,0.38,0.14,32.0,33.0
2026-06-15,Rolling 3-Month,2026-01-01,2026-03-31,,State,,,,,,,,,,,,,,,,migration,,,,,,,,,,,,,,,,,,,,,,,,,,,,,,,,,,,,,,,,,,,,,,,,,,,,,,,,,,,,,,,,,Maine,Louisiana,,,,9.750601604,-0.06,14.804456928,-5.88,-5.053855324,0.9186586856,24.555058532,0.59,0.16,27.0,30.0
2026-06-15,Rolling 3-Month,2026-01-01,2026-03-31,,State,,,,,,,,,,,,,,,,migration,,,,,,,,,,,,,,,,,,,,,,,,,,,,,,,,,,,,,,,,,,,,,,,,,,,,,,,,,,,,,,,,,Maine,Maine,,,,3639.931290401,-7.46,3639.931290401,-7.46,0.0,0.0,7279.862580802,,,,
2026-06-15,Rolling 3-Month,2026-01-01,2026-03-31,,State,,,,,,,,,,,,,,,,migration,,,,,,,,,,,,,,,,,,,,,,,,,,,,,,,,,,,,,,,,,,,,,,,,,,,,,,,,,,,,,,,,,Maine,Wisconsin,,,,1.991761423,-83.4,17.930904443,-8.37,-15.93914302,-8.369795748,19.922665866,0.12,0.02,44.0,28.0
2026-06-15,Rolling 3-Month,2026-01-01,2026-03-31,,State,,,,,,,,,,,,,,,,migration,,,,,,,,,,,,,,,,,,,,,,,,,,,,,,,,,,,,,,,,,,,,,,,,,,,,,,,,,,,,,,,,,Maine,Tennessee,,,,30.324816837,7.39,41.404895923,-21.53,-11.080079086,13.449972687,71.729712759,1.83,0.15,16.0,22.0
2026-06-15,Rolling 3-Month,2026-01-01,2026-03-31,,State,,,,,,,,,,,,,,,,migration,,,,,,,,,,,,,,,,,,,,,,,,,,,,,,,,,,,,,,,,,,,,,,,,,,,,,,,,,,,,,,,,,Maine,Texas,,,,49.919981028,23.96,195.416333749,-28.06,-145.496352721,85.861005856,245.336314776,3.01,0.12,10.0,6.0
2026-06-15,Rolling 3-Month,2026-01-01,2026-03-31,,State,,,,,,,,,,,,,,,,migration,,,,,,,,,,,,,,,,,,,,,,,,,,,,,,,,,,,,,,,,,,,,,,,,,,,,,,,,,,,,,,,,,Maine,Utah,,,,4.0,33.33,14.592844904,-55.71,-10.592844904,19.356536012,18.592844904,0.24,0.07,38.0,32.0
2026-06-15,Rolling 3-Month,2026-01-01,2026-03-31,,State,,,,,,,,,,,,,,,,migration,,,,,,,,,,,,,,,,,,,,,,,,,,,,,,,,,,,,,,,,,,,,,,,,,,,,,,,,,,,,,,,,,Maine,Vermont,,,,15.471342833,-34.06,71.542301714,37.48,-56.070958881,-27.495866749,87.013644547,0.93,0.77,25.0,18.0
2026-06-15,Rolling 3-Month,2026-01-01,2026-03-31,,State,,,,,,,,,,,,,,,,migration,,,,,,,,,,,,,,,,,,,,,,,,,,,,,,,,,,,,,,,,,,,,,,,,,,,,,,,,,,,,,,,,,Maine,Virginia,,,,51.074908482,3.5,151.37992758,-38.01,-100.305019098,94.548548056,202.454836062,3.08,0.26,9.0,10.0
2026-06-15,Rolling 3-Month,2026-01-01,2026-03-31,,State,,,,,,,,,,,,,,,,migration,,,,,,,,,,,,,,,,,,,,,,,,,,,,,,,,,,,,,,,,,,,,,,,,,,,,,,,,,,,,,,,,,Maine,Washington,,,,34.685719029,6.44,163.922270292,-25.45,-129.236551263,58.064908437,198.607989321,2.09,0.11,14.0,9.0
2026-06-15,Rolling 3-Month,2026-01-01,2026-03-31,,State,,,,,,,,,,,,,,,,migration,,,,,,,,,,,,,,,,,,,,,,,,,,,,,,,,,,,,,,,,,,,,,,,,,,,,,,,,,,,,,,,,,Maine,West Virginia,,,,6.452115413,88.49,3.25974026,-59.25,3.192375153,7.76929823,9.711855672,0.39,0.23,31.0,45.0
2026-06-15,Rolling 3-Month,2026-01-01,2026-03-31,,State,,,,,,,,,,,,,,,,migration,,,,,,,,,,,,,,,,,,,,,,,,,,,,,,,,,,,,,,,,,,,,,,,,,,,,,,,,,,,,,,,,,Maryland,Alabama,,,,105.729590156,-26.62,34.514942921,-1.68,71.214647235,-37.768165331,140.244533077,0.47,1.58,27.0,33.0
2026-06-15,Rolling 3-Month,2026-01-01,2026-03-31,,State,,,,,,,,,,,,,,,,migration,,,,,,,,,,,,,,,,,,,,,,,,,,,,,,,,,,,,,,,,,,,,,,,,,,,,,,,,,,,,,,,,,Maine,Maryland,,,,40.694025108,33.97,145.708793907,-10.91,-105.014768799,28.154774215,186.402819014,2.46,0.23,12.0,11.0
2026-06-15,Rolling 3-Month,2026-01-01,2026-03-31,,State,,,,,,,,,,,,,,,,migration,,,,,,,,,,,,,,,,,,,,,,,,,,,,,,,,,,,,,,,,,,,,,,,,,,,,,,,,,,,,,,,,,Maryland,Alaska,,,,14.152354998,-40.61,11.0,111.86,3.152354998,-15.48674305,25.152354998,0.06,1.59,47.0,42.0
2026-06-15,Rolling 3-Month,2026-01-01,2026-03-31,,State,,,,,,,,,,,,,,,,migration,,,,,,,,,,,,,,,,,,,,,,,,,,,,,,,,,,,,,,,,,,,,,,,,,,,,,,,,,,,,,,,,,Maryland,Arizona,,,,263.411697241,16.2,115.388645271,-28.83,148.02305197,83.478339224,378.800342512,1.17,0.77,15.0,22.0
2026-06-15,Rolling 3-Month,2026-01-01,2026-03-31,,State,,,,,,,,,,,,,,,,migration,,,,,,,,,,,,,,,,,,,,,,,,,,,,,,,,,,,,,,,,,,,,,,,,,,,,,,,,,,,,,,,,,Maryland,Arkansas,,,,36.182161979,8.82,12.344431809,-14.19,23.83773017,4.975155809,48.526593789,0.16,0.86,39.0,40.0
2026-06-15,Rolling 3-Month,2026-01-01,2026-03-31,,State,,,,,,,,,,,,,,,,migration,,,,,,,,,,,,,,,,,,,,,,,,,,,,,,,,,,,,,,,,,,,,,,,,,,,,,,,,,,,,,,,,,Maryland,California,,,,1076.132534751,9.28,888.44918289,-24.65,187.683351861,381.976410787,1964.581717641,4.77,2.06,6.0,6.0
2026-06-15,Rolling 3-Month,2026-01-01,2026-03-31,,State,,,,,,,,,,,,,,,,migration,,,,,,,,,,,,,,,,,,,,,,,,,,,,,,,,,,,,,,,,,,,,,,,,,,,,,,,,,,,,,,,,,Maryland,Colorado,,,,229.060666968,1.86,155.423085347,-23.24,73.637581621,51.21966738,384.483752314,1.02,1.45,17.0,18.0
2026-06-15,Rolling 3-Month,2026-01-01,2026-03-31,,State,,,,,,,,,,,,,,,,migration,,,,,,,,,,,,,,,,,,,,,,,,,,,,,,,,,,,,,,,,,,,,,,,,,,,,,,,,,,,,,,,,,Maryland,Columbia,,,,2156.734760747,-14.18,3360.615165852,-28.42,-1203.880405106,977.712146104,5517.349926599,9.57,40.31,3.0,2.0
2026-06-15,Rolling 3-Month,2026-01-01,2026-03-31,,State,,,,,,,,,,,,,,,,migration,,,,,,,,,,,,,,,,,,,,,,,,,,,,,,,,,,,,,,,,,,,,,,,,,,,,,,,,,,,,,,,,,Maryland,Connecticut,,,,70.654060498,-14.54,132.513772455,28.12,-61.859711956,-41.105071035,203.167832953,0.31,1.33,28.0,20.0
2026-06-15,Rolling 3-Month,2026-01-01,2026-03-31,,State,,,,,,,,,,,,,,,,migration,,,,,,,,,,,,,,,,,,,,,,,,,,,,,,,,,,,,,,,,,,,,,,,,,,,,,,,,,,,,,,,,,Maine,South Dakota,,,,1.0,-50.0,1.0,-75.0,0.0,2.0,2.0,0.06,0.13,46.0,47.0
2026-06-15,Rolling 3-Month,2026-01-01,2026-03-31,,State,,,,,,,,,,,,,,,,migration,,,,,,,,,,,,,,,,,,,,,,,,,,,,,,,,,,,,,,,,,,,,,,,,,,,,,,,,,,,,,,,,,Maine,South Carolina,,,,58.749938374,-13.24,39.739141456,-8.43,19.010796919,-5.310615555,98.48907983,3.55,0.31,7.0,23.0
2026-06-15,Rolling 3-Month,2026-01-01,2026-03-31,,State,,,,,,,,,,,,,,,,migration,,,,,,,,,,,,,,,,,,,,,,,,,,,,,,,,,,,,,,,,,,,,,,,,,,,,,,,,,,,,,,,,,Maine,Rhode Island,,,,7.454331134,-66.51,104.43666688,4.23,-96.982335746,-19.046295781,111.890998013,0.45,0.33,29.0,14.0
2026-06-15,Rolling 3-Month,2026-01-01,2026-03-31,,State,,,,,,,,,,,,,,,,migration,,,,,,,,,,,,,,,,,,,,,,,,,,,,,,,,,,,,,,,,,,,,,,,,,,,,,,,,,,,,,,,,,Maine,Pennsylvania,,,,54.743482251,28.38,188.229935691,-15.4,-133.486453441,46.355408852,242.973417942,3.3,0.33,8.0,7.0
2026-06-15,Rolling 3-Month,2026-01-01,2026-03-31,,State,,,,,,,,,,,,,,,,migration,,,,,,,,,,,,,,,,,,,,,,,,,,,,,,,,,,,,,,,,,,,,,,,,,,,,,,,,,,,,,,,,,Maine,Massachusetts,,,,165.51367357,-17.28,1948.353440486,-28.44,-1782.839766916,739.604718173,2113.867114055,9.99,1.68,2.0,1.0
2026-06-15,Rolling 3-Month,2026-01-01,2026-03-31,,State,,,,,,,,,,,,,,,,migration,,,,,,,,,,,,,,,,,,,,,,,,,,,,,,,,,,,,,,,,,,,,,,,,,,,,,,,,,,,,,,,,,Maine,Michigan,,,,17.444925535,-24.47,26.007215493,-19.17,-8.562289957,0.5153619779,43.452141028,1.05,0.18,23.0,26.0
2026-06-15,Rolling 3-Month,2026-01-01,2026-03-31,,State,,,,,,,,,,,,,,,,migration,,,,,,,,,,,,,,,,,,,,,,,,,,,,,,,,,,,,,,,,,,,,,,,,,,,,,,,,,,,,,,,,,Maine,Minnesota,,,,6.088833783,312.26,12.850777971,-48.97,-6.761944188,16.943257264,18.939611754,0.37,0.13,33.0,34.0
2026-06-15,Rolling 3-Month,2026-01-01,2026-03-31,,State,,,,,,,,,,,,,,,,migration,,,,,,,,,,,,,,,,,,,,,,,,,,,,,,,,,,,,,,,,,,,,,,,,,,,,,,,,,,,,,,,,,Maine,Mississippi,,,,4.173233271,317.32,7.0,60.26,-2.826766729,0.5410493627,11.173233271,0.25,0.14,36.0,40.0
2026-06-15,Rolling 3-Month,2026-01-01,2026-03-31,,State,,,,,,,,,,,,,,,,migration,,,,,,,,,,,,,,,,,,,,,,,,,,,,,,,,,,,,,,,,,,,,,,,,,,,,,,,,,,,,,,,,,Maine,Missouri,,,,4.788563403,-28.58,23.627341176,3.72,-18.838777773,-2.762970543,28.415904579,0.29,0.07,35.0,27.0
2026-06-15,Rolling 3-Month,2026-01-01,2026-03-31,,State,,,,,,,,,,,,,,,,migration,,,,,,,,,,,,,,,,,,,,,,,,,,,,,,,,,,,,,,,,,,,,,,,,,,,,,,,,,,,,,,,,,Maine,Montana,,,,7.067729739,253.39,7.677419355,-27.22,-0.6096896162,7.939044259,14.745149093,0.43,0.22,30.0,39.0
2026-06-15,Rolling 3-Month,2026-01-01,2026-03-31,,State,,,,,,,,,,,,,,,,migration,,,,,,,,,,,,,,,,,,,,,,,,,,,,,,,,,,,,,,,,,,,,,,,,,,,,,,,,,,,,,,,,,Maine,Nevada,,,,8.866916589,140.93,16.073261681,-55.1,-7.206345092,24.909910285,24.940178269,0.54,0.05,28.0,29.0
2026-06-15,Rolling 3-Month,2026-01-01,2026-03-31,,State,,,,,,,,,,,,,,,,migration,,,,,,,,,,,,,,,,,,,,,,,,,,,,,,,,,,,,,,,,,,,,,,,,,,,,,,,,,,,,,,,,,Maine,New Hampshire,,,,147.724923618,-4.57,306.964273097,-13.31,-159.239349478,40.042890651,454.689196715,8.91,2.63,3.0,4.0
2026-06-15,Rolling 3-Month,2026-01-01,2026-03-31,,State,,,,,,,,,,,,,,,,migration,,,,,,,,,,,,,,,,,,,,,,,,,,,,,,,,,,,,,,,,,,,,,,,,,,,,,,,,,,,,,,,,,Maine,New Jersey,,,,29.611304348,124.25,108.425834592,-9.7,-78.814530244,28.055833606,138.03713894,1.79,0.2,19.0,13.0
2026-06-15,Rolling 3-Month,2026-01-01,2026-03-31,,State,,,,,,,,,,,,,,,,migration,,,,,,,,,,,,,,,,,,,,,,,,,,,,,,,,,,,,,,,,,,,,,,,,,,,,,,,,,,,,,,,,,Maine,New Mexico,,,,5.289473684,-65.59,14.631507399,-18.13,-9.342033715,-6.839809573,19.920981083,0.32,0.15,34.0,31.0
2026-06-15,Rolling 3-Month,2026-01-01,2026-03-31,,State,,,,,,,,,,,,,,,,migration,,,,,,,,,,,,,,,,,,,,,,,,,,,,,,,,,,,,,,,,,,,,,,,,,,,,,,,,,,,,,,,,,Maine,New York,,,,72.595882085,51.59,294.783787345,-41.45,-222.18790526,233.406783416,367.37966943,4.38,0.5,5.0,5.0
2026-06-15,Rolling 3-Month,2026-01-01,2026-03-31,,State,,,,,,,,,,,,,,,,migration,,,,,,,,,,,,,,,,,,,,,,,,,,,,,,,,,,,,,,,,,,,,,,,,,,,,,,,,,,,,,,,,,Maine,North Carolina,,,,72.833847903,0.6,136.823342941,-26.19,-63.989495039,48.97732875,209.657190844,4.4,0.32,4.0,12.0
2026-06-15,Rolling 3-Month,2026-01-01,2026-03-31,,State,,,,,,,,,,,,,,,,migration,,,,,,,,,,,,,,,,,,,,,,,,,,,,,,,,,,,,,,,,,,,,,,,,,,,,,,,,,,,,,,,,,Maine,Ohio,,,,29.986338637,212.18,58.249662887,7.13,-28.26332425,16.505088251,88.236001524,1.81,0.34,18.0,19.0
2026-06-15,Rolling 3-Month,2026-01-01,2026-03-31,,State,,,,,,,,,,,,,,,,migration,,,,,,,,,,,,,,,,,,,,,,,,,,,,,,,,,,,,,,,,,,,,,,,,,,,,,,,,,,,,,,,,,Maine,Oklahoma,,,,2.315436242,-61.41,12.631022989,1.71,-10.315586748,-3.896982096,14.946459231,0.14,0.05,41.0,35.0
2026-06-15,Rolling 3-Month,2026-01-01,2026-03-31,,State,,,,,,,,,,,,,,,,migration,,,,,,,,,,,,,,,,,,,,,,,,,,,,,,,,,,,,,,,,,,,,,,,,,,,,,,,,,,,,,,,,,Maine,Oregon,,,,18.694058275,192.92,45.901823704,-45.92,-27.207765429,51.28079725,64.595881978,1.13,0.1,22.0,21.0
2026-06-15,Rolling 3-Month,2026-01-01,2026-03-31,,State,,,,,,,,,,,,,,,,migration,,,,,,,,,,,,,,,,,,,,,,,,,,,,,,,,,,,,,,,,,,,,,,,,,,,,,,,,,,,,,,,,,Massachusetts,Oklahoma,,,,39.800068946,18.71,14.577513855,-33.0,25.22255509,13.454435271,54.377582801,0.18,0.89,35.0,39.0
2026-06-15,Rolling 3-Month,2026-01-01,2026-03-31,,State,,,,,,,,,,,,,,,,migration,,,,,,,,,,,,,,,,,,,,,,,,,,,,,,,,,,,,,,,,,,,,,,,,,,,,,,,,,,,,,,,,,Massachusetts,Oregon,,,,88.373546326,-22.94,78.0427637,-41.06,10.330782626,28.050472727,166.416310026,0.41,0.47,27.0,25.0
2026-06-15,Rolling 3-Month,2026-01-01,2026-03-31,,State,,,,,,,,,,,,,,,,migration,,,,,,,,,,,,,,,,,,,,,,,,,,,,,,,,,,,,,,,,,,,,,,,,,,,,,,,,,,,,,,,,,Massachusetts,Pennsylvania,,,,391.779900544,-36.51,283.994968026,-0.52,107.784932518,-223.832008701,675.77486857,1.81,2.37,13.0,11.0
2026-06-15,Rolling 3-Month,2026-01-01,2026-03-31,,State,,,,,,,,,,,,,,,,migration,,,,,,,,,,,,,,,,,,,,,,,,,,,,,,,,,,,,,,,,,,,,,,,,,,,,,,,,,,,,,,,,,Minnesota,Texas,,,,502.707262297,-10.11,336.263238076,-34.56,166.444024221,121.036785498,838.970500372,6.64,1.16,5.0,5.0
2026-06-15,Rolling 3-Month,2026-01-01,2026-03-31,,State,,,,,,,,,,,,,,,,migration,,,,,,,,,,,,,,,,,,,,,,,,,,,,,,,,,,,,,,,,,,,,,,,,,,,,,,,,,,,,,,,,,Minnesota,Oklahoma,,,,51.899680312,33.2,25.845591615,-29.61,26.054088697,23.806857145,77.745271926,0.69,1.16,27.0,29.0
2026-06-15,Rolling 3-Month,2026-01-01,2026-03-31,,State,,,,,,,,,,,,,,,,migration,,,,,,,,,,,,,,,,,,,,,,,,,,,,,,,,,,,,,,,,,,,,,,,,,,,,,,,,,,,,,,,,,Minnesota,Oregon,,,,109.071822569,19.11,104.956652636,-32.46,4.115169934,67.944441469,214.028475205,1.44,0.58,16.0,10.0
2026-06-15,Rolling 3-Month,2026-01-01,2026-03-31,,State,,,,,,,,,,,,,,,,migration,,,,,,,,,,,,,,,,,,,,,,,,,,,,,,,,,,,,,,,,,,,,,,,,,,,,,,,,,,,,,,,,,Minnesota,Pennsylvania,,,,52.556557713,-18.04,33.313399914,-30.72,19.243157798,3.205921422,85.869957627,0.69,0.32,26.0,25.0
2026-06-15,Rolling 3-Month,2026-01-01,2026-03-31,,State,,,,,,,,,,,,,,,,migration,,,,,,,,,,,,,,,,,,,,,,,,,,,,,,,,,,,,,,,,,,,,,,,,,,,,,,,,,,,,,,,,,Minnesota,Rhode Island,,,,7.0,-27.25,0.7321428571,-85.36,6.267857143,1.646055141,7.732142857,0.09,0.31,49.0,49.0
2026-06-15,Rolling 3-Month,2026-01-01,2026-03-31,,State,,,,,,,,,,,,,,,,migration,,,,,,,,,,,,,,,,,,,,,,,,,,,,,,,,,,,,,,,,,,,,,,,,,,,,,,,,,,,,,,,,,Minnesota,South Carolina,,,,91.033988732,-19.64,15.563675428,-20.81,75.470313303,-18.162676458,106.59766416,1.2,0.49,17.0,37.0
2026-06-15,Rolling 3-Month,2026-01-01,2026-03-31,,State,,,,,,,,,,,,,,,,migration,,,,,,,,,,,,,,,,,,,,,,,,,,,,,,,,,,,,,,,,,,,,,,,,,,,,,,,,,,,,,,,,,Minnesota,South Dakota,,,,125.706996828,6.05,31.256382621,-22.25,94.450614207,16.117682087,156.963379449,1.66,16.1,14.0,26.0
2026-06-15,Rolling 3-Month,2026-01-01,2026-03-31,,State,,,,,,,,,,,,,,,,migration,,,,,,,,,,,,,,,,,,,,,,,,,,,,,,,,,,,,,,,,,,,,,,,,,,,,,,,,,,,,,,,,,Minnesota,Tennessee,,,,227.628610074,23.34,66.798835108,-15.7,160.829774965,55.511150724,294.427445182,3.01,1.16,9.0,15.0
2026-06-15,Rolling 3-Month,2026-01-01,2026-03-31,,State,,,,,,,,,,,,,,,,migration,,,,,,,,,,,,,,,,,,,,,,,,,,,,,,,,,,,,,,,,,,,,,,,,,,,,,,,,,,,,,,,,,Minnesota,Utah,,,,41.343820676,12.86,43.702602125,-27.44,-2.358781449,21.240271586,85.046422801,0.55,0.76,32.0,21.0
2026-06-15,Rolling 3-Month,2026-01-01,2026-03-31,,State,,,,,,,,,,,,,,,,migration,,,,,,,,,,,,,,,,,,,,,,,,,,,,,,,,,,,,,,,,,,,,,,,,,,,,,,,,,,,,,,,,,Minnesota,North Dakota,,,,120.286046771,21.71,63.952694263,-25.41,56.333352508,43.241430426,184.238741035,1.59,36.81,15.0,17.0
2026-06-15,Rolling 3-Month,2026-01-01,2026-03-31,,State,,,,,,,,,,,,,,,,migration,,,,,,,,,,,,,,,,,,,,,,,,,,,,,,,,,,,,,,,,,,,,,,,,,,,,,,,,,,,,,,,,,Minnesota,Vermont,,,,8.877823871,8.59,3.0,-20.48,5.877823871,1.47464736,11.877823871,0.12,0.44,48.0,46.0
2026-06-15,Rolling 3-Month,2026-01-01,2026-03-31,,State,,,,,,,,,,,,,,,,migration,,,,,,,,,,,,,,,,,,,,,,,,,,,,,,,,,,,,,,,,,,,,,,,,,,,,,,,,,,,,,,,,,Minnesota,Virginia,,,,57.431353459,-5.57,124.182458926,-15.53,-66.751105467,19.451556683,181.613812385,0.76,0.3,24.0,9.0
2026-06-15,Rolling 3-Month,2026-01-01,2026-03-31,,State,,,,,,,,,,,,,,,,migration,,,,,,,,,,,,,,,,,,,,,,,,,,,,,,,,,,,,,,,,,,,,,,,,,,,,,,,,,,,,,,,,,Minnesota,Washington,,,,233.855270928,-9.92,374.421488801,-29.68,-140.566217873,132.298076166,608.27675973,3.09,0.76,8.0,3.0
2026-06-15,Rolling 3-Month,2026-01-01,2026-03-31,,State,,,,,,,,,,,,,,,,migration,,,,,,,,,,,,,,,,,,,,,,,,,,,,,,,,,,,,,,,,,,,,,,,,,,,,,,,,,,,,,,,,,Minnesota,West Virginia,,,,9.896874731,426.75,1.0,-71.16,8.896874731,10.485533959,10.896874731,0.13,0.36,46.0,48.0
2026-06-15,Rolling 3-Month,2026-01-01,2026-03-31,,State,,,,,,,,,,,,,,,,migration,,,,,,,,,,,,,,,,,,,,,,,,,,,,,,,,,,,,,,,,,,,,,,,,,,,,,,,,,,,,,,,,,Minnesota,Wisconsin,,,,833.594735766,-23.14,272.062700292,-18.0,561.532035474,-191.296104196,1105.657436058,11.02,9.61,2.0,6.0
2026-06-15,Rolling 3-Month,2026-01-01,2026-03-31,,State,,,,,,,,,,,,,,,,migration,,,,,,,,,,,,,,,,,,,,,,,,,,,,,,,,,,,,,,,,,,,,,,,,,,,,,,,,,,,,,,,,,Minnesota,Wyoming,,,,13.276217519,-8.7,0.0,-100.0,13.276217519,3.161881807,13.276217519,0.18,1.41,42.0,50.0
2026-06-15,Rolling 3-Month,2026-01-01,2026-03-31,,State,,,,,,,,,,,,,,,,migration,,,,,,,,,,,,,,,,,,,,,,,,,,,,,,,,,,,,,,,,,,,,,,,,,,,,,,,,,,,,,,,,,Mississippi,Alabama,,,,106.535784056,8.45,158.121565724,-14.75,-51.585781668,35.665236623,264.65734978,8.13,1.6,4.0,7.0
2026-06-15,Rolling 3-Month,2026-01-01,2026-03-31,,State,,,,,,,,,,,,,,,,migration,,,,,,,,,,,,,,,,,,,,,,,,,,,,,,,,,,,,,,,,,,,,,,,,,,,,,,,,,,,,,,,,,Minnesota,Ohio,,,,61.549422531,37.11,36.448014367,-51.75,25.101408165,55.75061698,97.997436898,0.81,0.69,23.0,23.0
2026-06-15,Rolling 3-Month,2026-01-01,2026-03-31,,State,,,,,,,,,,,,,,,,migration,,,,,,,,,,,,,,,,,,,,,,,,,,,,,,,,,,,,,,,,,,,,,,,,,,,,,,,,,,,,,,,,,Minnesota,North Carolina,,,,142.55796895,-11.32,78.856756515,-21.25,63.701212435,3.080626414,221.414725465,1.88,0.62,11.0,13.0
2026-06-15,Rolling 3-Month,2026-01-01,2026-03-31,,State,,,,,,,,,,,,,,,,migration,,,,,,,,,,,,,,,,,,,,,,,,,,,,,,,,,,,,,,,,,,,,,,,,,,,,,,,,,,,,,,,,,Massachusetts,Rhode Island,,,,1132.384099727,-35.17,419.24283496,18.85,713.141264767,-680.688917894,1551.626934687,5.24,50.77,5.0,7.0
2026-06-15,Rolling 3-Month,2026-01-01,2026-03-31,,State,,,,,,,,,,,,,,,,migration,,,,,,,,,,,,,,,,,,,,,,,,,,,,,,,,,,,,,,,,,,,,,,,,,,,,,,,,,,,,,,,,,Minnesota,Minnesota,,,,26150.901158801,-19.07,26150.901158801,-19.07,0.0,0.0,52301.802317602,,,,
2026-06-15,Rolling 3-Month,2026-01-01,2026-03-31,,State,,,,,,,,,,,,,,,,migration,,,,,,,,,,,,,,,,,,,,,,,,,,,,,,,,,,,,,,,,,,,,,,,,,,,,,,,,,,,,,,,,,Minnesota,Kansas,,,,30.828803714,0.32,24.346879469,33.64,6.481924246,-6.028998994,55.175683183,0.41,1.3,36.0,31.0
2026-06-15,Rolling 3-Month,2026-01-01,2026-03-31,,State,,,,,,,,,,,,,,,,migration,,,,,,,,,,,,,,,,,,,,,,,,,,,,,,,,,,,,,,,,,,,,,,,,,,,,,,,,,,,,,,,,,Minnesota,Kentucky,,,,26.563754677,-33.76,21.895773513,28.81,4.667981165,-18.435148914,48.45952819,0.35,0.6,37.0,33.0
2026-06-15,Rolling 3-Month,2026-01-01,2026-03-31,,State,,,,,,,,,,,,,,,,migration,,,,,,,,,,,,,,,,,,,,,,,,,,,,,,,,,,,,,,,,,,,,,,,,,,,,,,,,,,,,,,,,,Minnesota,Louisiana,,,,51.664423354,20.95,23.19760479,363.95,28.466818564,-9.247194751,74.862028145,0.68,0.87,28.0,32.0
2026-06-15,Rolling 3-Month,2026-01-01,2026-03-31,,State,,,,,,,,,,,,,,,,migration,,,,,,,,,,,,,,,,,,,,,,,,,,,,,,,,,,,,,,,,,,,,,,,,,,,,,,,,,,,,,,,,,Minnesota,Maine,,,,12.850777971,-48.97,6.088833783,312.26,6.761944188,-16.943257264,18.939611754,0.17,0.23,43.0,44.0
2026-06-15,Rolling 3-Month,2026-01-01,2026-03-31,,State,,,,,,,,,,,,,,,,migration,,,,,,,,,,,,,,,,,,,,,,,,,,,,,,,,,,,,,,,,,,,,,,,,,,,,,,,,,,,,,,,,,Minnesota,Maryland,,,,69.079223394,50.67,52.995998396,-40.19,16.083224998,58.841333168,122.07522179,0.91,0.4,21.0,19.0
2026-06-15,Rolling 3-Month,2026-01-01,2026-03-31,,State,,,,,,,,,,,,,,,,migration,,,,,,,,,,,,,,,,,,,,,,,,,,,,,,,,,,,,,,,,,,,,,,,,,,,,,,,,,,,,,,,,,Minnesota,Massachusetts,,,,51.656633097,14.77,67.890917898,-12.79,-16.234284802,16.607014651,119.547550995,0.68,0.52,29.0,14.0
2026-06-15,Rolling 3-Month,2026-01-01,2026-03-31,,State,,,,,,,,,,,,,,,,migration,,,,,,,,,,,,,,,,,,,,,,,,,,,,,,,,,,,,,,,,,,,,,,,,,,,,,,,,,,,,,,,,,Minnesota,Michigan,,,,75.404338865,-40.6,47.818015579,-21.99,27.586323286,-38.057235667,123.222354444,1.0,0.8,19.0,20.0
2026-06-15,Rolling 3-Month,2026-01-01,2026-03-31,,State,,,,,,,,,,,,,,,,migration,,,,,,,,,,,,,,,,,,,,,,,,,,,,,,,,,,,,,,,,,,,,,,,,,,,,,,,,,,,,,,,,,Minnesota,Mississippi,,,,22.813078734,-2.18,11.242424242,24.92,11.570654492,-2.751121464,34.055502976,0.3,0.75,38.0,39.0
2026-06-15,Rolling 3-Month,2026-01-01,2026-03-31,,State,,,,,,,,,,,,,,,,migration,,,,,,,,,,,,,,,,,,,,,,,,,,,,,,,,,,,,,,,,,,,,,,,,,,,,,,,,,,,,,,,,,Minnesota,New York,,,,68.789032823,-5.26,102.05555801,-29.22,-33.266525187,38.314262214,170.844590833,0.91,0.47,22.0,11.0
2026-06-15,Rolling 3-Month,2026-01-01,2026-03-31,,State,,,,,,,,,,,,,,,,migration,,,,,,,,,,,,,,,,,,,,,,,,,,,,,,,,,,,,,,,,,,,,,,,,,,,,,,,,,,,,,,,,,Minnesota,Missouri,,,,130.785606942,11.18,62.880744881,-42.33,67.904862061,59.30240176,193.666351823,1.73,1.9,12.0,18.0
2026-06-15,Rolling 3-Month,2026-01-01,2026-03-31,,State,,,,,,,,,,,,,,,,migration,,,,,,,,,,,,,,,,,,,,,,,,,,,,,,,,,,,,,,,,,,,,,,,,,,,,,,,,,,,,,,,,,Minnesota,Montana,,,,39.845324578,23.14,9.459120808,-41.59,30.38620377,14.221961733,49.304445387,0.53,1.24,33.0,42.0
2026-06-15,Rolling 3-Month,2026-01-01,2026-03-31,,State,,,,,,,,,,,,,,,,migration,,,,,,,,,,,,,,,,,,,,,,,,,,,,,,,,,,,,,,,,,,,,,,,,,,,,,,,,,,,,,,,,,Minnesota,Nebraska,,,,52.874792269,58.47,29.792685847,-38.15,23.082106422,37.889731311,82.667478116,0.7,4.21,25.0,27.0
2026-06-15,Rolling 3-Month,2026-01-01,2026-03-31,,State,,,,,,,,,,,,,,,,migration,,,,,,,,,,,,,,,,,,,,,,,,,,,,,,,,,,,,,,,,,,,,,,,,,,,,,,,,,,,,,,,,,Minnesota,Nevada,,,,90.069263149,-15.67,38.038504533,-58.08,52.030758616,35.969060375,128.107767683,1.19,0.46,18.0,22.0
2026-06-15,Rolling 3-Month,2026-01-01,2026-03-31,,State,,,,,,,,,,,,,,,,migration,,,,,,,,,,,,,,,,,,,,,,,,,,,,,,,,,,,,,,,,,,,,,,,,,,,,,,,,,,,,,,,,,Minnesota,New Hampshire,,,,14.267002012,-13.53,2.207407407,-74.07,12.059594605,4.072709344,16.474409419,0.19,0.25,41.0,47.0
2026-06-15,Rolling 3-Month,2026-01-01,2026-03-31,,State,,,,,,,,,,,,,,,,migration,,,,,,,,,,,,,,,,,,,,,,,,,,,,,,,,,,,,,,,,,,,,,,,,,,,,,,,,,,,,,,,,,Minnesota,New Jersey,,,,17.968156227,1.96,18.082933287,-42.27,-0.1147770598,13.586962443,36.051089513,0.24,0.12,40.0,35.0
2026-06-15,Rolling 3-Month,2026-01-01,2026-03-31,,State,,,,,,,,,,,,,,,,migration,,,,,,,,,,,,,,,,,,,,,,,,,,,,,,,,,,,,,,,,,,,,,,,,,,,,,,,,,,,,,,,,,Minnesota,New Mexico,,,,34.722615597,-12.79,10.44465729,-39.48,24.277958307,1.723859763,45.167272887,0.46,1.01,35.0,41.0
2026-06-15,Rolling 3-Month,2026-01-01,2026-03-31,,State,,,,,,,,,,,,,,,,migration,,,,,,,,,,,,,,,,,,,,,,,,,,,,,,,,,,,,,,,,,,,,,,,,,,,,,,,,,,,,,,,,,Mississippi,Arizona,,,,25.219694325,5.19,41.772216945,-38.34,-16.552522619,27.221431871,66.99191127,1.93,0.07,11.0,13.0
2026-06-15,Rolling 3-Month,2026-01-01,2026-03-31,,State,,,,,,,,,,,,,,,,migration,,,,,,,,,,,,,,,,,,,,,,,,,,,,,,,,,,,,,,,,,,,,,,,,,,,,,,,,,,,,,,,,,Mississippi,Arkansas,,,,29.841782615,-24.66,39.250384767,-14.54,-9.408602151,-3.091687241,69.092167382,2.28,0.71,10.0,16.0
2026-06-15,Rolling 3-Month,2026-01-01,2026-03-31,,State,,,,,,,,,,,,,,,,migration,,,,,,,,,,,,,,,,,,,,,,,,,,,,,,,,,,,,,,,,,,,,,,,,,,,,,,,,,,,,,,,,,Mississippi,California,,,,52.91503435,43.77,344.523686593,-6.57,-291.608652243,40.339150975,397.438720943,4.04,0.1,7.0,3.0
2026-06-15,Rolling 3-Month,2026-01-01,2026-03-31,,State,,,,,,,,,,,,,,,,migration,,,,,,,,,,,,,,,,,,,,,,,,,,,,,,,,,,,,,,,,,,,,,,,,,,,,,,,,,,,,,,,,,Mississippi,Ohio,,,,3.270094086,-23.7,29.276674275,-46.96,-26.006580189,24.902424443,32.546768361,0.25,0.04,36.0,22.0
2026-06-15,Rolling 3-Month,2026-01-01,2026-03-31,,State,,,,,,,,,,,,,,,,migration,,,,,,,,,,,,,,,,,,,,,,,,,,,,,,,,,,,,,,,,,,,,,,,,,,,,,,,,,,,,,,,,,Mississippi,Montana,,,,2.0,100.0,2.0,0.0,0.0,1.0,4.0,0.15,0.06,38.0,43.0
2026-06-15,Rolling 3-Month,2026-01-01,2026-03-31,,State,,,,,,,,,,,,,,,,migration,,,,,,,,,,,,,,,,,,,,,,,,,,,,,,,,,,,,,,,,,,,,,,,,,,,,,,,,,,,,,,,,,Mississippi,Nebraska,,,,2.0,-17.81,6.0,-34.07,-4.0,2.666561625,8.0,0.15,0.16,39.0,39.0
2026-06-15,Rolling 3-Month,2026-01-01,2026-03-31,,State,,,,,,,,,,,,,,,,migration,,,,,,,,,,,,,,,,,,,,,,,,,,,,,,,,,,,,,,,,,,,,,,,,,,,,,,,,,,,,,,,,,Mississippi,Nevada,,,,13.456995702,11.14,50.021978797,12.75,-36.564983094,-4.308584308,63.478974499,1.03,0.07,19.0,12.0
2026-06-15,Rolling 3-Month,2026-01-01,2026-03-31,,State,,,,,,,,,,,,,,,,migration,,,,,,,,,,,,,,,,,,,,,,,,,,,,,,,,,,,,,,,,,,,,,,,,,,,,,,,,,,,,,,,,,Mississippi,New Jersey,,,,7.0,75.0,15.639295079,120.83,-8.639295079,-5.557093288,22.639295079,0.53,0.05,27.0,28.0
2026-06-15,Rolling 3-Month,2026-01-01,2026-03-31,,State,,,,,,,,,,,,,,,,migration,,,,,,,,,,,,,,,,,,,,,,,,,,,,,,,,,,,,,,,,,,,,,,,,,,,,,,,,,,,,,,,,,Mississippi,New Mexico,,,,1.950902728,-65.96,4.752617655,18.82,-2.801714928,-4.532211381,6.703520383,0.15,0.06,42.0,40.0
2026-06-15,Rolling 3-Month,2026-01-01,2026-03-31,,State,,,,,,,,,,,,,,,,migration,,,,,,,,,,,,,,,,,,,,,,,,,,,,,,,,,,,,,,,,,,,,,,,,,,,,,,,,,,,,,,,,,Mississippi,New York,,,,13.139671976,48.18,33.24840025,-41.94,-20.108728274,28.285226024,46.388072226,1.0,0.09,20.0,19.0
2026-06-15,Rolling 3-Month,2026-01-01,2026-03-31,,State,,,,,,,,,,,,,,,,migration,,,,,,,,,,,,,,,,,,,,,,,,,,,,,,,,,,,,,,,,,,,,,,,,,,,,,,,,,,,,,,,,,Mississippi,North Carolina,,,,32.997706114,-39.58,39.397525504,-18.79,-6.39981939,-12.501768473,72.395231618,2.52,0.14,9.0,15.0
2026-06-15,Rolling 3-Month,2026-01-01,2026-03-31,,State,,,,,,,,,,,,,,,,migration,,,,,,,,,,,,,,,,,,,,,,,,,,,,,,,,,,,,,,,,,,,,,,,,,,,,,,,,,,,,,,,,,Mississippi,Oklahoma,,,,19.0,10.49,17.726799077,10.42,1.273200923,0.1321581394,36.726799077,1.45,0.42,16.0,26.0
2026-06-15,Rolling 3-Month,2026-01-01,2026-03-31,,State,,,,,,,,,,,,,,,,migration,,,,,,,,,,,,,,,,,,,,,,,,,,,,,,,,,,,,,,,,,,,,,,,,,,,,,,,,,,,,,,,,,Mississippi,Colorado,,,,20.80547253,28.06,50.360677612,-40.98,-29.555205083,39.522953694,71.166150142,1.59,0.13,14.0,11.0
2026-06-15,Rolling 3-Month,2026-01-01,2026-03-31,,State,,,,,,,,,,,,,,,,migration,,,,,,,,,,,,,,,,,,,,,,,,,,,,,,,,,,,,,,,,,,,,,,,,,,,,,,,,,,,,,,,,,Mississippi,Oregon,,,,7.208695652,260.43,35.614303007,0.96,-28.405607355,4.868835275,42.82299866,0.55,0.04,25.0,18.0
2026-06-15,Rolling 3-Month,2026-01-01,2026-03-31,,State,,,,,,,,,,,,,,,,migration,,,,,,,,,,,,,,,,,,,,,,,,,,,,,,,,,,,,,,,,,,,,,,,,,,,,,,,,,,,,,,,,,Mississippi,Pennsylvania,,,,10.782637068,37.45,21.758701843,-30.5,-10.976064775,12.484548096,32.541338911,0.82,0.07,24.0,25.0
2026-06-15,Rolling 3-Month,2026-01-01,2026-03-31,,State,,,,,,,,,,,,,,,,migration,,,,,,,,,,,,,,,,,,,,,,,,,,,,,,,,,,,,,,,,,,,,,,,,,,,,,,,,,,,,,,,,,Mississippi,South Carolina,,,,17.228948157,30.25,14.677112578,-16.54,2.551835579,6.909610911,31.906060735,1.32,0.09,17.0,30.0
2026-06-15,Rolling 3-Month,2026-01-01,2026-03-31,,State,,,,,,,,,,,,,,,,migration,,,,,,,,,,,,,,,,,,,,,,,,,,,,,,,,,,,,,,,,,,,,,,,,,,,,,,,,,,,,,,,,,Mississippi,South Dakota,,,,2.0,,4.0,,-2.0,,6.0,0.15,0.26,41.0,42.0
2026-06-15,Rolling 3-Month,2026-01-01,2026-03-31,,State,,,,,,,,,,,,,,,,migration,,,,,,,,,,,,,,,,,,,,,,,,,,,,,,,,,,,,,,,,,,,,,,,,,,,,,,,,,,,,,,,,,Mississippi,Tennessee,,,,192.311120451,5.23,393.789648084,-21.44,-201.478527633,117.017245922,586.100768536,14.68,0.98,2.0,2.0
2026-06-15,Rolling 3-Month,2026-01-01,2026-03-31,,State,,,,,,,,,,,,,,,,migration,,,,,,,,,,,,,,,,,,,,,,,,,,,,,,,,,,,,,,,,,,,,,,,,,,,,,,,,,,,,,,,,,Mississippi,Texas,,,,192.635957201,6.97,287.63982686,13.39,-95.003869659,-21.431583981,480.275784061,14.71,0.44,1.0,4.0
2026-06-15,Rolling 3-Month,2026-01-01,2026-03-31,,State,,,,,,,,,,,,,,,,migration,,,,,,,,,,,,,,,,,,,,,,,,,,,,,,,,,,,,,,,,,,,,,,,,,,,,,,,,,,,,,,,,,Mississippi,Utah,,,,4.251348499,112.57,6.212665237,-70.04,-1.961316737,16.773467201,10.464013736,0.32,0.08,35.0,36.0
2026-06-15,Rolling 3-Month,2026-01-01,2026-03-31,,State,,,,,,,,,,,,,,,,migration,,,,,,,,,,,,,,,,,,,,,,,,,,,,,,,,,,,,,,,,,,,,,,,,,,,,,,,,,,,,,,,,,Mississippi,Missouri,,,,25.198237885,60.33,40.905570453,-18.99,-15.707332568,19.069037679,66.103808339,1.92,0.37,12.0,14.0
2026-06-15,Rolling 3-Month,2026-01-01,2026-03-31,,State,,,,,,,,,,,,,,,,migration,,,,,,,,,,,,,,,,,,,,,,,,,,,,,,,,,,,,,,,,,,,,,,,,,,,,,,,,,,,,,,,,,Mississippi,Mississippi,,,,1609.38792634,-5.81,1609.38792634,-5.81,0.0,0.0,3218.77585268,,,,
2026-06-15,Rolling 3-Month,2026-01-01,2026-03-31,,State,,,,,,,,,,,,,,,,migration,,,,,,,,,,,,,,,,,,,,,,,,,,,,,,,,,,,,,,,,,,,,,,,,,,,,,,,,,,,,,,,,,Mississippi,Minnesota,,,,11.242424242,24.92,22.813078734,-2.18,-11.570654492,2.751121464,34.055502976,0.86,0.24,23.0,24.0
2026-06-15,Rolling 3-Month,2026-01-01,2026-03-31,,State,,,,,,,,,,,,,,,,migration,,,,,,,,,,,,,,,,,,,,,,,,,,,,,,,,,,,,,,,,,,,,,,,,,,,,,,,,,,,,,,,,,Mississippi,Michigan,,,,12.514747058,98.6,25.156372666,-41.72,-12.641625608,24.222432419,37.671119724,0.96,0.13,21.0,23.0
2026-06-15,Rolling 3-Month,2026-01-01,2026-03-31,,State,,,,,,,,,,,,,,,,migration,,,,,,,,,,,,,,,,,,,,,,,,,,,,,,,,,,,,,,,,,,,,,,,,,,,,,,,,,,,,,,,,,Mississippi,Columbia,,,,4.776595745,-28.54,6.014367816,-9.71,-1.237772071,-1.261020133,10.790963561,0.36,0.09,34.0,38.0
2026-06-15,Rolling 3-Month,2026-01-01,2026-03-31,,State,,,,,,,,,,,,,,,,migration,,,,,,,,,,,,,,,,,,,,,,,,,,,,,,,,,,,,,,,,,,,,,,,,,,,,,,,,,,,,,,,,,Mississippi,Connecticut,,,,6.743951613,58.16,15.63379416,147.6,-8.889842547,-6.839639001,22.377745773,0.51,0.13,29.0,29.0
2026-06-15,Rolling 3-Month,2026-01-01,2026-03-31,,State,,,,,,,,,,,,,,,,migration,,,,,,,,,,,,,,,,,,,,,,,,,,,,,,,,,,,,,,,,,,,,,,,,,,,,,,,,,,,,,,,,,Mississippi,Delaware,,,,1.0,,6.688940092,,-5.688940092,,7.688940092,0.08,0.02,44.0,35.0
2026-06-15,Rolling 3-Month,2026-01-01,2026-03-31,,State,,,,,,,,,,,,,,,,migration,,,,,,,,,,,,,,,,,,,,,,,,,,,,,,,,,,,,,,,,,,,,,,,,,,,,,,,,,,,,,,,,,Mississippi,Florida,,,,105.960462242,-14.57,166.482374316,-19.66,-60.521912074,22.664916752,272.442836559,8.09,0.13,6.0,6.0
2026-06-15,Rolling 3-Month,2026-01-01,2026-03-31,,State,,,,,,,,,,,,,,,,migration,,,,,,,,,,,,,,,,,,,,,,,,,,,,,,,,,,,,,,,,,,,,,,,,,,,,,,,,,,,,,,,,,Mississippi,Georgia,,,,39.03405384,-32.12,135.427817061,-45.71,-96.39376322,95.536055502,174.461870901,2.98,0.21,8.0,8.0
2026-06-15,Rolling 3-Month,2026-01-01,2026-03-31,,State,,,,,,,,,,,,,,,,migration,,,,,,,,,,,,,,,,,,,,,,,,,,,,,,,,,,,,,,,,,,,,,,,,,,,,,,,,,,,,,,,,,Mississippi,Hawaii,,,,7.187799043,-1.77,10.889567926,88.79,-3.701768883,-5.251301512,18.077366969,0.55,0.07,26.0,31.0
2026-06-15,Rolling 3-Month,2026-01-01,2026-03-31,,State,,,,,,,,,,,,,,,,migration,,,,,,,,,,,,,,,,,,,,,,,,,,,,,,,,,,,,,,,,,,,,,,,,,,,,,,,,,,,,,,,,,Mississippi,Idaho,,,,2.0,100.0,8.076023392,155.47,-6.076023392,-3.91482913,10.076023392,0.15,0.02,40.0,34.0
2026-06-15,Rolling 3-Month,2026-01-01,2026-03-31,,State,,,,,,,,,,,,,,,,migration,,,,,,,,,,,,,,,,,,,,,,,,,,,,,,,,,,,,,,,,,,,,,,,,,,,,,,,,,,,,,,,,,Mississippi,Illinois,,,,124.993774759,50.81,201.633975248,-16.47,-76.640200489,81.879775454,326.627750008,9.54,0.66,3.0,5.0
2026-06-15,Rolling 3-Month,2026-01-01,2026-03-31,,State,,,,,,,,,,,,,,,,migration,,,,,,,,,,,,,,,,,,,,,,,,,,,,,,,,,,,,,,,,,,,,,,,,,,,,,,,,,,,,,,,,,Mississippi,Indiana,,,,14.511111111,69.0,30.392148414,-22.43,-15.881037303,14.714028253,44.903259525,1.11,0.16,18.0,21.0
2026-06-15,Rolling 3-Month,2026-01-01,2026-03-31,,State,,,,,,,,,,,,,,,,migration,,,,,,,,,,,,,,,,,,,,,,,,,,,,,,,,,,,,,,,,,,,,,,,,,,,,,,,,,,,,,,,,,Mississippi,Iowa,,,,3.0,0.0,6.138157895,18.83,-3.138157895,-0.9724761588,9.138157895,0.23,0.15,37.0,37.0
2026-06-15,Rolling 3-Month,2026-01-01,2026-03-31,,State,,,,,,,,,,,,,,,,migration,,,,,,,,,,,,,,,,,,,,,,,,,,,,,,,,,,,,,,,,,,,,,,,,,,,,,,,,,,,,,,,,,Mississippi,Kentucky,,,,6.294117647,305.24,8.451612903,-31.62,-2.157495256,8.649283802,14.74573055,0.48,0.14,30.0,33.0
2026-06-15,Rolling 3-Month,2026-01-01,2026-03-31,,State,,,,,,,,,,,,,,,,migration,,,,,,,,,,,,,,,,,,,,,,,,,,,,,,,,,,,,,,,,,,,,,,,,,,,,,,,,,,,,,,,,,Mississippi,Louisiana,,,,106.400055129,11.15,417.989422334,-6.15,-311.589367205,38.057571447,524.389477464,8.12,1.79,5.0,1.0
2026-06-15,Rolling 3-Month,2026-01-01,2026-03-31,,State,,,,,,,,,,,,,,,,migration,,,,,,,,,,,,,,,,,,,,,,,,,,,,,,,,,,,,,,,,,,,,,,,,,,,,,,,,,,,,,,,,,Mississippi,Maine,,,,7.0,60.26,4.173233271,317.32,2.826766729,-0.5410493627,11.173233271,0.53,0.13,28.0,41.0
2026-06-15,Rolling 3-Month,2026-01-01,2026-03-31,,State,,,,,,,,,,,,,,,,migration,,,,,,,,,,,,,,,,,,,,,,,,,,,,,,,,,,,,,,,,,,,,,,,,,,,,,,,,,,,,,,,,,Mississippi,Maryland,,,,5.0,-80.07,36.479857924,28.76,-31.479857924,-28.234782678,41.479857924,0.38,0.03,32.0,17.0
2026-06-15,Rolling 3-Month,2026-01-01,2026-03-31,,State,,,,,,,,,,,,,,,,migration,,,,,,,,,,,,,,,,,,,,,,,,,,,,,,,,,,,,,,,,,,,,,,,,,,,,,,,,,,,,,,,,,Mississippi,Massachusetts,,,,5.98849252,175.06,17.474226063,0.65,-11.485733543,3.698952074,23.462718583,0.46,0.06,31.0,27.0
2026-06-15,Rolling 3-Month,2026-01-01,2026-03-31,,State,,,,,,,,,,,,,,,,migration,,,,,,,,,,,,,,,,,,,,,,,,,,,,,,,,,,,,,,,,,,,,,,,,,,,,,,,,,,,,,,,,,Minnesota,Iowa,,,,437.919540104,7.34,97.330754408,-20.91,340.588785696,55.66095878,535.250294512,5.79,21.52,7.0,12.0
2026-06-15,Rolling 3-Month,2026-01-01,2026-03-31,,State,,,,,,,,,,,,,,,,migration,,,,,,,,,,,,,,,,,,,,,,,,,,,,,,,,,,,,,,,,,,,,,,,,,,,,,,,,,,,,,,,,,Minnesota,Indiana,,,,49.426155801,-7.08,28.408472859,-41.1,21.017682942,16.058399928,77.83462866,0.65,0.55,30.0,28.0
2026-06-15,Rolling 3-Month,2026-01-01,2026-03-31,,State,,,,,,,,,,,,,,,,migration,,,,,,,,,,,,,,,,,,,,,,,,,,,,,,,,,,,,,,,,,,,,,,,,,,,,,,,,,,,,,,,,,Minnesota,Illinois,,,,497.027281836,1.04,755.438766965,-40.49,-258.411485129,519.144123455,1252.466048802,6.57,2.63,6.0,1.0
2026-06-15,Rolling 3-Month,2026-01-01,2026-03-31,,State,,,,,,,,,,,,,,,,migration,,,,,,,,,,,,,,,,,,,,,,,,,,,,,,,,,,,,,,,,,,,,,,,,,,,,,,,,,,,,,,,,,Michigan,Iowa,,,,8.509466878,-32.12,42.0,137.38,-33.490533122,-28.333996369,50.509466878,0.09,0.42,47.0,28.0
2026-06-15,Rolling 3-Month,2026-01-01,2026-03-31,,State,,,,,,,,,,,,,,,,migration,,,,,,,,,,,,,,,,,,,,,,,,,,,,,,,,,,,,,,,,,,,,,,,,,,,,,,,,,,,,,,,,,Michigan,Delaware,,,,11.546728708,17.97,5.624046185,13.7,5.922682524,1.081580976,17.170774893,0.12,0.26,44.0,46.0
2026-06-15,Rolling 3-Month,2026-01-01,2026-03-31,,State,,,,,,,,,,,,,,,,migration,,,,,,,,,,,,,,,,,,,,,,,,,,,,,,,,,,,,,,,,,,,,,,,,,,,,,,,,,,,,,,,,,Michigan,Florida,,,,2162.031774986,16.85,968.562912332,-14.83,1193.468862655,480.478721764,3130.594687318,22.75,2.65,1.0,3.0
2026-06-15,Rolling 3-Month,2026-01-01,2026-03-31,,State,,,,,,,,,,,,,,,,migration,,,,,,,,,,,,,,,,,,,,,,,,,,,,,,,,,,,,,,,,,,,,,,,,,,,,,,,,,,,,,,,,,Michigan,Georgia,,,,414.493061461,31.14,244.760957131,-2.86,169.73210433,105.632961873,659.254018592,4.36,2.21,7.0,12.0
2026-06-15,Rolling 3-Month,2026-01-01,2026-03-31,,State,,,,,,,,,,,,,,,,migration,,,,,,,,,,,,,,,,,,,,,,,,,,,,,,,,,,,,,,,,,,,,,,,,,,,,,,,,,,,,,,,,,Michigan,Hawaii,,,,64.657172252,1.77,35.646167185,-34.02,29.011005067,19.501982224,100.303339437,0.68,0.61,26.0,30.0
2026-06-15,Rolling 3-Month,2026-01-01,2026-03-31,,State,,,,,,,,,,,,,,,,migration,,,,,,,,,,,,,,,,,,,,,,,,,,,,,,,,,,,,,,,,,,,,,,,,,,,,,,,,,,,,,,,,,Michigan,Idaho,,,,18.753494743,-23.17,16.413272575,2.93,2.340222169,-6.121903776,35.166767318,0.2,0.18,38.0,37.0
2026-06-15,Rolling 3-Month,2026-01-01,2026-03-31,,State,,,,,,,,,,,,,,,,migration,,,,,,,,,,,,,,,,,,,,,,,,,,,,,,,,,,,,,,,,,,,,,,,,,,,,,,,,,,,,,,,,,Michigan,Illinois,,,,680.753662997,-8.55,2463.444183219,-27.52,-1782.690520222,871.600619421,3144.197846216,7.16,3.61,3.0,1.0
2026-06-15,Rolling 3-Month,2026-01-01,2026-03-31,,State,,,,,,,,,,,,,,,,migration,,,,,,,,,,,,,,,,,,,,,,,,,,,,,,,,,,,,,,,,,,,,,,,,,,,,,,,,,,,,,,,,,Michigan,Indiana,,,,234.039891227,-12.33,347.844727446,2.53,-113.804836219,-41.494915847,581.884618673,2.46,2.62,12.0,7.0
2026-06-15,Rolling 3-Month,2026-01-01,2026-03-31,,State,,,,,,,,,,,,,,,,migration,,,,,,,,,,,,,,,,,,,,,,,,,,,,,,,,,,,,,,,,,,,,,,,,,,,,,,,,,,,,,,,,,Michigan,Kansas,,,,5.830983711,-58.52,8.588235294,-52.09,-2.757251583,1.110316961,14.419219005,0.06,0.25,48.0,44.0
2026-06-15,Rolling 3-Month,2026-01-01,2026-03-31,,State,,,,,,,,,,,,,,,,migration,,,,,,,,,,,,,,,,,,,,,,,,,,,,,,,,,,,,,,,,,,,,,,,,,,,,,,,,,,,,,,,,,Michigan,Missouri,,,,71.186920835,-12.33,51.469973217,-34.1,19.716947617,16.626680839,122.656894052,0.75,1.03,25.0,26.0
2026-06-15,Rolling 3-Month,2026-01-01,2026-03-31,,State,,,,,,,,,,,,,,,,migration,,,,,,,,,,,,,,,,,,,,,,,,,,,,,,,,,,,,,,,,,,,,,,,,,,,,,,,,,,,,,,,,,Michigan,Kentucky,,,,90.055757608,-19.32,63.720986939,8.75,26.334770669,-26.685986127,153.776744547,0.95,2.03,24.0,24.0
2026-06-15,Rolling 3-Month,2026-01-01,2026-03-31,,State,,,,,,,,,,,,,,,,migration,,,,,,,,,,,,,,,,,,,,,,,,,,,,,,,,,,,,,,,,,,,,,,,,,,,,,,,,,,,,,,,,,Michigan,Louisiana,,,,53.638403848,22.59,30.421052632,-39.26,23.217351216,29.546593261,84.05945648,0.56,0.9,27.0,32.0
2026-06-15,Rolling 3-Month,2026-01-01,2026-03-31,,State,,,,,,,,,,,,,,,,migration,,,,,,,,,,,,,,,,,,,,,,,,,,,,,,,,,,,,,,,,,,,,,,,,,,,,,,,,,,,,,,,,,Michigan,Maine,,,,26.007215493,-19.17,17.444925535,-24.47,8.562289957,-0.5153619779,43.452141028,0.27,0.47,34.0,36.0
2026-06-15,Rolling 3-Month,2026-01-01,2026-03-31,,State,,,,,,,,,,,,,,,,migration,,,,,,,,,,,,,,,,,,,,,,,,,,,,,,,,,,,,,,,,,,,,,,,,,,,,,,,,,,,,,,,,,Michigan,Maryland,,,,186.807244528,31.71,124.729304293,-28.96,62.077940235,95.811900435,311.536548821,1.97,1.08,17.0,16.0
2026-06-15,Rolling 3-Month,2026-01-01,2026-03-31,,State,,,,,,,,,,,,,,,,migration,,,,,,,,,,,,,,,,,,,,,,,,,,,,,,,,,,,,,,,,,,,,,,,,,,,,,,,,,,,,,,,,,Michigan,Massachusetts,,,,123.203269463,13.28,95.728916606,-7.73,27.474352857,22.454070131,218.932186069,1.3,1.25,20.0,19.0
2026-06-15,Rolling 3-Month,2026-01-01,2026-03-31,,State,,,,,,,,,,,,,,,,migration,,,,,,,,,,,,,,,,,,,,,,,,,,,,,,,,,,,,,,,,,,,,,,,,,,,,,,,,,,,,,,,,,Michigan,Michigan,,,,43764.452658293,-11.77,43764.452658293,-11.77,0.0,0.0,87528.905316585,,,,
2026-06-15,Rolling 3-Month,2026-01-01,2026-03-31,,State,,,,,,,,,,,,,,,,migration,,,,,,,,,,,,,,,,,,,,,,,,,,,,,,,,,,,,,,,,,,,,,,,,,,,,,,,,,,,,,,,,,Michigan,Minnesota,,,,47.818015579,-21.99,75.404338865,-40.6,-27.586323286,38.057235667,123.222354444,0.5,1.01,28.0,21.0
2026-06-15,Rolling 3-Month,2026-01-01,2026-03-31,,State,,,,,,,,,,,,,,,,migration,,,,,,,,,,,,,,,,,,,,,,,,,,,,,,,,,,,,,,,,,,,,,,,,,,,,,,,,,,,,,,,,,Michigan,Connecticut,,,,36.687971986,-2.26,44.04285341,17.05,-7.354881424,-7.262004756,80.730825396,0.39,0.69,32.0,27.0
2026-06-15,Rolling 3-Month,2026-01-01,2026-03-31,,State,,,,,,,,,,,,,,,,migration,,,,,,,,,,,,,,,,,,,,,,,,,,,,,,,,,,,,,,,,,,,,,,,,,,,,,,,,,,,,,,,,,Michigan,Columbia,,,,44.164395036,22.71,40.489534468,-12.06,3.674860568,13.724230828,84.653929504,0.46,0.83,29.0,29.0
2026-06-15,Rolling 3-Month,2026-01-01,2026-03-31,,State,,,,,,,,,,,,,,,,migration,,,,,,,,,,,,,,,,,,,,,,,,,,,,,,,,,,,,,,,,,,,,,,,,,,,,,,,,,,,,,,,,,Michigan,Colorado,,,,190.992073843,9.89,269.582331017,-26.1,-78.590257174,112.397911082,460.57440486,2.01,1.21,16.0,10.0
2026-06-15,Rolling 3-Month,2026-01-01,2026-03-31,,State,,,,,,,,,,,,,,,,migration,,,,,,,,,,,,,,,,,,,,,,,,,,,,,,,,,,,,,,,,,,,,,,,,,,,,,,,,,,,,,,,,,Michigan,California,,,,842.672561034,19.17,1146.659159352,-36.38,-303.986598319,791.106126969,1989.331720386,8.87,1.61,2.0,2.0
2026-06-15,Rolling 3-Month,2026-01-01,2026-03-31,,State,,,,,,,,,,,,,,,,migration,,,,,,,,,,,,,,,,,,,,,,,,,,,,,,,,,,,,,,,,,,,,,,,,,,,,,,,,,,,,,,,,,Massachusetts,South Carolina,,,,798.459968685,-10.51,99.160357849,15.48,699.299610836,-107.06976576,897.620326535,3.7,4.27,8.0,22.0
2026-06-15,Rolling 3-Month,2026-01-01,2026-03-31,,State,,,,,,,,,,,,,,,,migration,,,,,,,,,,,,,,,,,,,,,,,,,,,,,,,,,,,,,,,,,,,,,,,,,,,,,,,,,,,,,,,,,Massachusetts,South Dakota,,,,1.0,-50.0,5.076489707,407.65,-4.076489707,-5.076489707,6.076489707,0.0,0.13,50.0,45.0
2026-06-15,Rolling 3-Month,2026-01-01,2026-03-31,,State,,,,,,,,,,,,,,,,migration,,,,,,,,,,,,,,,,,,,,,,,,,,,,,,,,,,,,,,,,,,,,,,,,,,,,,,,,,,,,,,,,,Massachusetts,Tennessee,,,,262.41677394,14.81,102.529447725,3.14,159.887326215,30.738843107,364.946221666,1.21,1.34,17.0,21.0
2026-06-15,Rolling 3-Month,2026-01-01,2026-03-31,,State,,,,,,,,,,,,,,,,migration,,,,,,,,,,,,,,,,,,,,,,,,,,,,,,,,,,,,,,,,,,,,,,,,,,,,,,,,,,,,,,,,,Massachusetts,Texas,,,,755.15482962,-18.13,417.872463803,-22.06,337.282365817,-49.018443636,1173.027293424,3.5,1.74,9.0,8.0
2026-06-15,Rolling 3-Month,2026-01-01,2026-03-31,,State,,,,,,,,,,,,,,,,migration,,,,,,,,,,,,,,,,,,,,,,,,,,,,,,,,,,,,,,,,,,,,,,,,,,,,,,,,,,,,,,,,,Massachusetts,Utah,,,,46.599406666,35.98,31.828821998,-31.85,14.770584669,27.205501163,78.428228664,0.22,0.86,33.0,33.0
2026-06-15,Rolling 3-Month,2026-01-01,2026-03-31,,State,,,,,,,,,,,,,,,,migration,,,,,,,,,,,,,,,,,,,,,,,,,,,,,,,,,,,,,,,,,,,,,,,,,,,,,,,,,,,,,,,,,Massachusetts,Vermont,,,,639.823876427,-24.81,83.637540988,2.64,556.186335439,-213.234375071,723.461417415,2.96,31.83,10.0,24.0
2026-06-15,Rolling 3-Month,2026-01-01,2026-03-31,,State,,,,,,,,,,,,,,,,migration,,,,,,,,,,,,,,,,,,,,,,,,,,,,,,,,,,,,,,,,,,,,,,,,,,,,,,,,,,,,,,,,,Massachusetts,Virginia,,,,312.033782768,-39.03,599.58803007,0.48,-287.554247302,-202.65237114,911.621812838,1.44,1.61,14.0,4.0
2026-06-15,Rolling 3-Month,2026-01-01,2026-03-31,,State,,,,,,,,,,,,,,,,migration,,,,,,,,,,,,,,,,,,,,,,,,,,,,,,,,,,,,,,,,,,,,,,,,,,,,,,,,,,,,,,,,,Massachusetts,Washington,,,,266.988413799,-14.25,309.344600053,-34.91,-42.356186255,121.501785837,576.333013852,1.24,0.87,15.0,10.0
2026-06-15,Rolling 3-Month,2026-01-01,2026-03-31,,State,,,,,,,,,,,,,,,,migration,,,,,,,,,,,,,,,,,,,,,,,,,,,,,,,,,,,,,,,,,,,,,,,,,,,,,,,,,,,,,,,,,Massachusetts,West Virginia,,,,21.266561611,26.56,18.817647059,34.94,2.448914552,-0.4096070387,40.08420867,0.1,0.77,39.0,37.0
2026-06-15,Rolling 3-Month,2026-01-01,2026-03-31,,State,,,,,,,,,,,,,,,,migration,,,,,,,,,,,,,,,,,,,,,,,,,,,,,,,,,,,,,,,,,,,,,,,,,,,,,,,,,,,,,,,,,Massachusetts,Wisconsin,,,,32.428984974,-30.94,30.945017619,47.23,1.483967355,-24.459032984,63.374002593,0.15,0.37,37.0,34.0
2026-06-15,Rolling 3-Month,2026-01-01,2026-03-31,,State,,,,,,,,,,,,,,,,migration,,,,,,,,,,,,,,,,,,,,,,,,,,,,,,,,,,,,,,,,,,,,,,,,,,,,,,,,,,,,,,,,,Massachusetts,Wyoming,,,,5.145976025,-22.39,1.0,-75.0,4.145976025,1.515220841,6.145976025,0.02,0.55,47.0,49.0
2026-06-15,Rolling 3-Month,2026-01-01,2026-03-31,,State,,,,,,,,,,,,,,,,migration,,,,,,,,,,,,,,,,,,,,,,,,,,,,,,,,,,,,,,,,,,,,,,,,,,,,,,,,,,,,,,,,,Michigan,Alabama,,,,133.424959007,4.03,55.175150672,17.97,78.249808335,-3.235315733,188.600109679,1.4,2.0,18.0,25.0
2026-06-15,Rolling 3-Month,2026-01-01,2026-03-31,,State,,,,,,,,,,,,,,,,migration,,,,,,,,,,,,,,,,,,,,,,,,,,,,,,,,,,,,,,,,,,,,,,,,,,,,,,,,,,,,,,,,,Michigan,Alaska,,,,15.63986014,78.56,6.01864023,18.23,9.62121991,5.95310603,21.65850037,0.16,1.76,40.0,45.0
2026-06-15,Rolling 3-Month,2026-01-01,2026-03-31,,State,,,,,,,,,,,,,,,,migration,,,,,,,,,,,,,,,,,,,,,,,,,,,,,,,,,,,,,,,,,,,,,,,,,,,,,,,,,,,,,,,,,Michigan,Arizona,,,,460.988959899,30.66,278.564409038,-24.03,182.424550861,196.274548404,739.553368936,4.85,1.35,6.0,9.0
2026-06-15,Rolling 3-Month,2026-01-01,2026-03-31,,State,,,,,,,,,,,,,,,,migration,,,,,,,,,,,,,,,,,,,,,,,,,,,,,,,,,,,,,,,,,,,,,,,,,,,,,,,,,,,,,,,,,Michigan,Arkansas,,,,38.398998037,-24.88,18.123938786,-49.25,20.275059251,4.875394843,56.522936823,0.4,0.91,31.0,35.0
2026-06-15,Rolling 3-Month,2026-01-01,2026-03-31,,State,,,,,,,,,,,,,,,,migration,,,,,,,,,,,,,,,,,,,,,,,,,,,,,,,,,,,,,,,,,,,,,,,,,,,,,,,,,,,,,,,,,Michigan,Mississippi,,,,25.156372666,-41.72,12.514747058,98.6,12.641625608,-24.222432419,37.671119724,0.26,0.83,35.0,41.0
2026-06-15,Rolling 3-Month,2026-01-01,2026-03-31,,State,,,,,,,,,,,,,,,,migration,,,,,,,,,,,,,,,,,,,,,,,,,,,,,,,,,,,,,,,,,,,,,,,,,,,,,,,,,,,,,,,,,Michigan,Montana,,,,10.267925423,-49.52,13.173611111,55.8,-2.905685689,-14.792365971,23.441536534,0.11,0.32,46.0,40.0
2026-06-15,Rolling 3-Month,2026-01-01,2026-03-31,,State,,,,,,,,,,,,,,,,migration,,,,,,,,,,,,,,,,,,,,,,,,,,,,,,,,,,,,,,,,,,,,,,,,,,,,,,,,,,,,,,,,,Minnesota,Idaho,,,,22.261925624,-32.04,14.0,-5.77,8.261925624,-9.635790541,36.261925624,0.29,0.21,39.0,38.0
2026-06-15,Rolling 3-Month,2026-01-01,2026-03-31,,State,,,,,,,,,,,,,,,,migration,,,,,,,,,,,,,,,,,,,,,,,,,,,,,,,,,,,,,,,,,,,,,,,,,,,,,,,,,,,,,,,,,Minnesota,Arkansas,,,,48.503783988,-12.67,18.047588365,3.25,30.456195623,-7.604757874,66.551372354,0.64,1.15,31.0,36.0
2026-06-15,Rolling 3-Month,2026-01-01,2026-03-31,,State,,,,,,,,,,,,,,,,migration,,,,,,,,,,,,,,,,,,,,,,,,,,,,,,,,,,,,,,,,,,,,,,,,,,,,,,,,,,,,,,,,,Michigan,Washington,,,,296.251509411,3.09,381.286774708,-29.96,-85.035265297,172.006106504,677.538284119,3.12,0.96,10.0,6.0
2026-06-15,Rolling 3-Month,2026-01-01,2026-03-31,,State,,,,,,,,,,,,,,,,migration,,,,,,,,,,,,,,,,,,,,,,,,,,,,,,,,,,,,,,,,,,,,,,,,,,,,,,,,,,,,,,,,,Michigan,West Virginia,,,,24.880894898,174.5,15.645238534,-6.0,9.235656364,16.815840201,40.526133432,0.26,0.9,36.0,38.0
2026-06-15,Rolling 3-Month,2026-01-01,2026-03-31,,State,,,,,,,,,,,,,,,,migration,,,,,,,,,,,,,,,,,,,,,,,,,,,,,,,,,,,,,,,,,,,,,,,,,,,,,,,,,,,,,,,,,Michigan,Wisconsin,,,,130.266956906,35.2,95.103768225,-24.91,35.163188681,65.467133582,225.370725131,1.37,1.5,19.0,20.0
2026-06-15,Rolling 3-Month,2026-01-01,2026-03-31,,State,,,,,,,,,,,,,,,,migration,,,,,,,,,,,,,,,,,,,,,,,,,,,,,,,,,,,,,,,,,,,,,,,,,,,,,,,,,,,,,,,,,Michigan,Wyoming,,,,12.032307656,745.67,3.0,-74.62,9.032307656,19.431719358,15.032307656,0.13,1.28,43.0,48.0
2026-06-15,Rolling 3-Month,2026-01-01,2026-03-31,,State,,,,,,,,,,,,,,,,migration,,,,,,,,,,,,,,,,,,,,,,,,,,,,,,,,,,,,,,,,,,,,,,,,,,,,,,,,,,,,,,,,,Minnesota,Alabama,,,,34.953064124,-37.76,20.0,-3.57,14.953064124,-20.467423749,54.953064124,0.46,0.52,34.0,34.0
2026-06-15,Rolling 3-Month,2026-01-01,2026-03-31,,State,,,,,,,,,,,,,,,,migration,,,,,,,,,,,,,,,,,,,,,,,,,,,,,,,,,,,,,,,,,,,,,,,,,,,,,,,,,,,,,,,,,Minnesota,Alaska,,,,4.300374153,-48.73,3.0,-65.58,1.300374153,1.628589041,7.300374153,0.06,0.48,50.0,45.0
2026-06-15,Rolling 3-Month,2026-01-01,2026-03-31,,State,,,,,,,,,,,,,,,,migration,,,,,,,,,,,,,,,,,,,,,,,,,,,,,,,,,,,,,,,,,,,,,,,,,,,,,,,,,,,,,,,,,Minnesota,Arizona,,,,606.002831145,3.22,267.289611528,-25.03,338.713219618,108.182750522,873.292442673,8.01,1.77,4.0,7.0
2026-06-15,Rolling 3-Month,2026-01-01,2026-03-31,,State,,,,,,,,,,,,,,,,migration,,,,,,,,,,,,,,,,,,,,,,,,,,,,,,,,,,,,,,,,,,,,,,,,,,,,,,,,,,,,,,,,,Minnesota,California,,,,619.362422525,-10.33,655.245568936,-45.26,-35.883146411,470.37970323,1274.607991461,8.18,1.19,3.0,2.0
2026-06-15,Rolling 3-Month,2026-01-01,2026-03-31,,State,,,,,,,,,,,,,,,,migration,,,,,,,,,,,,,,,,,,,,,,,,,,,,,,,,,,,,,,,,,,,,,,,,,,,,,,,,,,,,,,,,,Michigan,Nebraska,,,,11.0,7.68,11.643396809,-48.87,-0.6433968094,11.913010463,22.643396809,0.12,0.87,45.0,42.0
2026-06-15,Rolling 3-Month,2026-01-01,2026-03-31,,State,,,,,,,,,,,,,,,,migration,,,,,,,,,,,,,,,,,,,,,,,,,,,,,,,,,,,,,,,,,,,,,,,,,,,,,,,,,,,,,,,,,Minnesota,Colorado,,,,212.174366998,1.27,224.578930888,-24.73,-12.40456389,76.457974323,436.753297886,2.8,1.34,10.0,8.0
2026-06-15,Rolling 3-Month,2026-01-01,2026-03-31,,State,,,,,,,,,,,,,,,,migration,,,,,,,,,,,,,,,,,,,,,,,,,,,,,,,,,,,,,,,,,,,,,,,,,,,,,,,,,,,,,,,,,Minnesota,Columbia,,,,11.884476265,-36.79,34.640471015,-29.15,-22.75599475,7.337235777,46.524947279,0.16,0.22,45.0,24.0
2026-06-15,Rolling 3-Month,2026-01-01,2026-03-31,,State,,,,,,,,,,,,,,,,migration,,,,,,,,,,,,,,,,,,,,,,,,,,,,,,,,,,,,,,,,,,,,,,,,,,,,,,,,,,,,,,,,,Minnesota,Connecticut,,,,12.826805528,7.29,11.0,-32.2,1.826805528,6.094348138,23.826805528,0.17,0.24,44.0,40.0
2026-06-15,Rolling 3-Month,2026-01-01,2026-03-31,,State,,,,,,,,,,,,,,,,migration,,,,,,,,,,,,,,,,,,,,,,,,,,,,,,,,,,,,,,,,,,,,,,,,,,,,,,,,,,,,,,,,,Minnesota,Delaware,,,,9.202702703,10.26,8.293333333,107.33,0.9093693694,-3.436731169,17.496036036,0.12,0.21,47.0,43.0
2026-06-15,Rolling 3-Month,2026-01-01,2026-03-31,,State,,,,,,,,,,,,,,,,migration,,,,,,,,,,,,,,,,,,,,,,,,,,,,,,,,,,,,,,,,,,,,,,,,,,,,,,,,,,,,,,,,,Minnesota,Florida,,,,1321.490785507,0.59,350.289942893,-20.05,971.200842614,95.577684286,1671.7807284,17.46,1.62,1.0,4.0
2026-06-15,Rolling 3-Month,2026-01-01,2026-03-31,,State,,,,,,,,,,,,,,,,migration,,,,,,,,,,,,,,,,,,,,,,,,,,,,,,,,,,,,,,,,,,,,,,,,,,,,,,,,,,,,,,,,,Minnesota,Georgia,,,,126.400449145,-3.98,65.754734956,-34.03,60.645714189,28.670347762,192.1551841,1.67,0.67,13.0,16.0
2026-06-15,Rolling 3-Month,2026-01-01,2026-03-31,,State,,,,,,,,,,,,,,,,migration,,,,,,,,,,,,,,,,,,,,,,,,,,,,,,,,,,,,,,,,,,,,,,,,,,,,,,,,,,,,,,,,,Minnesota,Hawaii,,,,72.904594623,5.08,25.707107879,-52.51,47.197486744,31.949123801,98.611702501,0.96,0.69,20.0,30.0
2026-06-15,Rolling 3-Month,2026-01-01,2026-03-31,,State,,,,,,,,,,,,,,,,migration,,,,,,,,,,,,,,,,,,,,,,,,,,,,,,,,,,,,,,,,,,,,,,,,,,,,,,,,,,,,,,,,,Michigan,Virginia,,,,242.036080631,30.56,250.692922756,-71.57,-8.656842125,687.694965725,492.729003388,2.55,1.25,11.0,11.0
2026-06-15,Rolling 3-Month,2026-01-01,2026-03-31,,State,,,,,,,,,,,,,,,,migration,,,,,,,,,,,,,,,,,,,,,,,,,,,,,,,,,,,,,,,,,,,,,,,,,,,,,,,,,,,,,,,,,Michigan,Vermont,,,,13.994209282,0.95,10.366638079,315.78,3.627571203,-7.742269103,24.360847361,0.15,0.7,41.0,43.0
2026-06-15,Rolling 3-Month,2026-01-01,2026-03-31,,State,,,,,,,,,,,,,,,,migration,,,,,,,,,,,,,,,,,,,,,,,,,,,,,,,,,,,,,,,,,,,,,,,,,,,,,,,,,,,,,,,,,Michigan,Utah,,,,41.784685123,45.05,33.677239197,-48.59,8.107445925,44.800197393,75.46192432,0.44,0.77,30.0,31.0
2026-06-15,Rolling 3-Month,2026-01-01,2026-03-31,,State,,,,,,,,,,,,,,,,migration,,,,,,,,,,,,,,,,,,,,,,,,,,,,,,,,,,,,,,,,,,,,,,,,,,,,,,,,,,,,,,,,,Michigan,Texas,,,,553.553088409,1.23,457.671452982,-35.26,95.881635427,255.925913996,1011.224541391,5.83,1.28,4.0,4.0
2026-06-15,Rolling 3-Month,2026-01-01,2026-03-31,,State,,,,,,,,,,,,,,,,migration,,,,,,,,,,,,,,,,,,,,,,,,,,,,,,,,,,,,,,,,,,,,,,,,,,,,,,,,,,,,,,,,,Michigan,Nevada,,,,108.44471906,-8.13,107.131263861,-35.4,1.313455199,49.099241166,215.575982921,1.14,0.55,21.0,18.0
2026-06-15,Rolling 3-Month,2026-01-01,2026-03-31,,State,,,,,,,,,,,,,,,,migration,,,,,,,,,,,,,,,,,,,,,,,,,,,,,,,,,,,,,,,,,,,,,,,,,,,,,,,,,,,,,,,,,Michigan,New Hampshire,,,,22.983782076,2.33,15.390590453,-6.02,7.593191623,1.507614976,38.374372529,0.24,0.41,37.0,39.0
2026-06-15,Rolling 3-Month,2026-01-01,2026-03-31,,State,,,,,,,,,,,,,,,,migration,,,,,,,,,,,,,,,,,,,,,,,,,,,,,,,,,,,,,,,,,,,,,,,,,,,,,,,,,,,,,,,,,Michigan,New Jersey,,,,92.611098069,46.36,68.455158141,-26.78,24.155939928,54.369276361,161.06625621,0.97,0.62,22.0,22.0
2026-06-15,Rolling 3-Month,2026-01-01,2026-03-31,,State,,,,,,,,,,,,,,,,migration,,,,,,,,,,,,,,,,,,,,,,,,,,,,,,,,,,,,,,,,,,,,,,,,,,,,,,,,,,,,,,,,,Michigan,New Mexico,,,,30.836942349,31.05,22.168307323,12.89,8.668635027,4.775250567,53.005249672,0.32,0.9,33.0,33.0
2026-06-15,Rolling 3-Month,2026-01-01,2026-03-31,,State,,,,,,,,,,,,,,,,migration,,,,,,,,,,,,,,,,,,,,,,,,,,,,,,,,,,,,,,,,,,,,,,,,,,,,,,,,,,,,,,,,,Michigan,New York,,,,210.049168561,17.45,317.952721175,-21.12,-107.903552614,116.324275997,528.001889736,2.21,1.45,14.0,8.0
2026-06-15,Rolling 3-Month,2026-01-01,2026-03-31,,State,,,,,,,,,,,,,,,,migration,,,,,,,,,,,,,,,,,,,,,,,,,,,,,,,,,,,,,,,,,,,,,,,,,,,,,,,,,,,,,,,,,Michigan,North Carolina,,,,343.983022328,27.91,184.364790116,-16.16,159.618232212,110.611037971,528.347812444,3.62,1.5,8.0,14.0
2026-06-15,Rolling 3-Month,2026-01-01,2026-03-31,,State,,,,,,,,,,,,,,,,migration,,,,,,,,,,,,,,,,,,,,,,,,,,,,,,,,,,,,,,,,,,,,,,,,,,,,,,,,,,,,,,,,,Michigan,North Dakota,,,,0.3618421053,-87.94,2.475247525,-69.06,-2.113405419,2.886594581,2.83708963,0.0,0.11,50.0,49.0
2026-06-15,Rolling 3-Month,2026-01-01,2026-03-31,,State,,,,,,,,,,,,,,,,migration,,,,,,,,,,,,,,,,,,,,,,,,,,,,,,,,,,,,,,,,,,,,,,,,,,,,,,,,,,,,,,,,,Michigan,Ohio,,,,491.950415391,-14.4,445.104327122,-8.41,46.846088269,-41.89404638,937.054742513,5.18,5.54,5.0,5.0
2026-06-15,Rolling 3-Month,2026-01-01,2026-03-31,,State,,,,,,,,,,,,,,,,migration,,,,,,,,,,,,,,,,,,,,,,,,,,,,,,,,,,,,,,,,,,,,,,,,,,,,,,,,,,,,,,,,,Michigan,Oklahoma,,,,17.663316815,-0.98,22.029640752,-29.44,-4.366323937,9.018284008,39.692957567,0.19,0.4,39.0,34.0
2026-06-15,Rolling 3-Month,2026-01-01,2026-03-31,,State,,,,,,,,,,,,,,,,migration,,,,,,,,,,,,,,,,,,,,,,,,,,,,,,,,,,,,,,,,,,,,,,,,,,,,,,,,,,,,,,,,,Michigan,Oregon,,,,91.193538589,11.25,146.017577997,-25.81,-54.824039408,60.018362669,237.211116585,0.96,0.48,23.0,15.0
2026-06-15,Rolling 3-Month,2026-01-01,2026-03-31,,State,,,,,,,,,,,,,,,,migration,,,,,,,,,,,,,,,,,,,,,,,,,,,,,,,,,,,,,,,,,,,,,,,,,,,,,,,,,,,,,,,,,Michigan,Pennsylvania,,,,197.277290756,29.68,123.510757445,-30.0,73.766533311,98.090825998,320.7880482,2.08,1.2,15.0,17.0
2026-06-15,Rolling 3-Month,2026-01-01,2026-03-31,,State,,,,,,,,,,,,,,,,migration,,,,,,,,,,,,,,,,,,,,,,,,,,,,,,,,,,,,,,,,,,,,,,,,,,,,,,,,,,,,,,,,,Michigan,Rhode Island,,,,13.987549407,1.83,4.022264593,-23.43,9.965284814,1.481622826,18.009814,0.15,0.63,42.0,47.0
2026-06-15,Rolling 3-Month,2026-01-01,2026-03-31,,State,,,,,,,,,,,,,,,,migration,,,,,,,,,,,,,,,,,,,,,,,,,,,,,,,,,,,,,,,,,,,,,,,,,,,,,,,,,,,,,,,,,Michigan,South Carolina,,,,223.867754911,-7.01,67.722974654,-0.3,156.144780257,-16.668381716,291.590729565,2.36,1.2,13.0,23.0
2026-06-15,Rolling 3-Month,2026-01-01,2026-03-31,,State,,,,,,,,,,,,,,,,migration,,,,,,,,,,,,,,,,,,,,,,,,,,,,,,,,,,,,,,,,,,,,,,,,,,,,,,,,,,,,,,,,,Michigan,South Dakota,,,,3.758457229,64.43,1.241071429,-79.32,2.5173858,6.231671515,4.999528658,0.04,0.48,49.0,50.0
2026-06-15,Rolling 3-Month,2026-01-01,2026-03-31,,State,,,,,,,,,,,,,,,,migration,,,,,,,,,,,,,,,,,,,,,,,,,,,,,,,,,,,,,,,,,,,,,,,,,,,,,,,,,,,,,,,,,Michigan,Tennessee,,,,329.051570357,-10.14,187.757072754,-17.79,141.294497603,3.509471628,516.808643111,3.46,1.68,9.0,13.0
2026-06-15,Rolling 3-Month,2026-01-01,2026-03-31,,State,,,,,,,,,,,,,,,,migration,,,,,,,,,,,,,,,,,,,,,,,,,,,,,,,,,,,,,,,,,,,,,,,,,,,,,,,,,,,,,,,,,Louisiana,New Mexico,,,,18.19348659,-4.78,29.549447174,2.28,-11.355960584,-1.570708874,47.742933764,0.57,0.53,28.0,32.0
2026-06-15,Rolling 3-Month,2026-01-01,2026-03-31,,State,,,,,,,,,,,,,,,,migration,,,,,,,,,,,,,,,,,,,,,,,,,,,,,,,,,,,,,,,,,,,,,,,,,,,,,,,,,,,,,,,,,Louisiana,Texas,,,,629.517964288,-5.12,1269.54291327,-26.08,-640.024948981,413.874981986,1899.060877558,19.75,1.45,1.0,1.0
2026-06-15,Rolling 3-Month,2026-01-01,2026-03-31,,State,,,,,,,,,,,,,,,,migration,,,,,,,,,,,,,,,,,,,,,,,,,,,,,,,,,,,,,,,,,,,,,,,,,,,,,,,,,,,,,,,,,Louisiana,New Hampshire,,,,6.395274632,-0.95,1.0,-86.8,5.395274632,6.515320261,7.395274632,0.2,0.11,39.0,50.0
2026-06-15,Rolling 3-Month,2026-01-01,2026-03-31,,State,,,,,,,,,,,,,,,,migration,,,,,,,,,,,,,,,,,,,,,,,,,,,,,,,,,,,,,,,,,,,,,,,,,,,,,,,,,,,,,,,,,Indiana,Minnesota,,,,28.408472859,-41.1,49.426155801,-7.08,-21.017682942,-16.058399928,77.83462866,0.43,0.6,32.0,24.0
2026-06-15,Rolling 3-Month,2026-01-01,2026-03-31,,State,,,,,,,,,,,,,,,,migration,,,,,,,,,,,,,,,,,,,,,,,,,,,,,,,,,,,,,,,,,,,,,,,,,,,,,,,,,,,,,,,,,Indiana,Kansas,,,,10.616630567,-18.33,15.82080994,47.36,-5.204179373,-7.467855354,26.437440507,0.16,0.45,40.0,32.0
2026-06-15,Rolling 3-Month,2026-01-01,2026-03-31,,State,,,,,,,,,,,,,,,,migration,,,,,,,,,,,,,,,,,,,,,,,,,,,,,,,,,,,,,,,,,,,,,,,,,,,,,,,,,,,,,,,,,Indiana,Kentucky,,,,462.95662351,-5.25,298.743299804,-6.02,164.213323706,-6.488175145,761.699923314,7.04,10.42,3.0,6.0
2026-06-15,Rolling 3-Month,2026-01-01,2026-03-31,,State,,,,,,,,,,,,,,,,migration,,,,,,,,,,,,,,,,,,,,,,,,,,,,,,,,,,,,,,,,,,,,,,,,,,,,,,,,,,,,,,,,,Indiana,Louisiana,,,,34.20454564,-9.11,14.358208955,-23.26,19.846336684,0.922107073,48.562754595,0.52,0.57,29.0,34.0
2026-06-15,Rolling 3-Month,2026-01-01,2026-03-31,,State,,,,,,,,,,,,,,,,migration,,,,,,,,,,,,,,,,,,,,,,,,,,,,,,,,,,,,,,,,,,,,,,,,,,,,,,,,,,,,,,,,,Indiana,Maine,,,,34.469101397,27.38,16.540023109,123.66,17.929078288,-1.736736819,51.009124505,0.52,0.62,28.0,31.0
2026-06-15,Rolling 3-Month,2026-01-01,2026-03-31,,State,,,,,,,,,,,,,,,,migration,,,,,,,,,,,,,,,,,,,,,,,,,,,,,,,,,,,,,,,,,,,,,,,,,,,,,,,,,,,,,,,,,Indiana,Maryland,,,,100.907559447,9.22,64.210884771,-26.49,36.696674676,31.651721109,165.118444218,1.54,0.58,18.0,20.0
2026-06-15,Rolling 3-Month,2026-01-01,2026-03-31,,State,,,,,,,,,,,,,,,,migration,,,,,,,,,,,,,,,,,,,,,,,,,,,,,,,,,,,,,,,,,,,,,,,,,,,,,,,,,,,,,,,,,Indiana,Massachusetts,,,,73.858564507,-4.63,80.785297548,10.18,-6.926733041,-11.052777304,154.643862055,1.12,0.75,21.0,18.0
2026-06-15,Rolling 3-Month,2026-01-01,2026-03-31,,State,,,,,,,,,,,,,,,,migration,,,,,,,,,,,,,,,,,,,,,,,,,,,,,,,,,,,,,,,,,,,,,,,,,,,,,,,,,,,,,,,,,Indiana,Michigan,,,,347.844727446,2.53,234.039891227,-12.33,113.804836219,41.494915847,581.884618673,5.29,3.68,5.0,8.0
2026-06-15,Rolling 3-Month,2026-01-01,2026-03-31,,State,,,,,,,,,,,,,,,,migration,,,,,,,,,,,,,,,,,,,,,,,,,,,,,,,,,,,,,,,,,,,,,,,,,,,,,,,,,,,,,,,,,Indiana,Mississippi,,,,30.392148414,-22.43,14.511111111,69.0,15.881037303,-14.714028253,44.903259525,0.46,1.0,31.0,33.0
2026-06-15,Rolling 3-Month,2026-01-01,2026-03-31,,State,,,,,,,,,,,,,,,,migration,,,,,,,,,,,,,,,,,,,,,,,,,,,,,,,,,,,,,,,,,,,,,,,,,,,,,,,,,,,,,,,,,Indiana,Indiana,,,,19670.192949167,-5.52,19670.192949167,-5.52,0.0,0.0,39340.385898333,,,,
2026-06-15,Rolling 3-Month,2026-01-01,2026-03-31,,State,,,,,,,,,,,,,,,,migration,,,,,,,,,,,,,,,,,,,,,,,,,,,,,,,,,,,,,,,,,,,,,,,,,,,,,,,,,,,,,,,,,Indiana,Missouri,,,,93.362750051,104.34,111.367585553,59.57,-18.004835502,6.098679499,204.730335604,1.42,1.36,19.0,16.0
2026-06-15,Rolling 3-Month,2026-01-01,2026-03-31,,State,,,,,,,,,,,,,,,,migration,,,,,,,,,,,,,,,,,,,,,,,,,,,,,,,,,,,,,,,,,,,,,,,,,,,,,,,,,,,,,,,,,Indiana,Montana,,,,8.175590665,-21.71,5.0,99.28,3.175590665,-4.758506668,13.175590665,0.12,0.25,43.0,44.0
2026-06-15,Rolling 3-Month,2026-01-01,2026-03-31,,State,,,,,,,,,,,,,,,,migration,,,,,,,,,,,,,,,,,,,,,,,,,,,,,,,,,,,,,,,,,,,,,,,,,,,,,,,,,,,,,,,,,Indiana,Nebraska,,,,3.593484572,-22.53,8.063305322,61.27,-4.469820751,-4.108230353,11.656789894,0.05,0.29,48.0,40.0
2026-06-15,Rolling 3-Month,2026-01-01,2026-03-31,,State,,,,,,,,,,,,,,,,migration,,,,,,,,,,,,,,,,,,,,,,,,,,,,,,,,,,,,,,,,,,,,,,,,,,,,,,,,,,,,,,,,,Indiana,Nevada,,,,51.766151305,-5.58,51.949061284,-13.47,-0.1829099785,5.02879176,103.715212589,0.79,0.26,24.0,23.0
2026-06-15,Rolling 3-Month,2026-01-01,2026-03-31,,State,,,,,,,,,,,,,,,,migration,,,,,,,,,,,,,,,,,,,,,,,,,,,,,,,,,,,,,,,,,,,,,,,,,,,,,,,,,,,,,,,,,Indiana,New Hampshire,,,,11.331515812,32.37,13.255757576,106.88,-1.924241763,-4.07740035,24.587273388,0.17,0.2,39.0,36.0
2026-06-15,Rolling 3-Month,2026-01-01,2026-03-31,,State,,,,,,,,,,,,,,,,migration,,,,,,,,,,,,,,,,,,,,,,,,,,,,,,,,,,,,,,,,,,,,,,,,,,,,,,,,,,,,,,,,,Indiana,New Jersey,,,,56.735296249,108.95,40.990368945,-8.13,15.744927303,33.212925102,97.725665194,0.86,0.38,23.0,25.0
2026-06-15,Rolling 3-Month,2026-01-01,2026-03-31,,State,,,,,,,,,,,,,,,,migration,,,,,,,,,,,,,,,,,,,,,,,,,,,,,,,,,,,,,,,,,,,,,,,,,,,,,,,,,,,,,,,,,Indiana,New Mexico,,,,9.95489938,-54.01,10.471562843,-39.94,-0.5166634632,-4.72491755,20.426462222,0.15,0.29,42.0,39.0
2026-06-15,Rolling 3-Month,2026-01-01,2026-03-31,,State,,,,,,,,,,,,,,,,migration,,,,,,,,,,,,,,,,,,,,,,,,,,,,,,,,,,,,,,,,,,,,,,,,,,,,,,,,,,,,,,,,,Indiana,Iowa,,,,12.649122807,-4.51,35.241483386,17.57,-22.592360579,-5.865632226,47.890606193,0.19,0.62,38.0,26.0
2026-06-15,Rolling 3-Month,2026-01-01,2026-03-31,,State,,,,,,,,,,,,,,,,migration,,,,,,,,,,,,,,,,,,,,,,,,,,,,,,,,,,,,,,,,,,,,,,,,,,,,,,,,,,,,,,,,,Indiana,Illinois,,,,835.215190418,-8.37,4154.529333749,-14.11,-3319.314143331,606.016840074,4989.744524167,12.71,4.43,2.0,1.0
2026-06-15,Rolling 3-Month,2026-01-01,2026-03-31,,State,,,,,,,,,,,,,,,,migration,,,,,,,,,,,,,,,,,,,,,,,,,,,,,,,,,,,,,,,,,,,,,,,,,,,,,,,,,,,,,,,,,Illinois,Vermont,,,,31.300502169,-4.99,4.703296703,-80.41,26.597205465,17.66785448,36.003798872,0.07,1.56,45.0,50.0
2026-06-15,Rolling 3-Month,2026-01-01,2026-03-31,,State,,,,,,,,,,,,,,,,migration,,,,,,,,,,,,,,,,,,,,,,,,,,,,,,,,,,,,,,,,,,,,,,,,,,,,,,,,,,,,,,,,,Indiana,Arkansas,,,,44.060348421,195.52,10.678571429,-47.82,33.381776992,38.936783214,54.738919849,0.67,1.05,26.0,38.0
2026-06-15,Rolling 3-Month,2026-01-01,2026-03-31,,State,,,,,,,,,,,,,,,,migration,,,,,,,,,,,,,,,,,,,,,,,,,,,,,,,,,,,,,,,,,,,,,,,,,,,,,,,,,,,,,,,,,Illinois,Washington,,,,788.677655121,-11.71,679.600174086,-27.77,109.077481035,156.625460634,1468.277829207,1.86,2.57,12.0,10.0
2026-06-15,Rolling 3-Month,2026-01-01,2026-03-31,,State,,,,,,,,,,,,,,,,migration,,,,,,,,,,,,,,,,,,,,,,,,,,,,,,,,,,,,,,,,,,,,,,,,,,,,,,,,,,,,,,,,,Illinois,West Virginia,,,,32.585445305,3.88,9.395035461,-44.05,23.190409844,8.613057545,41.980480766,0.08,1.17,44.0,48.0
2026-06-15,Rolling 3-Month,2026-01-01,2026-03-31,,State,,,,,,,,,,,,,,,,migration,,,,,,,,,,,,,,,,,,,,,,,,,,,,,,,,,,,,,,,,,,,,,,,,,,,,,,,,,,,,,,,,,Illinois,Wisconsin,,,,4277.822125955,-29.61,1060.369451028,6.48,3217.452674927,-1864.444976899,5338.191576983,10.07,49.32,2.0,4.0
2026-06-15,Rolling 3-Month,2026-01-01,2026-03-31,,State,,,,,,,,,,,,,,,,migration,,,,,,,,,,,,,,,,,,,,,,,,,,,,,,,,,,,,,,,,,,,,,,,,,,,,,,,,,,,,,,,,,Illinois,Wyoming,,,,26.779363878,-9.44,7.505882353,-53.09,19.273481525,5.702939327,34.285246231,0.06,2.84,48.0,49.0
2026-06-15,Rolling 3-Month,2026-01-01,2026-03-31,,State,,,,,,,,,,,,,,,,migration,,,,,,,,,,,,,,,,,,,,,,,,,,,,,,,,,,,,,,,,,,,,,,,,,,,,,,,,,,,,,,,,,Indiana,Alabama,,,,83.893279461,-0.24,33.790576073,29.93,50.102703388,-7.987174161,117.683855535,1.28,1.26,20.0,27.0
2026-06-15,Rolling 3-Month,2026-01-01,2026-03-31,,State,,,,,,,,,,,,,,,,migration,,,,,,,,,,,,,,,,,,,,,,,,,,,,,,,,,,,,,,,,,,,,,,,,,,,,,,,,,,,,,,,,,Indiana,Alaska,,,,6.0,200.0,3.418181818,-11.91,2.581818182,4.462270226,9.418181818,0.09,0.68,46.0,48.0
2026-06-15,Rolling 3-Month,2026-01-01,2026-03-31,,State,,,,,,,,,,,,,,,,migration,,,,,,,,,,,,,,,,,,,,,,,,,,,,,,,,,,,,,,,,,,,,,,,,,,,,,,,,,,,,,,,,,Indiana,Arizona,,,,205.736652147,-0.46,191.620582323,-13.26,14.116069823,28.357297477,397.35723447,3.13,0.6,10.0,9.0
2026-06-15,Rolling 3-Month,2026-01-01,2026-03-31,,State,,,,,,,,,,,,,,,,migration,,,,,,,,,,,,,,,,,,,,,,,,,,,,,,,,,,,,,,,,,,,,,,,,,,,,,,,,,,,,,,,,,Indiana,California,,,,393.397757213,21.36,876.885756266,-23.84,-483.487999053,343.79268264,1270.283513479,5.99,0.75,4.0,2.0
2026-06-15,Rolling 3-Month,2026-01-01,2026-03-31,,State,,,,,,,,,,,,,,,,migration,,,,,,,,,,,,,,,,,,,,,,,,,,,,,,,,,,,,,,,,,,,,,,,,,,,,,,,,,,,,,,,,,Indiana,Idaho,,,,7.5,-20.74,13.333135747,14.33,-5.833135747,-3.633477426,20.833135747,0.11,0.07,44.0,35.0
2026-06-15,Rolling 3-Month,2026-01-01,2026-03-31,,State,,,,,,,,,,,,,,,,migration,,,,,,,,,,,,,,,,,,,,,,,,,,,,,,,,,,,,,,,,,,,,,,,,,,,,,,,,,,,,,,,,,Indiana,Colorado,,,,113.18772594,9.09,120.262998318,-20.87,-7.075272378,41.149223158,233.450724257,1.72,0.71,15.0,15.0
2026-06-15,Rolling 3-Month,2026-01-01,2026-03-31,,State,,,,,,,,,,,,,,,,migration,,,,,,,,,,,,,,,,,,,,,,,,,,,,,,,,,,,,,,,,,,,,,,,,,,,,,,,,,,,,,,,,,Indiana,Columbia,,,,13.689115811,-17.12,6.307692308,-14.92,7.381423503,-1.722496169,19.996808118,0.21,0.26,34.0,42.0
2026-06-15,Rolling 3-Month,2026-01-01,2026-03-31,,State,,,,,,,,,,,,,,,,migration,,,,,,,,,,,,,,,,,,,,,,,,,,,,,,,,,,,,,,,,,,,,,,,,,,,,,,,,,,,,,,,,,Indiana,Connecticut,,,,20.96404276,-1.06,12.22449856,-48.09,8.7395442,11.102614317,33.18854132,0.32,0.4,33.0,37.0
2026-06-15,Rolling 3-Month,2026-01-01,2026-03-31,,State,,,,,,,,,,,,,,,,migration,,,,,,,,,,,,,,,,,,,,,,,,,,,,,,,,,,,,,,,,,,,,,,,,,,,,,,,,,,,,,,,,,Indiana,Delaware,,,,12.689112761,198.25,3.22107438,-70.72,9.468038381,16.213492926,15.910187141,0.19,0.29,37.0,49.0
2026-06-15,Rolling 3-Month,2026-01-01,2026-03-31,,State,,,,,,,,,,,,,,,,migration,,,,,,,,,,,,,,,,,,,,,,,,,,,,,,,,,,,,,,,,,,,,,,,,,,,,,,,,,,,,,,,,,Indiana,Florida,,,,1360.939651225,21.85,426.834864465,-22.47,934.104786759,367.819118609,1787.77451569,20.71,1.67,1.0,3.0
2026-06-15,Rolling 3-Month,2026-01-01,2026-03-31,,State,,,,,,,,,,,,,,,,migration,,,,,,,,,,,,,,,,,,,,,,,,,,,,,,,,,,,,,,,,,,,,,,,,,,,,,,,,,,,,,,,,,Indiana,Georgia,,,,215.678375158,43.58,136.920486502,-26.57,78.757888656,115.020112798,352.59886166,3.28,1.15,9.0,13.0
2026-06-15,Rolling 3-Month,2026-01-01,2026-03-31,,State,,,,,,,,,,,,,,,,migration,,,,,,,,,,,,,,,,,,,,,,,,,,,,,,,,,,,,,,,,,,,,,,,,,,,,,,,,,,,,,,,,,Indiana,Hawaii,,,,42.433713717,23.73,22.467808137,-49.85,19.96590558,30.46802152,64.901521853,0.65,0.4,27.0,29.0
2026-06-15,Rolling 3-Month,2026-01-01,2026-03-31,,State,,,,,,,,,,,,,,,,migration,,,,,,,,,,,,,,,,,,,,,,,,,,,,,,,,,,,,,,,,,,,,,,,,,,,,,,,,,,,,,,,,,Indiana,New York,,,,144.726593091,50.68,178.102267803,-12.82,-33.375674712,74.860708198,322.828860893,2.2,1.0,13.0,10.0
2026-06-15,Rolling 3-Month,2026-01-01,2026-03-31,,State,,,,,,,,,,,,,,,,migration,,,,,,,,,,,,,,,,,,,,,,,,,,,,,,,,,,,,,,,,,,,,,,,,,,,,,,,,,,,,,,,,,Indiana,North Carolina,,,,193.901588825,15.73,128.398625513,45.37,65.502963312,-13.722341897,322.300214339,2.95,0.85,11.0,14.0
2026-06-15,Rolling 3-Month,2026-01-01,2026-03-31,,State,,,,,,,,,,,,,,,,migration,,,,,,,,,,,,,,,,,,,,,,,,,,,,,,,,,,,,,,,,,,,,,,,,,,,,,,,,,,,,,,,,,Indiana,North Dakota,,,,4.545454545,80.07,6.0,100.0,-1.454545455,-0.9787702607,10.545454545,0.07,1.39,47.0,43.0
2026-06-15,Rolling 3-Month,2026-01-01,2026-03-31,,State,,,,,,,,,,,,,,,,migration,,,,,,,,,,,,,,,,,,,,,,,,,,,,,,,,,,,,,,,,,,,,,,,,,,,,,,,,,,,,,,,,,Iowa,Idaho,,,,4.645200048,-48.39,2.509803922,40.52,2.135396126,-5.078524806,7.15500397,0.21,0.04,37.0,39.0
2026-06-15,Rolling 3-Month,2026-01-01,2026-03-31,,State,,,,,,,,,,,,,,,,migration,,,,,,,,,,,,,,,,,,,,,,,,,,,,,,,,,,,,,,,,,,,,,,,,,,,,,,,,,,,,,,,,,Iowa,Colorado,,,,73.979422462,37.99,106.205090124,-24.91,-32.225667662,55.59097087,180.184512586,3.33,0.47,10.0,7.0
2026-06-15,Rolling 3-Month,2026-01-01,2026-03-31,,State,,,,,,,,,,,,,,,,migration,,,,,,,,,,,,,,,,,,,,,,,,,,,,,,,,,,,,,,,,,,,,,,,,,,,,,,,,,,,,,,,,,Iowa,Columbia,,,,2.473684211,-69.41,2.468282915,-25.72,0.005401295506,-4.757227337,4.941967126,0.11,0.05,44.0,40.0
2026-06-15,Rolling 3-Month,2026-01-01,2026-03-31,,State,,,,,,,,,,,,,,,,migration,,,,,,,,,,,,,,,,,,,,,,,,,,,,,,,,,,,,,,,,,,,,,,,,,,,,,,,,,,,,,,,,,Iowa,Connecticut,,,,2.339104065,-80.51,0.0,-100.0,2.339104065,-5.282611153,2.339104065,0.11,0.04,45.0,47.0
2026-06-15,Rolling 3-Month,2026-01-01,2026-03-31,,State,,,,,,,,,,,,,,,,migration,,,,,,,,,,,,,,,,,,,,,,,,,,,,,,,,,,,,,,,,,,,,,,,,,,,,,,,,,,,,,,,,,Louisiana,Nevada,,,,20.592787339,-37.37,55.126906892,34.72,-34.534119553,-26.494089605,75.719694231,0.65,0.1,27.0,21.0
2026-06-15,Rolling 3-Month,2026-01-01,2026-03-31,,State,,,,,,,,,,,,,,,,migration,,,,,,,,,,,,,,,,,,,,,,,,,,,,,,,,,,,,,,,,,,,,,,,,,,,,,,,,,,,,,,,,,Iowa,Florida,,,,181.458403027,3.3,75.59313063,-22.23,105.865272397,27.396268241,257.051533657,8.16,0.22,3.0,9.0
2026-06-15,Rolling 3-Month,2026-01-01,2026-03-31,,State,,,,,,,,,,,,,,,,migration,,,,,,,,,,,,,,,,,,,,,,,,,,,,,,,,,,,,,,,,,,,,,,,,,,,,,,,,,,,,,,,,,Iowa,Georgia,,,,31.25474794,4.8,12.787848294,-35.89,18.466899646,8.589993396,44.042596235,1.4,0.17,17.0,23.0
2026-06-15,Rolling 3-Month,2026-01-01,2026-03-31,,State,,,,,,,,,,,,,,,,migration,,,,,,,,,,,,,,,,,,,,,,,,,,,,,,,,,,,,,,,,,,,,,,,,,,,,,,,,,,,,,,,,,Iowa,Hawaii,,,,24.587300655,32.08,12.30508269,89.25,12.282217964,0.168179808,36.892383345,1.11,0.23,20.0,25.0
2026-06-15,Rolling 3-Month,2026-01-01,2026-03-31,,State,,,,,,,,,,,,,,,,migration,,,,,,,,,,,,,,,,,,,,,,,,,,,,,,,,,,,,,,,,,,,,,,,,,,,,,,,,,,,,,,,,,Iowa,Illinois,,,,356.126308588,10.49,302.520821548,-26.45,53.60548704,142.631038035,658.647130136,16.01,1.89,1.0,2.0
2026-06-15,Rolling 3-Month,2026-01-01,2026-03-31,,State,,,,,,,,,,,,,,,,migration,,,,,,,,,,,,,,,,,,,,,,,,,,,,,,,,,,,,,,,,,,,,,,,,,,,,,,,,,,,,,,,,,Indiana,Ohio,,,,261.002990276,27.84,310.844995399,-3.36,-49.842005124,67.640624637,571.847985675,3.97,2.94,7.0,5.0
2026-06-15,Rolling 3-Month,2026-01-01,2026-03-31,,State,,,,,,,,,,,,,,,,migration,,,,,,,,,,,,,,,,,,,,,,,,,,,,,,,,,,,,,,,,,,,,,,,,,,,,,,,,,,,,,,,,,Iowa,Indiana,,,,35.241483386,17.57,12.649122807,-4.51,22.592360579,5.865632226,47.890606193,1.58,0.39,16.0,24.0
2026-06-15,Rolling 3-Month,2026-01-01,2026-03-31,,State,,,,,,,,,,,,,,,,migration,,,,,,,,,,,,,,,,,,,,,,,,,,,,,,,,,,,,,,,,,,,,,,,,,,,,,,,,,,,,,,,,,Iowa,Iowa,,,,2053.079829208,-6.14,2053.079829208,-6.14,0.0,0.0,4106.159658415,,,,
2026-06-15,Rolling 3-Month,2026-01-01,2026-03-31,,State,,,,,,,,,,,,,,,,migration,,,,,,,,,,,,,,,,,,,,,,,,,,,,,,,,,,,,,,,,,,,,,,,,,,,,,,,,,,,,,,,,,Iowa,Kansas,,,,18.661993295,-21.33,17.141192957,-17.35,1.520800338,-1.459857692,35.803186251,0.84,0.79,24.0,18.0
2026-06-15,Rolling 3-Month,2026-01-01,2026-03-31,,State,,,,,,,,,,,,,,,,migration,,,,,,,,,,,,,,,,,,,,,,,,,,,,,,,,,,,,,,,,,,,,,,,,,,,,,,,,,,,,,,,,,Iowa,Kentucky,,,,13.486209614,258.4,11.750441192,233.77,1.735768422,1.493382875,25.236650806,0.61,0.3,31.0,26.0
2026-06-15,Rolling 3-Month,2026-01-01,2026-03-31,,State,,,,,,,,,,,,,,,,migration,,,,,,,,,,,,,,,,,,,,,,,,,,,,,,,,,,,,,,,,,,,,,,,,,,,,,,,,,,,,,,,,,Iowa,Louisiana,,,,23.0,-11.42,7.0,5.71,16.0,-3.344283227,30.0,1.03,0.39,22.0,31.0
2026-06-15,Rolling 3-Month,2026-01-01,2026-03-31,,State,,,,,,,,,,,,,,,,migration,,,,,,,,,,,,,,,,,,,,,,,,,,,,,,,,,,,,,,,,,,,,,,,,,,,,,,,,,,,,,,,,,Iowa,Maine,,,,3.902654867,113.7,1.0,-50.0,2.902654867,3.076427477,4.902654867,0.18,0.07,40.0,44.0
2026-06-15,Rolling 3-Month,2026-01-01,2026-03-31,,State,,,,,,,,,,,,,,,,migration,,,,,,,,,,,,,,,,,,,,,,,,,,,,,,,,,,,,,,,,,,,,,,,,,,,,,,,,,,,,,,,,,Iowa,Maryland,,,,8.918352556,-9.25,14.453315495,-58.99,-5.534962939,19.881176206,23.37166805,0.4,0.05,35.0,20.0
2026-06-15,Rolling 3-Month,2026-01-01,2026-03-31,,State,,,,,,,,,,,,,,,,migration,,,,,,,,,,,,,,,,,,,,,,,,,,,,,,,,,,,,,,,,,,,,,,,,,,,,,,,,,,,,,,,,,Iowa,California,,,,130.836670581,31.88,219.437955651,-28.58,-88.60128507,119.438042268,350.274626232,5.88,0.25,5.0,3.0
2026-06-15,Rolling 3-Month,2026-01-01,2026-03-31,,State,,,,,,,,,,,,,,,,migration,,,,,,,,,,,,,,,,,,,,,,,,,,,,,,,,,,,,,,,,,,,,,,,,,,,,,,,,,,,,,,,,,Iowa,Arkansas,,,,24.692042607,147.16,7.07062765,-12.57,17.621414956,15.718273067,31.762670257,1.11,0.59,19.0,30.0
2026-06-15,Rolling 3-Month,2026-01-01,2026-03-31,,State,,,,,,,,,,,,,,,,migration,,,,,,,,,,,,,,,,,,,,,,,,,,,,,,,,,,,,,,,,,,,,,,,,,,,,,,,,,,,,,,,,,Iowa,Arizona,,,,101.333457188,-31.71,99.432414316,-1.88,1.901042872,-45.133411996,200.765871504,4.55,0.3,6.0,8.0
2026-06-15,Rolling 3-Month,2026-01-01,2026-03-31,,State,,,,,,,,,,,,,,,,migration,,,,,,,,,,,,,,,,,,,,,,,,,,,,,,,,,,,,,,,,,,,,,,,,,,,,,,,,,,,,,,,,,Iowa,Alabama,,,,36.3470081,119.93,5.346666667,-53.83,31.000341434,26.053384912,41.693674767,1.63,0.54,15.0,33.0
2026-06-15,Rolling 3-Month,2026-01-01,2026-03-31,,State,,,,,,,,,,,,,,,,migration,,,,,,,,,,,,,,,,,,,,,,,,,,,,,,,,,,,,,,,,,,,,,,,,,,,,,,,,,,,,,,,,,Indiana,Oklahoma,,,,13.436039528,11.08,25.109703476,-0.38,-11.673663947,1.435644177,38.545743004,0.2,0.3,35.0,28.0
2026-06-15,Rolling 3-Month,2026-01-01,2026-03-31,,State,,,,,,,,,,,,,,,,migration,,,,,,,,,,,,,,,,,,,,,,,,,,,,,,,,,,,,,,,,,,,,,,,,,,,,,,,,,,,,,,,,,Indiana,Oregon,,,,50.354489003,-1.92,81.677087205,-18.91,-31.322598202,18.061673818,132.031576208,0.77,0.27,25.0,17.0
2026-06-15,Rolling 3-Month,2026-01-01,2026-03-31,,State,,,,,,,,,,,,,,,,migration,,,,,,,,,,,,,,,,,,,,,,,,,,,,,,,,,,,,,,,,,,,,,,,,,,,,,,,,,,,,,,,,,Indiana,Pennsylvania,,,,104.532804229,8.74,71.178571739,-32.7,33.354232491,42.981279477,175.711375968,1.59,0.63,17.0,19.0
2026-06-15,Rolling 3-Month,2026-01-01,2026-03-31,,State,,,,,,,,,,,,,,,,migration,,,,,,,,,,,,,,,,,,,,,,,,,,,,,,,,,,,,,,,,,,,,,,,,,,,,,,,,,,,,,,,,,Indiana,Rhode Island,,,,10.0,-26.56,5.0,-32.57,5.0,-1.201098961,15.0,0.15,0.45,41.0,45.0
2026-06-15,Rolling 3-Month,2026-01-01,2026-03-31,,State,,,,,,,,,,,,,,,,migration,,,,,,,,,,,,,,,,,,,,,,,,,,,,,,,,,,,,,,,,,,,,,,,,,,,,,,,,,,,,,,,,,Indiana,South Carolina,,,,105.725479265,-14.28,57.216132692,56.47,48.509346573,-38.265291074,162.941611958,1.61,0.56,16.0,22.0
2026-06-15,Rolling 3-Month,2026-01-01,2026-03-31,,State,,,,,,,,,,,,,,,,migration,,,,,,,,,,,,,,,,,,,,,,,,,,,,,,,,,,,,,,,,,,,,,,,,,,,,,,,,,,,,,,,,,Indiana,South Dakota,,,,0.4133333333,-93.06,2.0,100.0,-1.586666667,-6.54345679,2.413333333,0.01,0.05,50.0,50.0
2026-06-15,Rolling 3-Month,2026-01-01,2026-03-31,,State,,,,,,,,,,,,,,,,migration,,,,,,,,,,,,,,,,,,,,,,,,,,,,,,,,,,,,,,,,,,,,,,,,,,,,,,,,,,,,,,,,,Indiana,Tennessee,,,,253.135153008,2.28,156.784484173,0.01,96.350668835,5.627017002,409.919637181,3.85,1.29,8.0,11.0
2026-06-15,Rolling 3-Month,2026-01-01,2026-03-31,,State,,,,,,,,,,,,,,,,migration,,,,,,,,,,,,,,,,,,,,,,,,,,,,,,,,,,,,,,,,,,,,,,,,,,,,,,,,,,,,,,,,,Indiana,Texas,,,,297.859874554,6.56,257.182626093,-11.66,40.677248461,52.297841473,555.042500647,4.53,0.69,6.0,7.0
2026-06-15,Rolling 3-Month,2026-01-01,2026-03-31,,State,,,,,,,,,,,,,,,,migration,,,,,,,,,,,,,,,,,,,,,,,,,,,,,,,,,,,,,,,,,,,,,,,,,,,,,,,,,,,,,,,,,Indiana,Utah,,,,31.703804348,96.05,21.62967033,-42.4,10.074134018,31.453446055,53.333474677,0.48,0.59,30.0,30.0
2026-06-15,Rolling 3-Month,2026-01-01,2026-03-31,,State,,,,,,,,,,,,,,,,migration,,,,,,,,,,,,,,,,,,,,,,,,,,,,,,,,,,,,,,,,,,,,,,,,,,,,,,,,,,,,,,,,,Indiana,Vermont,,,,7.324613219,33.39,5.0,,2.324613219,-3.166516566,12.324613219,0.11,0.36,45.0,46.0
2026-06-15,Rolling 3-Month,2026-01-01,2026-03-31,,State,,,,,,,,,,,,,,,,migration,,,,,,,,,,,,,,,,,,,,,,,,,,,,,,,,,,,,,,,,,,,,,,,,,,,,,,,,,,,,,,,,,Indiana,Virginia,,,,152.389935286,33.0,156.144198668,-65.51,-3.754263382,334.441938826,308.534133955,2.32,0.78,12.0,12.0
2026-06-15,Rolling 3-Month,2026-01-01,2026-03-31,,State,,,,,,,,,,,,,,,,migration,,,,,,,,,,,,,,,,,,,,,,,,,,,,,,,,,,,,,,,,,,,,,,,,,,,,,,,,,,,,,,,,,Indiana,Washington,,,,125.413319363,1.17,329.174679719,-15.5,-203.761360356,61.820776578,454.587999082,1.91,0.41,14.0,4.0
2026-06-15,Rolling 3-Month,2026-01-01,2026-03-31,,State,,,,,,,,,,,,,,,,migration,,,,,,,,,,,,,,,,,,,,,,,,,,,,,,,,,,,,,,,,,,,,,,,,,,,,,,,,,,,,,,,,,Indiana,West Virginia,,,,12.949104864,110.46,6.691489362,-50.69,6.257615502,13.674154193,19.640594226,0.2,0.47,36.0,41.0
2026-06-15,Rolling 3-Month,2026-01-01,2026-03-31,,State,,,,,,,,,,,,,,,,migration,,,,,,,,,,,,,,,,,,,,,,,,,,,,,,,,,,,,,,,,,,,,,,,,,,,,,,,,,,,,,,,,,Indiana,Wisconsin,,,,73.780324438,52.52,60.131276258,8.7,13.64904818,20.59416266,133.911600696,1.12,0.85,22.0,21.0
2026-06-15,Rolling 3-Month,2026-01-01,2026-03-31,,State,,,,,,,,,,,,,,,,migration,,,,,,,,,,,,,,,,,,,,,,,,,,,,,,,,,,,,,,,,,,,,,,,,,,,,,,,,,,,,,,,,,Indiana,Wyoming,,,,3.0,200.0,5.0,-16.67,-2.0,3.0,8.0,0.05,0.32,49.0,47.0
2026-06-15,Rolling 3-Month,2026-01-01,2026-03-31,,State,,,,,,,,,,,,,,,,migration,,,,,,,,,,,,,,,,,,,,,,,,,,,,,,,,,,,,,,,,,,,,,,,,,,,,,,,,,,,,,,,,,Illinois,Virginia,,,,565.755565805,-23.54,480.492857809,-32.75,85.262707996,59.801104115,1046.248423614,1.33,2.91,17.0,14.0
2026-06-15,Rolling 3-Month,2026-01-01,2026-03-31,,State,,,,,,,,,,,,,,,,migration,,,,,,,,,,,,,,,,,,,,,,,,,,,,,,,,,,,,,,,,,,,,,,,,,,,,,,,,,,,,,,,,,Illinois,Utah,,,,145.871378712,-32.28,69.265317083,-31.17,76.606061629,-38.164228623,215.136695795,0.34,2.7,33.0,36.0
2026-06-15,Rolling 3-Month,2026-01-01,2026-03-31,,State,,,,,,,,,,,,,,,,migration,,,,,,,,,,,,,,,,,,,,,,,,,,,,,,,,,,,,,,,,,,,,,,,,,,,,,,,,,,,,,,,,,Iowa,Michigan,,,,42.0,137.38,8.509466878,-32.12,33.490533122,28.333996369,50.509466878,1.89,0.44,13.0,29.0
2026-06-15,Rolling 3-Month,2026-01-01,2026-03-31,,State,,,,,,,,,,,,,,,,migration,,,,,,,,,,,,,,,,,,,,,,,,,,,,,,,,,,,,,,,,,,,,,,,,,,,,,,,,,,,,,,,,,Idaho,Virginia,,,,22.350484483,46.61,89.58539297,106.47,-67.234908487,-39.091348622,111.935877453,0.95,0.12,18.0,9.0
2026-06-15,Rolling 3-Month,2026-01-01,2026-03-31,,State,,,,,,,,,,,,,,,,migration,,,,,,,,,,,,,,,,,,,,,,,,,,,,,,,,,,,,,,,,,,,,,,,,,,,,,,,,,,,,,,,,,Idaho,Rhode Island,,,,1.0,,1.0,,0.0,,2.0,0.04,0.04,49.0,49.0
2026-06-15,Rolling 3-Month,2026-01-01,2026-03-31,,State,,,,,,,,,,,,,,,,migration,,,,,,,,,,,,,,,,,,,,,,,,,,,,,,,,,,,,,,,,,,,,,,,,,,,,,,,,,,,,,,,,,Idaho,South Carolina,,,,20.87662102,-4.56,7.929897689,-27.26,12.946723331,1.974508029,28.806518708,0.89,0.11,19.0,31.0
2026-06-15,Rolling 3-Month,2026-01-01,2026-03-31,,State,,,,,,,,,,,,,,,,migration,,,,,,,,,,,,,,,,,,,,,,,,,,,,,,,,,,,,,,,,,,,,,,,,,,,,,,,,,,,,,,,,,Idaho,South Dakota,,,,6.0,-20.78,13.720501352,22.51,-7.720501352,-4.095195369,19.720501352,0.26,0.77,33.0,27.0
2026-06-15,Rolling 3-Month,2026-01-01,2026-03-31,,State,,,,,,,,,,,,,,,,migration,,,,,,,,,,,,,,,,,,,,,,,,,,,,,,,,,,,,,,,,,,,,,,,,,,,,,,,,,,,,,,,,,Idaho,Tennessee,,,,26.223096245,-14.58,36.218349694,25.56,-9.995253449,-11.850470253,62.441445939,1.12,0.13,16.0,16.0
2026-06-15,Rolling 3-Month,2026-01-01,2026-03-31,,State,,,,,,,,,,,,,,,,migration,,,,,,,,,,,,,,,,,,,,,,,,,,,,,,,,,,,,,,,,,,,,,,,,,,,,,,,,,,,,,,,,,Idaho,Texas,,,,117.934657092,5.06,198.98690597,-10.61,-81.052248878,29.28511849,316.921563062,5.02,0.27,6.0,7.0
2026-06-15,Rolling 3-Month,2026-01-01,2026-03-31,,State,,,,,,,,,,,,,,,,migration,,,,,,,,,,,,,,,,,,,,,,,,,,,,,,,,,,,,,,,,,,,,,,,,,,,,,,,,,,,,,,,,,Idaho,Utah,,,,133.813827216,28.05,481.682624652,-26.27,-347.868797436,200.975058075,615.496451868,5.7,2.47,5.0,4.0
2026-06-15,Rolling 3-Month,2026-01-01,2026-03-31,,State,,,,,,,,,,,,,,,,migration,,,,,,,,,,,,,,,,,,,,,,,,,,,,,,,,,,,,,,,,,,,,,,,,,,,,,,,,,,,,,,,,,Idaho,Vermont,,,,1.0,,1.776086957,,-0.7760869565,,2.776086957,0.04,0.05,50.0,48.0
2026-06-15,Rolling 3-Month,2026-01-01,2026-03-31,,State,,,,,,,,,,,,,,,,migration,,,,,,,,,,,,,,,,,,,,,,,,,,,,,,,,,,,,,,,,,,,,,,,,,,,,,,,,,,,,,,,,,Idaho,Washington,,,,506.210200239,4.5,4697.220481516,13.46,-4191.010281277,-535.404396572,5203.430681755,21.55,1.65,1.0,1.0
2026-06-15,Rolling 3-Month,2026-01-01,2026-03-31,,State,,,,,,,,,,,,,,,,migration,,,,,,,,,,,,,,,,,,,,,,,,,,,,,,,,,,,,,,,,,,,,,,,,,,,,,,,,,,,,,,,,,Idaho,Oregon,,,,239.283979364,12.68,607.115043686,3.53,-367.831064321,6.206512097,846.39902305,10.19,1.26,3.0,3.0
2026-06-15,Rolling 3-Month,2026-01-01,2026-03-31,,State,,,,,,,,,,,,,,,,migration,,,,,,,,,,,,,,,,,,,,,,,,,,,,,,,,,,,,,,,,,,,,,,,,,,,,,,,,,,,,,,,,,Idaho,West Virginia,,,,5.480769231,448.08,1.0,,4.480769231,3.480769231,6.480769231,0.23,0.2,37.0,50.0
2026-06-15,Rolling 3-Month,2026-01-01,2026-03-31,,State,,,,,,,,,,,,,,,,migration,,,,,,,,,,,,,,,,,,,,,,,,,,,,,,,,,,,,,,,,,,,,,,,,,,,,,,,,,,,,,,,,,Idaho,Wisconsin,,,,5.698724167,-12.26,11.292149601,10.95,-5.593425434,-1.91057186,16.990873769,0.24,0.07,36.0,28.0
2026-06-15,Rolling 3-Month,2026-01-01,2026-03-31,,State,,,,,,,,,,,,,,,,migration,,,,,,,,,,,,,,,,,,,,,,,,,,,,,,,,,,,,,,,,,,,,,,,,,,,,,,,,,,,,,,,,,Idaho,Wyoming,,,,10.080352844,79.92,18.375730652,25.02,-8.295377808,0.8007042694,28.456083497,0.43,1.07,28.0,24.0
2026-06-15,Rolling 3-Month,2026-01-01,2026-03-31,,State,,,,,,,,,,,,,,,,migration,,,,,,,,,,,,,,,,,,,,,,,,,,,,,,,,,,,,,,,,,,,,,,,,,,,,,,,,,,,,,,,,,Illinois,Alabama,,,,352.093187518,-42.1,204.99039867,29.02,147.102788848,-302.078122376,557.083586188,0.83,5.27,21.0,26.0
2026-06-15,Rolling 3-Month,2026-01-01,2026-03-31,,State,,,,,,,,,,,,,,,,migration,,,,,,,,,,,,,,,,,,,,,,,,,,,,,,,,,,,,,,,,,,,,,,,,,,,,,,,,,,,,,,,,,Illinois,Alaska,,,,30.549863868,-19.04,21.602183823,-7.89,8.947680045,-5.334620293,52.15204769,0.07,3.44,46.0,43.0
2026-06-15,Rolling 3-Month,2026-01-01,2026-03-31,,State,,,,,,,,,,,,,,,,migration,,,,,,,,,,,,,,,,,,,,,,,,,,,,,,,,,,,,,,,,,,,,,,,,,,,,,,,,,,,,,,,,,Illinois,Arizona,,,,2278.054974581,-1.9,731.672157656,-19.24,1546.382816925,130.190989984,3009.727132236,5.36,6.67,7.0,8.0
2026-06-15,Rolling 3-Month,2026-01-01,2026-03-31,,State,,,,,,,,,,,,,,,,migration,,,,,,,,,,,,,,,,,,,,,,,,,,,,,,,,,,,,,,,,,,,,,,,,,,,,,,,,,,,,,,,,,Illinois,Arkansas,,,,259.847623712,-13.27,141.507374905,48.25,118.340248807,-85.805559249,401.354998617,0.61,6.19,29.0,29.0
2026-06-15,Rolling 3-Month,2026-01-01,2026-03-31,,State,,,,,,,,,,,,,,,,migration,,,,,,,,,,,,,,,,,,,,,,,,,,,,,,,,,,,,,,,,,,,,,,,,,,,,,,,,,,,,,,,,,Idaho,Pennsylvania,,,,13.307490208,-10.34,14.951024994,-47.82,-1.643534786,12.168886024,28.258515202,0.57,0.08,25.0,26.0
2026-06-15,Rolling 3-Month,2026-01-01,2026-03-31,,State,,,,,,,,,,,,,,,,migration,,,,,,,,,,,,,,,,,,,,,,,,,,,,,,,,,,,,,,,,,,,,,,,,,,,,,,,,,,,,,,,,,Idaho,Oklahoma,,,,8.682467162,10.67,7.238711289,-42.15,1.443755873,6.111827101,15.92117845,0.37,0.19,29.0,34.0
2026-06-15,Rolling 3-Month,2026-01-01,2026-03-31,,State,,,,,,,,,,,,,,,,migration,,,,,,,,,,,,,,,,,,,,,,,,,,,,,,,,,,,,,,,,,,,,,,,,,,,,,,,,,,,,,,,,,Illinois,Texas,,,,3075.241064067,-14.32,1805.987513754,-22.52,1269.253550313,11.091328104,4881.228577821,7.24,7.09,5.0,2.0
2026-06-15,Rolling 3-Month,2026-01-01,2026-03-31,,State,,,,,,,,,,,,,,,,migration,,,,,,,,,,,,,,,,,,,,,,,,,,,,,,,,,,,,,,,,,,,,,,,,,,,,,,,,,,,,,,,,,Idaho,Montana,,,,26.545047774,-34.42,48.275666987,44.25,-21.730619213,-28.743909801,74.820714761,1.13,0.83,15.0,13.0
2026-06-15,Rolling 3-Month,2026-01-01,2026-03-31,,State,,,,,,,,,,,,,,,,migration,,,,,,,,,,,,,,,,,,,,,,,,,,,,,,,,,,,,,,,,,,,,,,,,,,,,,,,,,,,,,,,,,Idaho,Maine,,,,4.0,-46.65,4.0,300.0,0.0,-6.498298578,8.0,0.17,0.07,40.0,44.0
2026-06-15,Rolling 3-Month,2026-01-01,2026-03-31,,State,,,,,,,,,,,,,,,,migration,,,,,,,,,,,,,,,,,,,,,,,,,,,,,,,,,,,,,,,,,,,,,,,,,,,,,,,,,,,,,,,,,Idaho,Maryland,,,,5.737373737,60.56,19.496742437,4.48,-13.7593687,1.327870331,25.234116174,0.24,0.03,35.0,22.0
2026-06-15,Rolling 3-Month,2026-01-01,2026-03-31,,State,,,,,,,,,,,,,,,,migration,,,,,,,,,,,,,,,,,,,,,,,,,,,,,,,,,,,,,,,,,,,,,,,,,,,,,,,,,,,,,,,,,Idaho,Massachusetts,,,,5.0,-65.31,15.771565343,-29.87,-10.771565343,-2.698317236,20.771565343,0.21,0.05,38.0,25.0
2026-06-15,Rolling 3-Month,2026-01-01,2026-03-31,,State,,,,,,,,,,,,,,,,migration,,,,,,,,,,,,,,,,,,,,,,,,,,,,,,,,,,,,,,,,,,,,,,,,,,,,,,,,,,,,,,,,,Idaho,Michigan,,,,16.413272575,2.93,18.753494743,-23.17,-2.340222169,6.121903776,35.166767318,0.7,0.17,21.0,23.0
2026-06-15,Rolling 3-Month,2026-01-01,2026-03-31,,State,,,,,,,,,,,,,,,,migration,,,,,,,,,,,,,,,,,,,,,,,,,,,,,,,,,,,,,,,,,,,,,,,,,,,,,,,,,,,,,,,,,Idaho,Minnesota,,,,14.0,-5.77,22.261925624,-32.04,-8.261925624,9.635790541,36.261925624,0.6,0.3,23.0,21.0
2026-06-15,Rolling 3-Month,2026-01-01,2026-03-31,,State,,,,,,,,,,,,,,,,migration,,,,,,,,,,,,,,,,,,,,,,,,,,,,,,,,,,,,,,,,,,,,,,,,,,,,,,,,,,,,,,,,,Idaho,Mississippi,,,,8.076023392,155.47,2.0,100.0,6.076023392,3.91482913,10.076023392,0.34,0.27,31.0,47.0
2026-06-15,Rolling 3-Month,2026-01-01,2026-03-31,,State,,,,,,,,,,,,,,,,migration,,,,,,,,,,,,,,,,,,,,,,,,,,,,,,,,,,,,,,,,,,,,,,,,,,,,,,,,,,,,,,,,,Idaho,Missouri,,,,23.87744772,70.55,10.70474051,-22.45,13.17270721,12.976464275,34.58218823,1.02,0.35,17.0,29.0
2026-06-15,Rolling 3-Month,2026-01-01,2026-03-31,,State,,,,,,,,,,,,,,,,migration,,,,,,,,,,,,,,,,,,,,,,,,,,,,,,,,,,,,,,,,,,,,,,,,,,,,,,,,,,,,,,,,,Idaho,Nebraska,,,,2.0,-50.0,7.203389831,-32.07,-5.203389831,1.400584206,9.203389831,0.09,0.16,44.0,35.0
2026-06-15,Rolling 3-Month,2026-01-01,2026-03-31,,State,,,,,,,,,,,,,,,,migration,,,,,,,,,,,,,,,,,,,,,,,,,,,,,,,,,,,,,,,,,,,,,,,,,,,,,,,,,,,,,,,,,Idaho,Ohio,,,,28.628753035,154.57,27.547662151,76.97,1.081090884,5.401051658,56.176415186,1.22,0.32,14.0,19.0
2026-06-15,Rolling 3-Month,2026-01-01,2026-03-31,,State,,,,,,,,,,,,,,,,migration,,,,,,,,,,,,,,,,,,,,,,,,,,,,,,,,,,,,,,,,,,,,,,,,,,,,,,,,,,,,,,,,,Idaho,Nevada,,,,71.444153782,0.41,146.107753019,9.38,-74.663599237,-12.236683087,217.551906801,3.04,0.36,9.0,8.0
2026-06-15,Rolling 3-Month,2026-01-01,2026-03-31,,State,,,,,,,,,,,,,,,,migration,,,,,,,,,,,,,,,,,,,,,,,,,,,,,,,,,,,,,,,,,,,,,,,,,,,,,,,,,,,,,,,,,Idaho,New Hampshire,,,,3.676470588,267.65,4.0,-33.33,-0.3235294118,4.676470588,7.676470588,0.16,0.07,41.0,43.0
2026-06-15,Rolling 3-Month,2026-01-01,2026-03-31,,State,,,,,,,,,,,,,,,,migration,,,,,,,,,,,,,,,,,,,,,,,,,,,,,,,,,,,,,,,,,,,,,,,,,,,,,,,,,,,,,,,,,Idaho,New Jersey,,,,5.891368733,-1.81,5.0,66.67,0.8913687328,-2.108631267,10.891368733,0.25,0.04,34.0,40.0
2026-06-15,Rolling 3-Month,2026-01-01,2026-03-31,,State,,,,,,,,,,,,,,,,migration,,,,,,,,,,,,,,,,,,,,,,,,,,,,,,,,,,,,,,,,,,,,,,,,,,,,,,,,,,,,,,,,,Idaho,New Mexico,,,,18.154106821,34.68,25.226703831,26.94,-7.07259701,-0.679128401,43.380810652,0.77,0.53,20.0,20.0
2026-06-15,Rolling 3-Month,2026-01-01,2026-03-31,,State,,,,,,,,,,,,,,,,migration,,,,,,,,,,,,,,,,,,,,,,,,,,,,,,,,,,,,,,,,,,,,,,,,,,,,,,,,,,,,,,,,,Idaho,New York,,,,11.941659016,-7.93,37.969996423,-17.15,-26.028337407,6.831432792,49.911655439,0.51,0.08,27.0,15.0
2026-06-15,Rolling 3-Month,2026-01-01,2026-03-31,,State,,,,,,,,,,,,,,,,migration,,,,,,,,,,,,,,,,,,,,,,,,,,,,,,,,,,,,,,,,,,,,,,,,,,,,,,,,,,,,,,,,,Idaho,North Carolina,,,,29.132561239,49.04,30.953020818,27.2,-1.820459579,2.966187545,60.085582058,1.24,0.13,13.0,18.0
2026-06-15,Rolling 3-Month,2026-01-01,2026-03-31,,State,,,,,,,,,,,,,,,,migration,,,,,,,,,,,,,,,,,,,,,,,,,,,,,,,,,,,,,,,,,,,,,,,,,,,,,,,,,,,,,,,,,Idaho,North Dakota,,,,1.0,,6.0,,-5.0,,7.0,0.04,0.31,48.0,37.0
2026-06-15,Rolling 3-Month,2026-01-01,2026-03-31,,State,,,,,,,,,,,,,,,,migration,,,,,,,,,,,,,,,,,,,,,,,,,,,,,,,,,,,,,,,,,,,,,,,,,,,,,,,,,,,,,,,,,Illinois,California,,,,3362.428305678,3.02,2424.090988485,-29.21,938.337317193,1099.053108071,5786.519294164,7.91,6.44,4.0,1.0
2026-06-15,Rolling 3-Month,2026-01-01,2026-03-31,,State,,,,,,,,,,,,,,,,migration,,,,,,,,,,,,,,,,,,,,,,,,,,,,,,,,,,,,,,,,,,,,,,,,,,,,,,,,,,,,,,,,,Illinois,Colorado,,,,1062.609934359,7.31,548.947205961,-23.64,513.662728398,242.309287083,1611.55714032,2.5,6.71,9.0,11.0
2026-06-15,Rolling 3-Month,2026-01-01,2026-03-31,,State,,,,,,,,,,,,,,,,migration,,,,,,,,,,,,,,,,,,,,,,,,,,,,,,,,,,,,,,,,,,,,,,,,,,,,,,,,,,,,,,,,,Illinois,Columbia,,,,94.840155077,-32.43,94.324977481,-48.07,0.5151775953,41.784815646,189.165132558,0.22,1.77,38.0,33.0
2026-06-15,Rolling 3-Month,2026-01-01,2026-03-31,,State,,,,,,,,,,,,,,,,migration,,,,,,,,,,,,,,,,,,,,,,,,,,,,,,,,,,,,,,,,,,,,,,,,,,,,,,,,,,,,,,,,,Illinois,North Dakota,,,,20.335806163,69.17,51.237623762,122.77,-30.901817599,-19.922525153,71.573429926,0.05,6.22,50.0,38.0
2026-06-15,Rolling 3-Month,2026-01-01,2026-03-31,,State,,,,,,,,,,,,,,,,migration,,,,,,,,,,,,,,,,,,,,,,,,,,,,,,,,,,,,,,,,,,,,,,,,,,,,,,,,,,,,,,,,,Illinois,Nebraska,,,,114.98535095,-22.44,121.955399948,44.83,-6.970048998,-71.023331942,236.940750897,0.27,9.15,36.0,32.0
2026-06-15,Rolling 3-Month,2026-01-01,2026-03-31,,State,,,,,,,,,,,,,,,,migration,,,,,,,,,,,,,,,,,,,,,,,,,,,,,,,,,,,,,,,,,,,,,,,,,,,,,,,,,,,,,,,,,Illinois,Nevada,,,,536.145854558,-28.13,208.973445422,-27.06,327.172409136,-132.278331239,745.119299979,1.26,2.73,18.0,24.0
2026-06-15,Rolling 3-Month,2026-01-01,2026-03-31,,State,,,,,,,,,,,,,,,,migration,,,,,,,,,,,,,,,,,,,,,,,,,,,,,,,,,,,,,,,,,,,,,,,,,,,,,,,,,,,,,,,,,Illinois,New Hampshire,,,,43.60978551,-29.78,35.093421461,29.15,8.516364049,-26.41158178,78.703206971,0.1,0.78,42.0,41.0
2026-06-15,Rolling 3-Month,2026-01-01,2026-03-31,,State,,,,,,,,,,,,,,,,migration,,,,,,,,,,,,,,,,,,,,,,,,,,,,,,,,,,,,,,,,,,,,,,,,,,,,,,,,,,,,,,,,,Illinois,New Jersey,,,,172.510579336,-9.4,132.585781422,-16.34,39.924797914,8.006991778,305.096360758,0.41,1.15,31.0,30.0
2026-06-15,Rolling 3-Month,2026-01-01,2026-03-31,,State,,,,,,,,,,,,,,,,migration,,,,,,,,,,,,,,,,,,,,,,,,,,,,,,,,,,,,,,,,,,,,,,,,,,,,,,,,,,,,,,,,,Illinois,New Mexico,,,,144.58768167,-10.12,41.726950176,0.54,102.860731494,-16.504812657,186.314631846,0.34,4.23,34.0,40.0
2026-06-15,Rolling 3-Month,2026-01-01,2026-03-31,,State,,,,,,,,,,,,,,,,migration,,,,,,,,,,,,,,,,,,,,,,,,,,,,,,,,,,,,,,,,,,,,,,,,,,,,,,,,,,,,,,,,,Illinois,New York,,,,441.284993754,-26.93,770.711999875,-20.08,-329.427006121,30.962313259,1211.996993629,1.04,3.04,19.0,7.0
2026-06-15,Rolling 3-Month,2026-01-01,2026-03-31,,State,,,,,,,,,,,,,,,,migration,,,,,,,,,,,,,,,,,,,,,,,,,,,,,,,,,,,,,,,,,,,,,,,,,,,,,,,,,,,,,,,,,Illinois,North Carolina,,,,777.429397193,-22.73,374.176014705,-10.35,403.253382487,-185.465841834,1151.605411898,1.83,3.4,13.0,17.0
2026-06-15,Rolling 3-Month,2026-01-01,2026-03-31,,State,,,,,,,,,,,,,,,,migration,,,,,,,,,,,,,,,,,,,,,,,,,,,,,,,,,,,,,,,,,,,,,,,,,,,,,,,,,,,,,,,,,Illinois,Ohio,,,,631.879215264,-28.43,450.488052995,-18.8,181.391162269,-146.660811308,1082.367268259,1.49,7.11,16.0,16.0
2026-06-15,Rolling 3-Month,2026-01-01,2026-03-31,,State,,,,,,,,,,,,,,,,migration,,,,,,,,,,,,,,,,,,,,,,,,,,,,,,,,,,,,,,,,,,,,,,,,,,,,,,,,,,,,,,,,,Illinois,Connecticut,,,,85.548172714,-35.51,94.311313968,-7.81,-8.763141254,-39.110282194,179.859486681,0.2,1.61,39.0,34.0
2026-06-15,Rolling 3-Month,2026-01-01,2026-03-31,,State,,,,,,,,,,,,,,,,migration,,,,,,,,,,,,,,,,,,,,,,,,,,,,,,,,,,,,,,,,,,,,,,,,,,,,,,,,,,,,,,,,,Illinois,Oklahoma,,,,170.42498212,-32.56,225.448183414,52.65,-55.023201294,-160.05048261,395.873165533,0.4,3.81,32.0,23.0
2026-06-15,Rolling 3-Month,2026-01-01,2026-03-31,,State,,,,,,,,,,,,,,,,migration,,,,,,,,,,,,,,,,,,,,,,,,,,,,,,,,,,,,,,,,,,,,,,,,,,,,,,,,,,,,,,,,,Illinois,Oregon,,,,330.451082927,-2.53,332.352563903,33.87,-1.901480976,-92.684213119,662.80364683,0.78,1.75,22.0,19.0
2026-06-15,Rolling 3-Month,2026-01-01,2026-03-31,,State,,,,,,,,,,,,,,,,migration,,,,,,,,,,,,,,,,,,,,,,,,,,,,,,,,,,,,,,,,,,,,,,,,,,,,,,,,,,,,,,,,,Illinois,Pennsylvania,,,,281.713178098,-26.38,244.378246333,-11.93,37.334931765,-67.851179217,526.09142443,0.66,1.71,28.0,21.0
2026-06-15,Rolling 3-Month,2026-01-01,2026-03-31,,State,,,,,,,,,,,,,,,,migration,,,,,,,,,,,,,,,,,,,,,,,,,,,,,,,,,,,,,,,,,,,,,,,,,,,,,,,,,,,,,,,,,Illinois,Rhode Island,,,,32.724397116,1.42,12.790862666,66.87,19.933534449,-4.66928954,45.515259782,0.08,1.47,43.0,46.0
2026-06-15,Rolling 3-Month,2026-01-01,2026-03-31,,State,,,,,,,,,,,,,,,,migration,,,,,,,,,,,,,,,,,,,,,,,,,,,,,,,,,,,,,,,,,,,,,,,,,,,,,,,,,,,,,,,,,Illinois,South Carolina,,,,671.499664038,-20.65,84.494605445,-13.61,587.005058594,-161.426116136,755.994269483,1.58,3.59,15.0,35.0
2026-06-15,Rolling 3-Month,2026-01-01,2026-03-31,,State,,,,,,,,,,,,,,,,migration,,,,,,,,,,,,,,,,,,,,,,,,,,,,,,,,,,,,,,,,,,,,,,,,,,,,,,,,,,,,,,,,,Illinois,South Dakota,,,,26.304294144,-35.68,47.522727273,465.94,-21.218433129,-53.718151382,73.827021416,0.06,3.37,49.0,39.0
2026-06-15,Rolling 3-Month,2026-01-01,2026-03-31,,State,,,,,,,,,,,,,,,,migration,,,,,,,,,,,,,,,,,,,,,,,,,,,,,,,,,,,,,,,,,,,,,,,,,,,,,,,,,,,,,,,,,Illinois,Tennessee,,,,1698.610978908,-40.09,462.418146013,-5.17,1236.192832895,-1111.315714949,2161.029124922,4.0,8.67,8.0,15.0
2026-06-15,Rolling 3-Month,2026-01-01,2026-03-31,,State,,,,,,,,,,,,,,,,migration,,,,,,,,,,,,,,,,,,,,,,,,,,,,,,,,,,,,,,,,,,,,,,,,,,,,,,,,,,,,,,,,,Illinois,Montana,,,,78.381455128,-15.38,11.0,-36.92,67.381455128,-7.808709609,89.381455128,0.18,2.44,40.0,47.0
2026-06-15,Rolling 3-Month,2026-01-01,2026-03-31,,State,,,,,,,,,,,,,,,,migration,,,,,,,,,,,,,,,,,,,,,,,,,,,,,,,,,,,,,,,,,,,,,,,,,,,,,,,,,,,,,,,,,Illinois,Missouri,,,,983.800802782,-37.53,983.226341055,-5.21,0.5744617276,-536.850568521,1967.027143837,2.31,14.28,10.0,5.0
2026-06-15,Rolling 3-Month,2026-01-01,2026-03-31,,State,,,,,,,,,,,,,,,,migration,,,,,,,,,,,,,,,,,,,,,,,,,,,,,,,,,,,,,,,,,,,,,,,,,,,,,,,,,,,,,,,,,Illinois,Mississippi,,,,201.633975248,-16.47,124.993774759,50.81,76.640200489,-81.879775454,326.627750008,0.47,6.64,30.0,31.0
2026-06-15,Rolling 3-Month,2026-01-01,2026-03-31,,State,,,,,,,,,,,,,,,,migration,,,,,,,,,,,,,,,,,,,,,,,,,,,,,,,,,,,,,,,,,,,,,,,,,,,,,,,,,,,,,,,,,Illinois,Minnesota,,,,755.438766965,-40.49,497.027281836,1.04,258.411485129,-519.144123455,1252.466048802,1.78,16.01,14.0,13.0
2026-06-15,Rolling 3-Month,2026-01-01,2026-03-31,,State,,,,,,,,,,,,,,,,migration,,,,,,,,,,,,,,,,,,,,,,,,,,,,,,,,,,,,,,,,,,,,,,,,,,,,,,,,,,,,,,,,,Illinois,Delaware,,,,26.886211215,-43.19,13.0,-0.78,13.886211215,-20.335184555,39.886211215,0.06,0.61,47.0,45.0
2026-06-15,Rolling 3-Month,2026-01-01,2026-03-31,,State,,,,,,,,,,,,,,,,migration,,,,,,,,,,,,,,,,,,,,,,,,,,,,,,,,,,,,,,,,,,,,,,,,,,,,,,,,,,,,,,,,,Illinois,Florida,,,,8188.886963057,3.07,1746.159407959,-22.26,6442.727555097,743.745355726,9935.046371016,19.27,10.04,1.0,3.0
2026-06-15,Rolling 3-Month,2026-01-01,2026-03-31,,State,,,,,,,,,,,,,,,,migration,,,,,,,,,,,,,,,,,,,,,,,,,,,,,,,,,,,,,,,,,,,,,,,,,,,,,,,,,,,,,,,,,Illinois,Georgia,,,,902.764699381,-25.52,523.09474846,-17.63,379.669950921,-197.287428476,1425.859447842,2.12,4.82,11.0,12.0
2026-06-15,Rolling 3-Month,2026-01-01,2026-03-31,,State,,,,,,,,,,,,,,,,migration,,,,,,,,,,,,,,,,,,,,,,,,,,,,,,,,,,,,,,,,,,,,,,,,,,,,,,,,,,,,,,,,,Illinois,Hawaii,,,,303.004319163,-36.06,58.707699204,-49.07,244.296619959,-114.324939084,361.712018367,0.71,2.85,24.0,37.0
2026-06-15,Rolling 3-Month,2026-01-01,2026-03-31,,State,,,,,,,,,,,,,,,,migration,,,,,,,,,,,,,,,,,,,,,,,,,,,,,,,,,,,,,,,,,,,,,,,,,,,,,,,,,,,,,,,,,Illinois,Idaho,,,,67.652324018,-23.77,31.834581701,37.69,35.817742317,-29.807399432,99.486905719,0.16,0.64,41.0,42.0
2026-06-15,Rolling 3-Month,2026-01-01,2026-03-31,,State,,,,,,,,,,,,,,,,migration,,,,,,,,,,,,,,,,,,,,,,,,,,,,,,,,,,,,,,,,,,,,,,,,,,,,,,,,,,,,,,,,,Illinois,Illinois,,,,268325.314674071,-19.96,268325.314674071,-19.96,0.0,0.0,536650.629348143,,,,
2026-06-15,Rolling 3-Month,2026-01-01,2026-03-31,,State,,,,,,,,,,,,,,,,migration,,,,,,,,,,,,,,,,,,,,,,,,,,,,,,,,,,,,,,,,,,,,,,,,,,,,,,,,,,,,,,,,,Illinois,Indiana,,,,4154.529333749,-14.11,835.215190418,-8.37,3319.314143331,-606.016840074,4989.744524167,9.78,46.47,3.0,6.0
2026-06-15,Rolling 3-Month,2026-01-01,2026-03-31,,State,,,,,,,,,,,,,,,,migration,,,,,,,,,,,,,,,,,,,,,,,,,,,,,,,,,,,,,,,,,,,,,,,,,,,,,,,,,,,,,,,,,Illinois,Iowa,,,,302.520821548,-26.45,356.126308588,10.49,-53.60548704,-142.631038035,658.647130136,0.71,14.86,25.0,18.0
2026-06-15,Rolling 3-Month,2026-01-01,2026-03-31,,State,,,,,,,,,,,,,,,,migration,,,,,,,,,,,,,,,,,,,,,,,,,,,,,,,,,,,,,,,,,,,,,,,,,,,,,,,,,,,,,,,,,Illinois,Kansas,,,,126.514938424,-43.35,207.626882312,33.53,-81.111943888,-148.934763246,334.141820737,0.3,5.34,35.0,25.0
2026-06-15,Rolling 3-Month,2026-01-01,2026-03-31,,State,,,,,,,,,,,,,,,,migration,,,,,,,,,,,,,,,,,,,,,,,,,,,,,,,,,,,,,,,,,,,,,,,,,,,,,,,,,,,,,,,,,Illinois,Kentucky,,,,364.419290731,-26.53,153.014807205,16.13,211.404483526,-152.844033043,517.434097937,0.86,8.2,20.0,28.0
2026-06-15,Rolling 3-Month,2026-01-01,2026-03-31,,State,,,,,,,,,,,,,,,,migration,,,,,,,,,,,,,,,,,,,,,,,,,,,,,,,,,,,,,,,,,,,,,,,,,,,,,,,,,,,,,,,,,Illinois,Louisiana,,,,297.789177209,-34.91,154.394585438,14.8,143.394591772,-179.622794275,452.183762647,0.7,5.0,27.0,27.0
2026-06-15,Rolling 3-Month,2026-01-01,2026-03-31,,State,,,,,,,,,,,,,,,,migration,,,,,,,,,,,,,,,,,,,,,,,,,,,,,,,,,,,,,,,,,,,,,,,,,,,,,,,,,,,,,,,,,Illinois,Maine,,,,95.572584545,-29.75,19.269606182,-14.04,76.302978363,-37.32938092,114.842190726,0.22,1.71,37.0,44.0
2026-06-15,Rolling 3-Month,2026-01-01,2026-03-31,,State,,,,,,,,,,,,,,,,migration,,,,,,,,,,,,,,,,,,,,,,,,,,,,,,,,,,,,,,,,,,,,,,,,,,,,,,,,,,,,,,,,,Illinois,Maryland,,,,298.01955134,-39.11,240.654214873,-19.85,57.365336467,-131.804131993,538.673766213,0.7,1.72,26.0,22.0
2026-06-15,Rolling 3-Month,2026-01-01,2026-03-31,,State,,,,,,,,,,,,,,,,migration,,,,,,,,,,,,,,,,,,,,,,,,,,,,,,,,,,,,,,,,,,,,,,,,,,,,,,,,,,,,,,,,,Illinois,Massachusetts,,,,323.923367939,0.12,262.706730676,-32.0,61.216637264,124.003227459,586.630098615,0.76,3.28,23.0,20.0
2026-06-15,Rolling 3-Month,2026-01-01,2026-03-31,,State,,,,,,,,,,,,,,,,migration,,,,,,,,,,,,,,,,,,,,,,,,,,,,,,,,,,,,,,,,,,,,,,,,,,,,,,,,,,,,,,,,,Illinois,Michigan,,,,2463.444183219,-27.52,680.753662997,-8.55,1782.690520222,-871.600619421,3144.197846216,5.8,26.07,6.0,9.0
2026-06-15,Rolling 3-Month,2026-01-01,2026-03-31,,State,,,,,,,,,,,,,,,,migration,,,,,,,,,,,,,,,,,,,,,,,,,,,,,,,,,,,,,,,,,,,,,,,,,,,,,,,,,,,,,,,,,Iowa,Massachusetts,,,,11.265665684,107.05,11.660576537,-34.64,-0.3949108531,12.005999992,22.92624222,0.51,0.11,34.0,27.0
2026-06-15,Rolling 3-Month,2026-01-01,2026-03-31,,State,,,,,,,,,,,,,,,,migration,,,,,,,,,,,,,,,,,,,,,,,,,,,,,,,,,,,,,,,,,,,,,,,,,,,,,,,,,,,,,,,,,Iowa,Delaware,,,,3.0,13.83,0.0,,3.0,0.3644067797,3.0,0.13,0.07,43.0,48.0
2026-06-15,Rolling 3-Month,2026-01-01,2026-03-31,,State,,,,,,,,,,,,,,,,migration,,,,,,,,,,,,,,,,,,,,,,,,,,,,,,,,,,,,,,,,,,,,,,,,,,,,,,,,,,,,,,,,,Iowa,Minnesota,,,,97.330754408,-20.91,437.919540104,7.34,-340.588785696,-55.66095878,535.250294512,4.37,2.06,7.0,1.0
2026-06-15,Rolling 3-Month,2026-01-01,2026-03-31,,State,,,,,,,,,,,,,,,,migration,,,,,,,,,,,,,,,,,,,,,,,,,,,,,,,,,,,,,,,,,,,,,,,,,,,,,,,,,,,,,,,,,Kentucky,New Mexico,,,,13.423072585,49.17,4.835593938,48.79,8.587478647,2.839022212,18.258666523,0.41,0.39,33.0,42.0
2026-06-15,Rolling 3-Month,2026-01-01,2026-03-31,,State,,,,,,,,,,,,,,,,migration,,,,,,,,,,,,,,,,,,,,,,,,,,,,,,,,,,,,,,,,,,,,,,,,,,,,,,,,,,,,,,,,,Kentucky,Mississippi,,,,8.451612903,-31.62,6.294117647,305.24,2.157495256,-8.649283802,14.74573055,0.26,0.28,38.0,38.0
2026-06-15,Rolling 3-Month,2026-01-01,2026-03-31,,State,,,,,,,,,,,,,,,,migration,,,,,,,,,,,,,,,,,,,,,,,,,,,,,,,,,,,,,,,,,,,,,,,,,,,,,,,,,,,,,,,,,Kentucky,Missouri,,,,28.721057822,24.9,31.331312615,-43.52,-2.610254793,29.869444712,60.052370436,0.87,0.42,22.0,23.0
2026-06-15,Rolling 3-Month,2026-01-01,2026-03-31,,State,,,,,,,,,,,,,,,,migration,,,,,,,,,,,,,,,,,,,,,,,,,,,,,,,,,,,,,,,,,,,,,,,,,,,,,,,,,,,,,,,,,Kentucky,Montana,,,,5.75830819,76.09,3.454545455,21.83,2.303762735,1.869119808,9.212853644,0.17,0.18,43.0,45.0
2026-06-15,Rolling 3-Month,2026-01-01,2026-03-31,,State,,,,,,,,,,,,,,,,migration,,,,,,,,,,,,,,,,,,,,,,,,,,,,,,,,,,,,,,,,,,,,,,,,,,,,,,,,,,,,,,,,,Kentucky,Nebraska,,,,2.551020408,-33.19,4.0,-42.86,-1.448979592,1.73283859,6.551020408,0.08,0.2,48.0,44.0
2026-06-15,Rolling 3-Month,2026-01-01,2026-03-31,,State,,,,,,,,,,,,,,,,migration,,,,,,,,,,,,,,,,,,,,,,,,,,,,,,,,,,,,,,,,,,,,,,,,,,,,,,,,,,,,,,,,,Kentucky,Nevada,,,,22.276470588,63.55,42.352465139,-20.17,-20.07599455,19.357983426,64.628935727,0.67,0.11,26.0,20.0
2026-06-15,Rolling 3-Month,2026-01-01,2026-03-31,,State,,,,,,,,,,,,,,,,migration,,,,,,,,,,,,,,,,,,,,,,,,,,,,,,,,,,,,,,,,,,,,,,,,,,,,,,,,,,,,,,,,,Kentucky,New Hampshire,,,,6.442105263,28.84,15.773985729,72.62,-9.331880466,-5.193758919,22.216090992,0.2,0.11,42.0,31.0
2026-06-15,Rolling 3-Month,2026-01-01,2026-03-31,,State,,,,,,,,,,,,,,,,migration,,,,,,,,,,,,,,,,,,,,,,,,,,,,,,,,,,,,,,,,,,,,,,,,,,,,,,,,,,,,,,,,,Kentucky,New Jersey,,,,36.187224179,38.18,23.770824189,92.09,12.41639999,-1.397817994,59.958048368,1.1,0.24,21.0,26.0
2026-06-15,Rolling 3-Month,2026-01-01,2026-03-31,,State,,,,,,,,,,,,,,,,migration,,,,,,,,,,,,,,,,,,,,,,,,,,,,,,,,,,,,,,,,,,,,,,,,,,,,,,,,,,,,,,,,,Kentucky,New York,,,,65.998382986,54.04,143.782758869,10.6,-77.784375882,9.378230467,209.781141855,2.0,0.45,15.0,10.0
2026-06-15,Rolling 3-Month,2026-01-01,2026-03-31,,State,,,,,,,,,,,,,,,,migration,,,,,,,,,,,,,,,,,,,,,,,,,,,,,,,,,,,,,,,,,,,,,,,,,,,,,,,,,,,,,,,,,Kentucky,Michigan,,,,63.720986939,8.75,90.055757608,-19.32,-26.334770669,26.685986127,153.776744547,1.93,0.67,16.0,13.0
2026-06-15,Rolling 3-Month,2026-01-01,2026-03-31,,State,,,,,,,,,,,,,,,,migration,,,,,,,,,,,,,,,,,,,,,,,,,,,,,,,,,,,,,,,,,,,,,,,,,,,,,,,,,,,,,,,,,Kentucky,North Carolina,,,,104.797794219,7.0,105.889418393,-19.8,-1.091624175,32.998763686,210.687212612,3.17,0.46,8.0,12.0
2026-06-15,Rolling 3-Month,2026-01-01,2026-03-31,,State,,,,,,,,,,,,,,,,migration,,,,,,,,,,,,,,,,,,,,,,,,,,,,,,,,,,,,,,,,,,,,,,,,,,,,,,,,,,,,,,,,,Kentucky,North Dakota,,,,1.325980392,,2.0,,-0.6740196078,,3.325980392,0.04,0.41,49.0,48.0
2026-06-15,Rolling 3-Month,2026-01-01,2026-03-31,,State,,,,,,,,,,,,,,,,migration,,,,,,,,,,,,,,,,,,,,,,,,,,,,,,,,,,,,,,,,,,,,,,,,,,,,,,,,,,,,,,,,,Kentucky,Ohio,,,,242.24250631,-1.07,597.936121006,17.03,-355.693614696,-89.621939046,840.178627316,7.33,2.73,4.0,1.0
2026-06-15,Rolling 3-Month,2026-01-01,2026-03-31,,State,,,,,,,,,,,,,,,,migration,,,,,,,,,,,,,,,,,,,,,,,,,,,,,,,,,,,,,,,,,,,,,,,,,,,,,,,,,,,,,,,,,Kentucky,Oklahoma,,,,17.839844545,-7.06,15.704508316,40.8,2.135336229,-5.904802317,33.54435286,0.54,0.4,28.0,32.0
2026-06-15,Rolling 3-Month,2026-01-01,2026-03-31,,State,,,,,,,,,,,,,,,,migration,,,,,,,,,,,,,,,,,,,,,,,,,,,,,,,,,,,,,,,,,,,,,,,,,,,,,,,,,,,,,,,,,Kentucky,Oregon,,,,27.852080355,18.64,36.234507021,-50.88,-8.382426666,41.914926616,64.086587376,0.84,0.15,23.0,21.0
2026-06-15,Rolling 3-Month,2026-01-01,2026-03-31,,State,,,,,,,,,,,,,,,,migration,,,,,,,,,,,,,,,,,,,,,,,,,,,,,,,,,,,,,,,,,,,,,,,,,,,,,,,,,,,,,,,,,Kentucky,Pennsylvania,,,,68.755282253,36.96,57.665372892,-0.01,11.089909361,18.561851136,126.420655145,2.08,0.42,13.0,17.0
2026-06-15,Rolling 3-Month,2026-01-01,2026-03-31,,State,,,,,,,,,,,,,,,,migration,,,,,,,,,,,,,,,,,,,,,,,,,,,,,,,,,,,,,,,,,,,,,,,,,,,,,,,,,,,,,,,,,Kentucky,Rhode Island,,,,5.44059117,54.53,5.0,222.98,0.4405911702,-1.53216524,10.44059117,0.16,0.24,45.0,41.0
2026-06-15,Rolling 3-Month,2026-01-01,2026-03-31,,State,,,,,,,,,,,,,,,,migration,,,,,,,,,,,,,,,,,,,,,,,,,,,,,,,,,,,,,,,,,,,,,,,,,,,,,,,,,,,,,,,,,Kentucky,Minnesota,,,,21.895773513,28.81,26.563754677,-33.76,-4.667981165,18.435148914,48.45952819,0.66,0.46,27.0,25.0
2026-06-15,Rolling 3-Month,2026-01-01,2026-03-31,,State,,,,,,,,,,,,,,,,migration,,,,,,,,,,,,,,,,,,,,,,,,,,,,,,,,,,,,,,,,,,,,,,,,,,,,,,,,,,,,,,,,,Kentucky,Massachusetts,,,,57.014754473,79.47,34.490810588,-8.77,22.523943886,28.562396516,91.505565061,1.73,0.58,18.0,22.0
2026-06-15,Rolling 3-Month,2026-01-01,2026-03-31,,State,,,,,,,,,,,,,,,,migration,,,,,,,,,,,,,,,,,,,,,,,,,,,,,,,,,,,,,,,,,,,,,,,,,,,,,,,,,,,,,,,,,Kentucky,Arizona,,,,75.648518261,49.58,88.457825691,-20.02,-12.80930743,47.222792282,164.106343952,2.29,0.22,11.0,14.0
2026-06-15,Rolling 3-Month,2026-01-01,2026-03-31,,State,,,,,,,,,,,,,,,,migration,,,,,,,,,,,,,,,,,,,,,,,,,,,,,,,,,,,,,,,,,,,,,,,,,,,,,,,,,,,,,,,,,Kentucky,Hawaii,,,,11.223809524,125.48,18.278664235,-37.3,-7.054854711,17.12121623,29.502473759,0.34,0.11,35.0,30.0
2026-06-15,Rolling 3-Month,2026-01-01,2026-03-31,,State,,,,,,,,,,,,,,,,migration,,,,,,,,,,,,,,,,,,,,,,,,,,,,,,,,,,,,,,,,,,,,,,,,,,,,,,,,,,,,,,,,,Kentucky,California,,,,136.962108933,-3.36,441.792432607,-37.47,-304.830323674,259.917009293,578.754541541,4.15,0.26,7.0,3.0
2026-06-15,Rolling 3-Month,2026-01-01,2026-03-31,,State,,,,,,,,,,,,,,,,migration,,,,,,,,,,,,,,,,,,,,,,,,,,,,,,,,,,,,,,,,,,,,,,,,,,,,,,,,,,,,,,,,,Kentucky,Colorado,,,,68.409022725,69.07,86.792248518,-19.57,-18.383225792,49.067888696,155.201271243,2.07,0.43,14.0,15.0
2026-06-15,Rolling 3-Month,2026-01-01,2026-03-31,,State,,,,,,,,,,,,,,,,migration,,,,,,,,,,,,,,,,,,,,,,,,,,,,,,,,,,,,,,,,,,,,,,,,,,,,,,,,,,,,,,,,,Kentucky,Columbia,,,,16.285368364,-4.34,5.908655617,-5.46,10.376712747,-0.3965716759,22.194023981,0.49,0.3,30.0,40.0
2026-06-15,Rolling 3-Month,2026-01-01,2026-03-31,,State,,,,,,,,,,,,,,,,migration,,,,,,,,,,,,,,,,,,,,,,,,,,,,,,,,,,,,,,,,,,,,,,,,,,,,,,,,,,,,,,,,,Kentucky,Connecticut,,,,15.064468588,117.13,21.389094082,63.27,-6.324625494,-0.1625303552,36.453562671,0.46,0.28,31.0,29.0
2026-06-15,Rolling 3-Month,2026-01-01,2026-03-31,,State,,,,,,,,,,,,,,,,migration,,,,,,,,,,,,,,,,,,,,,,,,,,,,,,,,,,,,,,,,,,,,,,,,,,,,,,,,,,,,,,,,,Kentucky,Delaware,,,,6.952636065,73.82,2.77892562,-53.0,4.173710445,6.086514678,9.731561685,0.21,0.16,41.0,47.0
2026-06-15,Rolling 3-Month,2026-01-01,2026-03-31,,State,,,,,,,,,,,,,,,,migration,,,,,,,,,,,,,,,,,,,,,,,,,,,,,,,,,,,,,,,,,,,,,,,,,,,,,,,,,,,,,,,,,Kentucky,Florida,,,,731.887711879,31.13,380.987559215,-21.08,350.900152664,275.502284187,1112.875271093,22.16,0.9,1.0,4.0
2026-06-15,Rolling 3-Month,2026-01-01,2026-03-31,,State,,,,,,,,,,,,,,,,migration,,,,,,,,,,,,,,,,,,,,,,,,,,,,,,,,,,,,,,,,,,,,,,,,,,,,,,,,,,,,,,,,,Kentucky,Georgia,,,,101.657609284,-3.06,148.994051547,-35.49,-47.336442262,78.759239195,250.651660831,3.08,0.54,9.0,9.0
2026-06-15,Rolling 3-Month,2026-01-01,2026-03-31,,State,,,,,,,,,,,,,,,,migration,,,,,,,,,,,,,,,,,,,,,,,,,,,,,,,,,,,,,,,,,,,,,,,,,,,,,,,,,,,,,,,,,Kentucky,Idaho,,,,5.723684211,290.89,3.242575154,-75.83,2.481109057,14.433340134,8.966259364,0.17,0.05,44.0,46.0
2026-06-15,Rolling 3-Month,2026-01-01,2026-03-31,,State,,,,,,,,,,,,,,,,migration,,,,,,,,,,,,,,,,,,,,,,,,,,,,,,,,,,,,,,,,,,,,,,,,,,,,,,,,,,,,,,,,,Kentucky,Maryland,,,,56.873974946,-4.54,59.623813382,15.2,-2.749838436,-10.575212928,116.497788328,1.72,0.33,19.0,16.0
2026-06-15,Rolling 3-Month,2026-01-01,2026-03-31,,State,,,,,,,,,,,,,,,,migration,,,,,,,,,,,,,,,,,,,,,,,,,,,,,,,,,,,,,,,,,,,,,,,,,,,,,,,,,,,,,,,,,Kentucky,Illinois,,,,153.014807205,16.13,364.419290731,-26.53,-211.404483526,152.844033043,517.434097937,4.63,0.81,6.0,5.0
2026-06-15,Rolling 3-Month,2026-01-01,2026-03-31,,State,,,,,,,,,,,,,,,,migration,,,,,,,,,,,,,,,,,,,,,,,,,,,,,,,,,,,,,,,,,,,,,,,,,,,,,,,,,,,,,,,,,Kentucky,Indiana,,,,298.743299804,-6.02,462.95662351,-5.25,-164.213323706,6.488175145,761.699923314,9.04,3.34,2.0,2.0
2026-06-15,Rolling 3-Month,2026-01-01,2026-03-31,,State,,,,,,,,,,,,,,,,migration,,,,,,,,,,,,,,,,,,,,,,,,,,,,,,,,,,,,,,,,,,,,,,,,,,,,,,,,,,,,,,,,,Kentucky,Iowa,,,,11.750441192,233.77,13.486209614,258.4,-1.735768422,-1.493382875,25.236650806,0.36,0.58,34.0,33.0
2026-06-15,Rolling 3-Month,2026-01-01,2026-03-31,,State,,,,,,,,,,,,,,,,migration,,,,,,,,,,,,,,,,,,,,,,,,,,,,,,,,,,,,,,,,,,,,,,,,,,,,,,,,,,,,,,,,,Iowa,Mississippi,,,,6.138157895,18.83,3.0,0.0,3.138157895,0.9724761588,9.138157895,0.28,0.2,36.0,38.0
2026-06-15,Rolling 3-Month,2026-01-01,2026-03-31,,State,,,,,,,,,,,,,,,,migration,,,,,,,,,,,,,,,,,,,,,,,,,,,,,,,,,,,,,,,,,,,,,,,,,,,,,,,,,,,,,,,,,Kentucky,Kentucky,,,,7989.842493993,-10.52,7989.842493993,-10.52,0.0,0.0,15979.684987986,,,,
2026-06-15,Rolling 3-Month,2026-01-01,2026-03-31,,State,,,,,,,,,,,,,,,,migration,,,,,,,,,,,,,,,,,,,,,,,,,,,,,,,,,,,,,,,,,,,,,,,,,,,,,,,,,,,,,,,,,Kentucky,Louisiana,,,,23.855732537,18.2,7.663249132,-64.12,16.192483405,17.371279166,31.518981669,0.72,0.4,25.0,36.0
2026-06-15,Rolling 3-Month,2026-01-01,2026-03-31,,State,,,,,,,,,,,,,,,,migration,,,,,,,,,,,,,,,,,,,,,,,,,,,,,,,,,,,,,,,,,,,,,,,,,,,,,,,,,,,,,,,,,Kentucky,Maine,,,,14.275641026,26.52,6.288799628,-57.42,7.986841398,11.474030748,20.564440653,0.43,0.26,32.0,39.0
2026-06-15,Rolling 3-Month,2026-01-01,2026-03-31,,State,,,,,,,,,,,,,,,,migration,,,,,,,,,,,,,,,,,,,,,,,,,,,,,,,,,,,,,,,,,,,,,,,,,,,,,,,,,,,,,,,,,Kentucky,South Carolina,,,,97.524803839,43.15,49.59787328,-1.17,47.92693056,29.987026928,147.122677119,2.95,0.52,10.0,18.0
2026-06-15,Rolling 3-Month,2026-01-01,2026-03-31,,State,,,,,,,,,,,,,,,,migration,,,,,,,,,,,,,,,,,,,,,,,,,,,,,,,,,,,,,,,,,,,,,,,,,,,,,,,,,,,,,,,,,Kentucky,South Dakota,,,,3.337278107,233.73,0.0,-100.0,3.337278107,4.337278107,3.337278107,0.1,0.43,47.0,49.0
2026-06-15,Rolling 3-Month,2026-01-01,2026-03-31,,State,,,,,,,,,,,,,,,,migration,,,,,,,,,,,,,,,,,,,,,,,,,,,,,,,,,,,,,,,,,,,,,,,,,,,,,,,,,,,,,,,,,Kentucky,Tennessee,,,,242.903536826,-14.67,339.911414791,-15.92,-97.007877965,22.598218395,582.814951617,7.35,1.24,3.0,6.0
2026-06-15,Rolling 3-Month,2026-01-01,2026-03-31,,State,,,,,,,,,,,,,,,,migration,,,,,,,,,,,,,,,,,,,,,,,,,,,,,,,,,,,,,,,,,,,,,,,,,,,,,,,,,,,,,,,,,Louisiana,Maine,,,,14.804456928,-5.88,9.750601604,-0.06,5.053855324,-0.9186586856,24.555058532,0.46,0.27,29.0,40.0
2026-06-15,Rolling 3-Month,2026-01-01,2026-03-31,,State,,,,,,,,,,,,,,,,migration,,,,,,,,,,,,,,,,,,,,,,,,,,,,,,,,,,,,,,,,,,,,,,,,,,,,,,,,,,,,,,,,,Louisiana,Idaho,,,,3.578253119,-26.67,2.0,-82.51,1.578253119,8.133926952,5.578253119,0.11,0.03,43.0,49.0
2026-06-15,Rolling 3-Month,2026-01-01,2026-03-31,,State,,,,,,,,,,,,,,,,migration,,,,,,,,,,,,,,,,,,,,,,,,,,,,,,,,,,,,,,,,,,,,,,,,,,,,,,,,,,,,,,,,,Louisiana,Illinois,,,,154.394585438,14.8,297.789177209,-34.91,-143.394591772,179.622794275,452.183762647,4.84,0.82,4.0,4.0
2026-06-15,Rolling 3-Month,2026-01-01,2026-03-31,,State,,,,,,,,,,,,,,,,migration,,,,,,,,,,,,,,,,,,,,,,,,,,,,,,,,,,,,,,,,,,,,,,,,,,,,,,,,,,,,,,,,,Louisiana,Indiana,,,,14.358208955,-23.26,34.20454564,-9.11,-19.846336684,-0.922107073,48.562754595,0.45,0.16,31.0,30.0
2026-06-15,Rolling 3-Month,2026-01-01,2026-03-31,,State,,,,,,,,,,,,,,,,migration,,,,,,,,,,,,,,,,,,,,,,,,,,,,,,,,,,,,,,,,,,,,,,,,,,,,,,,,,,,,,,,,,Louisiana,Iowa,,,,7.0,5.71,23.0,-11.42,-16.0,3.344283227,30.0,0.22,0.34,38.0,37.0
2026-06-15,Rolling 3-Month,2026-01-01,2026-03-31,,State,,,,,,,,,,,,,,,,migration,,,,,,,,,,,,,,,,,,,,,,,,,,,,,,,,,,,,,,,,,,,,,,,,,,,,,,,,,,,,,,,,,Louisiana,Kansas,,,,10.421383648,25.68,37.341029412,114.99,-26.919645764,-17.842932172,47.76241306,0.33,0.44,35.0,28.0
2026-06-15,Rolling 3-Month,2026-01-01,2026-03-31,,State,,,,,,,,,,,,,,,,migration,,,,,,,,,,,,,,,,,,,,,,,,,,,,,,,,,,,,,,,,,,,,,,,,,,,,,,,,,,,,,,,,,Louisiana,Kentucky,,,,7.663249132,-64.12,23.855732537,18.2,-16.192483405,-17.371279166,31.518981669,0.24,0.17,37.0,36.0
2026-06-15,Rolling 3-Month,2026-01-01,2026-03-31,,State,,,,,,,,,,,,,,,,migration,,,,,,,,,,,,,,,,,,,,,,,,,,,,,,,,,,,,,,,,,,,,,,,,,,,,,,,,,,,,,,,,,Louisiana,Louisiana,,,,14230.923912177,1.03,14230.923912177,1.03,0.0,0.0,28461.847824354,,,,
2026-06-15,Rolling 3-Month,2026-01-01,2026-03-31,,State,,,,,,,,,,,,,,,,migration,,,,,,,,,,,,,,,,,,,,,,,,,,,,,,,,,,,,,,,,,,,,,,,,,,,,,,,,,,,,,,,,,Louisiana,Maryland,,,,41.388117124,-19.29,108.539358117,-0.66,-67.151240992,-9.165210238,149.927475241,1.3,0.24,15.0,10.0
2026-06-15,Rolling 3-Month,2026-01-01,2026-03-31,,State,,,,,,,,,,,,,,,,migration,,,,,,,,,,,,,,,,,,,,,,,,,,,,,,,,,,,,,,,,,,,,,,,,,,,,,,,,,,,,,,,,,Kentucky,Texas,,,,162.594966503,-7.91,188.295727215,-18.27,-25.700760712,28.125053747,350.890693719,4.92,0.37,5.0,8.0
2026-06-15,Rolling 3-Month,2026-01-01,2026-03-31,,State,,,,,,,,,,,,,,,,migration,,,,,,,,,,,,,,,,,,,,,,,,,,,,,,,,,,,,,,,,,,,,,,,,,,,,,,,,,,,,,,,,,Louisiana,Massachusetts,,,,29.853123163,19.96,60.45271531,-12.16,-30.599592146,13.332098032,90.305838473,0.94,0.3,22.0,20.0
2026-06-15,Rolling 3-Month,2026-01-01,2026-03-31,,State,,,,,,,,,,,,,,,,migration,,,,,,,,,,,,,,,,,,,,,,,,,,,,,,,,,,,,,,,,,,,,,,,,,,,,,,,,,,,,,,,,,Louisiana,Michigan,,,,30.421052632,-39.26,53.638403848,22.59,-23.217351216,-29.546593261,84.05945648,0.95,0.32,21.0,22.0
2026-06-15,Rolling 3-Month,2026-01-01,2026-03-31,,State,,,,,,,,,,,,,,,,migration,,,,,,,,,,,,,,,,,,,,,,,,,,,,,,,,,,,,,,,,,,,,,,,,,,,,,,,,,,,,,,,,,Louisiana,Minnesota,,,,23.19760479,363.95,51.664423354,20.95,-28.466818564,9.247194751,74.862028145,0.73,0.49,26.0,23.0
2026-06-15,Rolling 3-Month,2026-01-01,2026-03-31,,State,,,,,,,,,,,,,,,,migration,,,,,,,,,,,,,,,,,,,,,,,,,,,,,,,,,,,,,,,,,,,,,,,,,,,,,,,,,,,,,,,,,Louisiana,Mississippi,,,,417.989422334,-6.15,106.400055129,11.15,311.589367205,-38.057571447,524.389477464,13.11,13.76,3.0,11.0
2026-06-15,Rolling 3-Month,2026-01-01,2026-03-31,,State,,,,,,,,,,,,,,,,migration,,,,,,,,,,,,,,,,,,,,,,,,,,,,,,,,,,,,,,,,,,,,,,,,,,,,,,,,,,,,,,,,,Louisiana,Missouri,,,,38.265960132,-0.04,69.553771632,22.88,-31.2878115,-12.963882538,107.819731765,1.2,0.56,16.0,17.0
2026-06-15,Rolling 3-Month,2026-01-01,2026-03-31,,State,,,,,,,,,,,,,,,,migration,,,,,,,,,,,,,,,,,,,,,,,,,,,,,,,,,,,,,,,,,,,,,,,,,,,,,,,,,,,,,,,,,Louisiana,Montana,,,,1.633367486,-76.82,6.0,11.34,-4.366632514,-6.02335766,7.633367486,0.05,0.05,47.0,42.0
2026-06-15,Rolling 3-Month,2026-01-01,2026-03-31,,State,,,,,,,,,,,,,,,,migration,,,,,,,,,,,,,,,,,,,,,,,,,,,,,,,,,,,,,,,,,,,,,,,,,,,,,,,,,,,,,,,,,Louisiana,Nebraska,,,,3.637931034,-16.91,24.0,56.1,-20.362068966,-9.365307307,27.637931034,0.11,0.29,42.0,35.0
2026-06-15,Rolling 3-Month,2026-01-01,2026-03-31,,State,,,,,,,,,,,,,,,,migration,,,,,,,,,,,,,,,,,,,,,,,,,,,,,,,,,,,,,,,,,,,,,,,,,,,,,,,,,,,,,,,,,Louisiana,Hawaii,,,,14.278681479,-23.86,29.51657406,19.84,-15.237892581,-9.361116429,43.795255539,0.45,0.13,32.0,33.0
2026-06-15,Rolling 3-Month,2026-01-01,2026-03-31,,State,,,,,,,,,,,,,,,,migration,,,,,,,,,,,,,,,,,,,,,,,,,,,,,,,,,,,,,,,,,,,,,,,,,,,,,,,,,,,,,,,,,Louisiana,Georgia,,,,145.808298656,17.2,293.564759934,0.99,-147.756461278,18.512835815,439.37305859,4.57,0.78,6.0,6.0
2026-06-15,Rolling 3-Month,2026-01-01,2026-03-31,,State,,,,,,,,,,,,,,,,migration,,,,,,,,,,,,,,,,,,,,,,,,,,,,,,,,,,,,,,,,,,,,,,,,,,,,,,,,,,,,,,,,,Louisiana,Florida,,,,421.005253185,-1.39,296.195353234,-5.71,124.809899951,12.003722097,717.200606419,13.21,0.52,2.0,5.0
2026-06-15,Rolling 3-Month,2026-01-01,2026-03-31,,State,,,,,,,,,,,,,,,,migration,,,,,,,,,,,,,,,,,,,,,,,,,,,,,,,,,,,,,,,,,,,,,,,,,,,,,,,,,,,,,,,,,Louisiana,Delaware,,,,2.553550371,21.52,6.0,-27.23,-3.446449629,2.697074688,8.553550371,0.08,0.06,45.0,43.0
2026-06-15,Rolling 3-Month,2026-01-01,2026-03-31,,State,,,,,,,,,,,,,,,,migration,,,,,,,,,,,,,,,,,,,,,,,,,,,,,,,,,,,,,,,,,,,,,,,,,,,,,,,,,,,,,,,,,Kentucky,Utah,,,,8.327994238,-7.47,27.646776653,-33.78,-19.318782415,13.428380661,35.974770891,0.25,0.15,39.0,24.0
2026-06-15,Rolling 3-Month,2026-01-01,2026-03-31,,State,,,,,,,,,,,,,,,,migration,,,,,,,,,,,,,,,,,,,,,,,,,,,,,,,,,,,,,,,,,,,,,,,,,,,,,,,,,,,,,,,,,Kentucky,Vermont,,,,7.326315789,4.66,7.212927757,62.17,0.1133880328,-2.438850773,14.539243546,0.22,0.36,40.0,37.0
2026-06-15,Rolling 3-Month,2026-01-01,2026-03-31,,State,,,,,,,,,,,,,,,,migration,,,,,,,,,,,,,,,,,,,,,,,,,,,,,,,,,,,,,,,,,,,,,,,,,,,,,,,,,,,,,,,,,Kentucky,Virginia,,,,74.442115867,47.17,110.945711452,-54.88,-36.503595585,158.820242896,185.387827319,2.25,0.38,12.0,11.0
2026-06-15,Rolling 3-Month,2026-01-01,2026-03-31,,State,,,,,,,,,,,,,,,,migration,,,,,,,,,,,,,,,,,,,,,,,,,,,,,,,,,,,,,,,,,,,,,,,,,,,,,,,,,,,,,,,,,Kentucky,Washington,,,,62.866989396,12.89,236.379729543,-13.25,-173.512740147,43.295280725,299.246718939,1.9,0.2,17.0,7.0
2026-06-15,Rolling 3-Month,2026-01-01,2026-03-31,,State,,,,,,,,,,,,,,,,migration,,,,,,,,,,,,,,,,,,,,,,,,,,,,,,,,,,,,,,,,,,,,,,,,,,,,,,,,,,,,,,,,,Kentucky,West Virginia,,,,17.82267022,231.7,23.602038498,22.62,-5.779368278,8.095312663,41.424708718,0.54,0.64,29.0,27.0
2026-06-15,Rolling 3-Month,2026-01-01,2026-03-31,,State,,,,,,,,,,,,,,,,migration,,,,,,,,,,,,,,,,,,,,,,,,,,,,,,,,,,,,,,,,,,,,,,,,,,,,,,,,,,,,,,,,,Kentucky,Wisconsin,,,,26.509433962,18.32,21.515366496,-60.0,4.994067466,36.378492249,48.024800459,0.8,0.31,24.0,28.0
2026-06-15,Rolling 3-Month,2026-01-01,2026-03-31,,State,,,,,,,,,,,,,,,,migration,,,,,,,,,,,,,,,,,,,,,,,,,,,,,,,,,,,,,,,,,,,,,,,,,,,,,,,,,,,,,,,,,Kentucky,Wyoming,,,,4.0,100.0,4.280794914,,-0.2807949141,-2.280794914,8.280794914,0.12,0.42,46.0,43.0
2026-06-15,Rolling 3-Month,2026-01-01,2026-03-31,,State,,,,,,,,,,,,,,,,migration,,,,,,,,,,,,,,,,,,,,,,,,,,,,,,,,,,,,,,,,,,,,,,,,,,,,,,,,,,,,,,,,,Louisiana,Alabama,,,,135.388276919,-21.68,833.381860803,-13.81,-697.993583885,96.008987718,968.770137722,4.25,2.03,7.0,2.0
2026-06-15,Rolling 3-Month,2026-01-01,2026-03-31,,State,,,,,,,,,,,,,,,,migration,,,,,,,,,,,,,,,,,,,,,,,,,,,,,,,,,,,,,,,,,,,,,,,,,,,,,,,,,,,,,,,,,Louisiana,Alaska,,,,3.791304348,14.5,6.303296703,110.11,-2.511992355,-2.82331311,10.094601051,0.12,0.43,41.0,41.0
2026-06-15,Rolling 3-Month,2026-01-01,2026-03-31,,State,,,,,,,,,,,,,,,,migration,,,,,,,,,,,,,,,,,,,,,,,,,,,,,,,,,,,,,,,,,,,,,,,,,,,,,,,,,,,,,,,,,Louisiana,Arizona,,,,33.064368904,-19.75,69.830538626,-18.45,-36.766169722,7.66178464,102.89490753,1.04,0.1,19.0,16.0
2026-06-15,Rolling 3-Month,2026-01-01,2026-03-31,,State,,,,,,,,,,,,,,,,migration,,,,,,,,,,,,,,,,,,,,,,,,,,,,,,,,,,,,,,,,,,,,,,,,,,,,,,,,,,,,,,,,,Louisiana,Arkansas,,,,84.765275444,-4.5,41.255698992,7.52,43.509576452,-6.884827854,126.020974437,2.66,2.02,9.0,25.0
2026-06-15,Rolling 3-Month,2026-01-01,2026-03-31,,State,,,,,,,,,,,,,,,,migration,,,,,,,,,,,,,,,,,,,,,,,,,,,,,,,,,,,,,,,,,,,,,,,,,,,,,,,,,,,,,,,,,Louisiana,California,,,,153.68700297,-12.58,745.671805069,-13.25,-591.984802099,91.814929095,899.358808038,4.82,0.29,5.0,3.0
2026-06-15,Rolling 3-Month,2026-01-01,2026-03-31,,State,,,,,,,,,,,,,,,,migration,,,,,,,,,,,,,,,,,,,,,,,,,,,,,,,,,,,,,,,,,,,,,,,,,,,,,,,,,,,,,,,,,Louisiana,Colorado,,,,80.301924418,-6.8,101.026875886,-31.01,-20.724951468,39.548681143,181.328800304,2.52,0.51,12.0,13.0
2026-06-15,Rolling 3-Month,2026-01-01,2026-03-31,,State,,,,,,,,,,,,,,,,migration,,,,,,,,,,,,,,,,,,,,,,,,,,,,,,,,,,,,,,,,,,,,,,,,,,,,,,,,,,,,,,,,,Louisiana,Columbia,,,,14.397239558,-14.08,31.944706411,-9.9,-17.547466852,1.150071663,46.341945969,0.45,0.27,30.0,31.0
2026-06-15,Rolling 3-Month,2026-01-01,2026-03-31,,State,,,,,,,,,,,,,,,,migration,,,,,,,,,,,,,,,,,,,,,,,,,,,,,,,,,,,,,,,,,,,,,,,,,,,,,,,,,,,,,,,,,Louisiana,Connecticut,,,,11.446741664,63.52,25.951048951,36.83,-14.504307287,-2.538567147,37.397790615,0.36,0.22,34.0,34.0
2026-06-15,Rolling 3-Month,2026-01-01,2026-03-31,,State,,,,,,,,,,,,,,,,migration,,,,,,,,,,,,,,,,,,,,,,,,,,,,,,,,,,,,,,,,,,,,,,,,,,,,,,,,,,,,,,,,,Kentucky,Arkansas,,,,8.821957447,-33.37,11.964968615,10.43,-3.143011168,-5.549024613,20.786926061,0.27,0.21,36.0,35.0
2026-06-15,Rolling 3-Month,2026-01-01,2026-03-31,,State,,,,,,,,,,,,,,,,migration,,,,,,,,,,,,,,,,,,,,,,,,,,,,,,,,,,,,,,,,,,,,,,,,,,,,,,,,,,,,,,,,,Kentucky,Kansas,,,,8.579710145,43.0,12.313638053,-9.31,-3.733927908,3.84398285,20.893348198,0.26,0.36,37.0,34.0
2026-06-15,Rolling 3-Month,2026-01-01,2026-03-31,,State,,,,,,,,,,,,,,,,migration,,,,,,,,,,,,,,,,,,,,,,,,,,,,,,,,,,,,,,,,,,,,,,,,,,,,,,,,,,,,,,,,,Kentucky,Alabama,,,,49.076050029,-5.55,43.468352581,69.47,5.607697449,-20.700238169,92.54440261,1.49,0.73,20.0,19.0
2026-06-15,Rolling 3-Month,2026-01-01,2026-03-31,,State,,,,,,,,,,,,,,,,migration,,,,,,,,,,,,,,,,,,,,,,,,,,,,,,,,,,,,,,,,,,,,,,,,,,,,,,,,,,,,,,,,,Kansas,Alabama,,,,29.110655276,15.53,8.385640972,-32.3,20.725014304,7.915614705,37.496296247,0.91,0.44,17.0,32.0
2026-06-15,Rolling 3-Month,2026-01-01,2026-03-31,,State,,,,,,,,,,,,,,,,migration,,,,,,,,,,,,,,,,,,,,,,,,,,,,,,,,,,,,,,,,,,,,,,,,,,,,,,,,,,,,,,,,,Iowa,Utah,,,,16.403018697,92.7,10.0,-45.16,6.403018697,16.125668156,26.403018697,0.74,0.3,27.0,28.0
2026-06-15,Rolling 3-Month,2026-01-01,2026-03-31,,State,,,,,,,,,,,,,,,,migration,,,,,,,,,,,,,,,,,,,,,,,,,,,,,,,,,,,,,,,,,,,,,,,,,,,,,,,,,,,,,,,,,Iowa,Vermont,,,,3.194135459,96.13,1.0,0.0,2.194135459,1.565564031,4.194135459,0.14,0.16,42.0,43.0
2026-06-15,Rolling 3-Month,2026-01-01,2026-03-31,,State,,,,,,,,,,,,,,,,migration,,,,,,,,,,,,,,,,,,,,,,,,,,,,,,,,,,,,,,,,,,,,,,,,,,,,,,,,,,,,,,,,,Iowa,Virginia,,,,18.57913745,74.47,39.026665528,-8.92,-20.447528078,11.751528495,57.605802978,0.84,0.1,25.0,11.0
2026-06-15,Rolling 3-Month,2026-01-01,2026-03-31,,State,,,,,,,,,,,,,,,,migration,,,,,,,,,,,,,,,,,,,,,,,,,,,,,,,,,,,,,,,,,,,,,,,,,,,,,,,,,,,,,,,,,Iowa,Washington,,,,69.066729043,2.49,123.297294444,-1.79,-54.230565401,3.930245216,192.364023486,3.1,0.22,11.0,4.0
2026-06-15,Rolling 3-Month,2026-01-01,2026-03-31,,State,,,,,,,,,,,,,,,,migration,,,,,,,,,,,,,,,,,,,,,,,,,,,,,,,,,,,,,,,,,,,,,,,,,,,,,,,,,,,,,,,,,Kansas,Wisconsin,,,,24.698861789,33.73,14.217391304,53.35,10.481470484,1.283142222,38.916253093,0.77,0.28,20.0,25.0
2026-06-15,Rolling 3-Month,2026-01-01,2026-03-31,,State,,,,,,,,,,,,,,,,migration,,,,,,,,,,,,,,,,,,,,,,,,,,,,,,,,,,,,,,,,,,,,,,,,,,,,,,,,,,,,,,,,,Iowa,Wisconsin,,,,176.5345886,-50.47,44.10258792,30.87,132.43200068,-190.282399337,220.637176519,7.93,2.04,4.0,10.0
2026-06-15,Rolling 3-Month,2026-01-01,2026-03-31,,State,,,,,,,,,,,,,,,,migration,,,,,,,,,,,,,,,,,,,,,,,,,,,,,,,,,,,,,,,,,,,,,,,,,,,,,,,,,,,,,,,,,Iowa,Wyoming,,,,1.0,1862.96,1.0,-50.0,0.0,1.949056604,2.0,0.04,0.11,48.0,45.0
2026-06-15,Rolling 3-Month,2026-01-01,2026-03-31,,State,,,,,,,,,,,,,,,,migration,,,,,,,,,,,,,,,,,,,,,,,,,,,,,,,,,,,,,,,,,,,,,,,,,,,,,,,,,,,,,,,,,Kansas,Alaska,,,,3.730099502,-29.9,4.238826106,323.88,-0.508726604,-4.829714258,7.968925609,0.12,0.42,42.0,39.0
2026-06-15,Rolling 3-Month,2026-01-01,2026-03-31,,State,,,,,,,,,,,,,,,,migration,,,,,,,,,,,,,,,,,,,,,,,,,,,,,,,,,,,,,,,,,,,,,,,,,,,,,,,,,,,,,,,,,Kansas,Georgia,,,,36.788501261,-6.36,68.725720205,383.44,-31.937218945,-57.009078175,105.514221466,1.15,0.2,16.0,9.0
2026-06-15,Rolling 3-Month,2026-01-01,2026-03-31,,State,,,,,,,,,,,,,,,,migration,,,,,,,,,,,,,,,,,,,,,,,,,,,,,,,,,,,,,,,,,,,,,,,,,,,,,,,,,,,,,,,,,Kansas,Arizona,,,,97.765319732,33.19,79.776994657,-22.73,17.988325075,47.834042116,177.542314389,3.06,0.29,8.0,8.0
2026-06-15,Rolling 3-Month,2026-01-01,2026-03-31,,State,,,,,,,,,,,,,,,,migration,,,,,,,,,,,,,,,,,,,,,,,,,,,,,,,,,,,,,,,,,,,,,,,,,,,,,,,,,,,,,,,,,Kansas,Arkansas,,,,153.023255612,-11.84,12.354202248,29.43,140.669053364,-23.356306232,165.37745786,4.78,3.64,6.0,27.0
2026-06-15,Rolling 3-Month,2026-01-01,2026-03-31,,State,,,,,,,,,,,,,,,,migration,,,,,,,,,,,,,,,,,,,,,,,,,,,,,,,,,,,,,,,,,,,,,,,,,,,,,,,,,,,,,,,,,Kansas,California,,,,177.861265677,16.01,322.848855051,-9.56,-144.987589375,58.65340022,500.710120728,5.56,0.34,5.0,2.0
2026-06-15,Rolling 3-Month,2026-01-01,2026-03-31,,State,,,,,,,,,,,,,,,,migration,,,,,,,,,,,,,,,,,,,,,,,,,,,,,,,,,,,,,,,,,,,,,,,,,,,,,,,,,,,,,,,,,Kansas,Colorado,,,,128.439102523,50.36,196.88868866,-26.54,-68.449586137,114.142854307,325.327791183,4.02,0.81,7.0,4.0
2026-06-15,Rolling 3-Month,2026-01-01,2026-03-31,,State,,,,,,,,,,,,,,,,migration,,,,,,,,,,,,,,,,,,,,,,,,,,,,,,,,,,,,,,,,,,,,,,,,,,,,,,,,,,,,,,,,,Kansas,Columbia,,,,6.0,50.0,0.9834881321,-86.83,5.016511868,8.482868579,6.983488132,0.19,0.11,39.0,45.0
2026-06-15,Rolling 3-Month,2026-01-01,2026-03-31,,State,,,,,,,,,,,,,,,,migration,,,,,,,,,,,,,,,,,,,,,,,,,,,,,,,,,,,,,,,,,,,,,,,,,,,,,,,,,,,,,,,,,Kansas,Connecticut,,,,3.596259979,-10.09,6.0,60.95,-2.403740021,-2.675770673,9.596259979,0.11,0.07,44.0,34.0
2026-06-15,Rolling 3-Month,2026-01-01,2026-03-31,,State,,,,,,,,,,,,,,,,migration,,,,,,,,,,,,,,,,,,,,,,,,,,,,,,,,,,,,,,,,,,,,,,,,,,,,,,,,,,,,,,,,,Kansas,Delaware,,,,0.4545454545,-88.83,0.0,-100.0,0.4545454545,-2.614285714,0.4545454545,0.01,0.01,47.0,47.0
2026-06-15,Rolling 3-Month,2026-01-01,2026-03-31,,State,,,,,,,,,,,,,,,,migration,,,,,,,,,,,,,,,,,,,,,,,,,,,,,,,,,,,,,,,,,,,,,,,,,,,,,,,,,,,,,,,,,Iowa,Texas,,,,256.841988997,47.25,106.591042351,-11.97,150.250946646,96.914842848,363.433031349,11.54,0.59,2.0,5.0
2026-06-15,Rolling 3-Month,2026-01-01,2026-03-31,,State,,,,,,,,,,,,,,,,migration,,,,,,,,,,,,,,,,,,,,,,,,,,,,,,,,,,,,,,,,,,,,,,,,,,,,,,,,,,,,,,,,,Iowa,Tennessee,,,,63.035185566,36.3,30.004480456,1.61,33.030705111,16.311634292,93.039666022,2.83,0.32,12.0,13.0
2026-06-15,Rolling 3-Month,2026-01-01,2026-03-31,,State,,,,,,,,,,,,,,,,migration,,,,,,,,,,,,,,,,,,,,,,,,,,,,,,,,,,,,,,,,,,,,,,,,,,,,,,,,,,,,,,,,,Iowa,South Dakota,,,,16.0,-21.68,5.0,-40.02,11.0,-1.093900018,21.0,0.72,2.05,28.0,35.0
2026-06-15,Rolling 3-Month,2026-01-01,2026-03-31,,State,,,,,,,,,,,,,,,,migration,,,,,,,,,,,,,,,,,,,,,,,,,,,,,,,,,,,,,,,,,,,,,,,,,,,,,,,,,,,,,,,,,Iowa,South Carolina,,,,23.028524401,141.45,3.0,-50.0,20.028524401,16.491024401,26.028524401,1.04,0.12,21.0,36.0
2026-06-15,Rolling 3-Month,2026-01-01,2026-03-31,,State,,,,,,,,,,,,,,,,migration,,,,,,,,,,,,,,,,,,,,,,,,,,,,,,,,,,,,,,,,,,,,,,,,,,,,,,,,,,,,,,,,,Iowa,Missouri,,,,94.264990336,2.58,36.848639106,-14.58,57.41635123,8.656382403,131.113629441,4.24,1.37,8.0,12.0
2026-06-15,Rolling 3-Month,2026-01-01,2026-03-31,,State,,,,,,,,,,,,,,,,migration,,,,,,,,,,,,,,,,,,,,,,,,,,,,,,,,,,,,,,,,,,,,,,,,,,,,,,,,,,,,,,,,,Iowa,Montana,,,,3.897243108,29.91,1.0,-66.39,2.897243108,2.872804795,4.897243108,0.18,0.12,41.0,42.0
2026-06-15,Rolling 3-Month,2026-01-01,2026-03-31,,State,,,,,,,,,,,,,,,,migration,,,,,,,,,,,,,,,,,,,,,,,,,,,,,,,,,,,,,,,,,,,,,,,,,,,,,,,,,,,,,,,,,Iowa,Nebraska,,,,80.655375598,-19.94,106.522809282,-50.07,-25.867433683,86.740419294,187.17818488,3.63,6.42,9.0,6.0
2026-06-15,Rolling 3-Month,2026-01-01,2026-03-31,,State,,,,,,,,,,,,,,,,migration,,,,,,,,,,,,,,,,,,,,,,,,,,,,,,,,,,,,,,,,,,,,,,,,,,,,,,,,,,,,,,,,,Iowa,Nevada,,,,13.874798465,2.96,22.751166857,-22.36,-8.876368392,6.952763038,36.625965322,0.62,0.07,30.0,16.0
2026-06-15,Rolling 3-Month,2026-01-01,2026-03-31,,State,,,,,,,,,,,,,,,,migration,,,,,,,,,,,,,,,,,,,,,,,,,,,,,,,,,,,,,,,,,,,,,,,,,,,,,,,,,,,,,,,,,Iowa,New Hampshire,,,,4.247311828,41.58,0.0,-100.0,4.247311828,5.247311828,4.247311828,0.19,0.08,39.0,46.0
2026-06-15,Rolling 3-Month,2026-01-01,2026-03-31,,State,,,,,,,,,,,,,,,,migration,,,,,,,,,,,,,,,,,,,,,,,,,,,,,,,,,,,,,,,,,,,,,,,,,,,,,,,,,,,,,,,,,Iowa,New Jersey,,,,4.276278054,36.6,2.0,-18.7,2.276278054,1.605843271,6.276278054,0.19,0.03,38.0,41.0
2026-06-15,Rolling 3-Month,2026-01-01,2026-03-31,,State,,,,,,,,,,,,,,,,migration,,,,,,,,,,,,,,,,,,,,,,,,,,,,,,,,,,,,,,,,,,,,,,,,,,,,,,,,,,,,,,,,,Iowa,New Mexico,,,,11.630705394,1.12,5.095070423,69.84,6.535634972,-1.96601367,16.725775817,0.52,0.34,33.0,34.0
2026-06-15,Rolling 3-Month,2026-01-01,2026-03-31,,State,,,,,,,,,,,,,,,,migration,,,,,,,,,,,,,,,,,,,,,,,,,,,,,,,,,,,,,,,,,,,,,,,,,,,,,,,,,,,,,,,,,Iowa,New York,,,,14.062811565,82.53,26.181067289,-2.85,-12.118255723,7.125109063,40.243878854,0.63,0.1,29.0,15.0
2026-06-15,Rolling 3-Month,2026-01-01,2026-03-31,,State,,,,,,,,,,,,,,,,migration,,,,,,,,,,,,,,,,,,,,,,,,,,,,,,,,,,,,,,,,,,,,,,,,,,,,,,,,,,,,,,,,,Iowa,North Carolina,,,,27.148057893,-10.96,14.170212766,-32.44,12.977845127,3.463520092,41.318270659,1.22,0.12,18.0,21.0
2026-06-15,Rolling 3-Month,2026-01-01,2026-03-31,,State,,,,,,,,,,,,,,,,migration,,,,,,,,,,,,,,,,,,,,,,,,,,,,,,,,,,,,,,,,,,,,,,,,,,,,,,,,,,,,,,,,,Iowa,North Dakota,,,,2.0,35.21,6.300970874,26.02,-4.300970874,-0.7801375405,8.300970874,0.09,0.61,46.0,32.0
2026-06-15,Rolling 3-Month,2026-01-01,2026-03-31,,State,,,,,,,,,,,,,,,,migration,,,,,,,,,,,,,,,,,,,,,,,,,,,,,,,,,,,,,,,,,,,,,,,,,,,,,,,,,,,,,,,,,Iowa,Ohio,,,,13.459024306,43.0,16.615807066,-24.55,-3.15678276,9.452537361,30.074831371,0.6,0.15,32.0,19.0
2026-06-15,Rolling 3-Month,2026-01-01,2026-03-31,,State,,,,,,,,,,,,,,,,migration,,,,,,,,,,,,,,,,,,,,,,,,,,,,,,,,,,,,,,,,,,,,,,,,,,,,,,,,,,,,,,,,,Iowa,Oklahoma,,,,40.214198816,-27.36,17.179752759,71.13,23.034446056,-22.284467066,57.393951575,1.81,0.9,14.0,17.0
2026-06-15,Rolling 3-Month,2026-01-01,2026-03-31,,State,,,,,,,,,,,,,,,,migration,,,,,,,,,,,,,,,,,,,,,,,,,,,,,,,,,,,,,,,,,,,,,,,,,,,,,,,,,,,,,,,,,Iowa,Oregon,,,,18.240549376,-43.91,27.094723588,-42.59,-8.854174212,5.818508072,45.335272964,0.82,0.1,26.0,14.0
2026-06-15,Rolling 3-Month,2026-01-01,2026-03-31,,State,,,,,,,,,,,,,,,,migration,,,,,,,,,,,,,,,,,,,,,,,,,,,,,,,,,,,,,,,,,,,,,,,,,,,,,,,,,,,,,,,,,Iowa,Pennsylvania,,,,18.95856126,-6.43,12.801152681,-7.98,6.157408579,-0.1915948972,31.759713941,0.85,0.11,23.0,22.0
2026-06-15,Rolling 3-Month,2026-01-01,2026-03-31,,State,,,,,,,,,,,,,,,,migration,,,,,,,,,,,,,,,,,,,,,,,,,,,,,,,,,,,,,,,,,,,,,,,,,,,,,,,,,,,,,,,,,Iowa,Rhode Island,,,,0.2883354065,,0.0,,0.2883354065,,0.2883354065,0.01,0.01,49.0,49.0
2026-06-15,Rolling 3-Month,2026-01-01,2026-03-31,,State,,,,,,,,,,,,,,,,migration,,,,,,,,,,,,,,,,,,,,,,,,,,,,,,,,,,,,,,,,,,,,,,,,,,,,,,,,,,,,,,,,,Kansas,Florida,,,,228.866146072,36.48,62.460374867,-26.18,166.405771205,83.326153464,291.326520939,7.16,0.28,3.0,10.0
2026-06-15,Rolling 3-Month,2026-01-01,2026-03-31,,State,,,,,,,,,,,,,,,,migration,,,,,,,,,,,,,,,,,,,,,,,,,,,,,,,,,,,,,,,,,,,,,,,,,,,,,,,,,,,,,,,,,Iowa,West Virginia,,,,1.0,,3.0,,-2.0,,4.0,0.04,0.04,47.0,37.0
2026-06-15,Rolling 3-Month,2026-01-01,2026-03-31,,State,,,,,,,,,,,,,,,,migration,,,,,,,,,,,,,,,,,,,,,,,,,,,,,,,,,,,,,,,,,,,,,,,,,,,,,,,,,,,,,,,,,Kansas,Hawaii,,,,18.824932068,-10.12,12.986871412,-39.42,5.838060656,6.330085345,31.81180348,0.59,0.18,24.0,26.0
2026-06-15,Rolling 3-Month,2026-01-01,2026-03-31,,State,,,,,,,,,,,,,,,,migration,,,,,,,,,,,,,,,,,,,,,,,,,,,,,,,,,,,,,,,,,,,,,,,,,,,,,,,,,,,,,,,,,Kansas,South Carolina,,,,19.513183331,-25.74,5.0,-52.13,14.513183331,-1.318810963,24.513183331,0.61,0.1,23.0,37.0
2026-06-15,Rolling 3-Month,2026-01-01,2026-03-31,,State,,,,,,,,,,,,,,,,migration,,,,,,,,,,,,,,,,,,,,,,,,,,,,,,,,,,,,,,,,,,,,,,,,,,,,,,,,,,,,,,,,,Kansas,North Carolina,,,,53.868935393,47.49,19.157539316,-12.62,34.711396078,20.111850124,73.026474709,1.68,0.24,12.0,19.0
2026-06-15,Rolling 3-Month,2026-01-01,2026-03-31,,State,,,,,,,,,,,,,,,,migration,,,,,,,,,,,,,,,,,,,,,,,,,,,,,,,,,,,,,,,,,,,,,,,,,,,,,,,,,,,,,,,,,Kansas,North Dakota,,,,0.4110429448,-58.9,3.0,,-2.588957055,-3.588957055,3.411042945,0.01,0.13,48.0,41.0
2026-06-15,Rolling 3-Month,2026-01-01,2026-03-31,,State,,,,,,,,,,,,,,,,migration,,,,,,,,,,,,,,,,,,,,,,,,,,,,,,,,,,,,,,,,,,,,,,,,,,,,,,,,,,,,,,,,,Kansas,Ohio,,,,17.350766657,-37.57,22.025437392,83.62,-4.674670735,-20.470947585,39.376204049,0.54,0.2,27.0,17.0
2026-06-15,Rolling 3-Month,2026-01-01,2026-03-31,,State,,,,,,,,,,,,,,,,migration,,,,,,,,,,,,,,,,,,,,,,,,,,,,,,,,,,,,,,,,,,,,,,,,,,,,,,,,,,,,,,,,,Kansas,Oklahoma,,,,90.49387059,49.2,153.243111664,-3.8,-62.749241074,35.89163207,243.736982255,2.83,2.02,9.0,5.0
2026-06-15,Rolling 3-Month,2026-01-01,2026-03-31,,State,,,,,,,,,,,,,,,,migration,,,,,,,,,,,,,,,,,,,,,,,,,,,,,,,,,,,,,,,,,,,,,,,,,,,,,,,,,,,,,,,,,Kansas,Idaho,,,,7.381294964,44.03,6.295106793,-10.07,1.086188171,2.961431836,13.676401757,0.23,0.07,37.0,33.0
2026-06-15,Rolling 3-Month,2026-01-01,2026-03-31,,State,,,,,,,,,,,,,,,,migration,,,,,,,,,,,,,,,,,,,,,,,,,,,,,,,,,,,,,,,,,,,,,,,,,,,,,,,,,,,,,,,,,Kansas,Oregon,,,,27.34375,-10.77,20.947574147,-48.31,6.396175853,16.275871729,48.291324147,0.85,0.14,18.0,18.0
2026-06-15,Rolling 3-Month,2026-01-01,2026-03-31,,State,,,,,,,,,,,,,,,,migration,,,,,,,,,,,,,,,,,,,,,,,,,,,,,,,,,,,,,,,,,,,,,,,,,,,,,,,,,,,,,,,,,Kansas,Pennsylvania,,,,12.493145743,-4.54,18.08168687,-22.19,-5.588541127,4.562539754,30.574832614,0.39,0.08,30.0,21.0
2026-06-15,Rolling 3-Month,2026-01-01,2026-03-31,,State,,,,,,,,,,,,,,,,migration,,,,,,,,,,,,,,,,,,,,,,,,,,,,,,,,,,,,,,,,,,,,,,,,,,,,,,,,,,,,,,,,,Kansas,South Dakota,,,,6.460122699,91.41,2.0,100.0,4.460122699,2.085122699,8.460122699,0.2,0.83,38.0,43.0
2026-06-15,Rolling 3-Month,2026-01-01,2026-03-31,,State,,,,,,,,,,,,,,,,migration,,,,,,,,,,,,,,,,,,,,,,,,,,,,,,,,,,,,,,,,,,,,,,,,,,,,,,,,,,,,,,,,,Kansas,New Mexico,,,,17.395604246,24.88,5.358002714,-44.0,12.037601532,7.675456531,22.75360696,0.54,0.51,26.0,36.0
2026-06-15,Rolling 3-Month,2026-01-01,2026-03-31,,State,,,,,,,,,,,,,,,,migration,,,,,,,,,,,,,,,,,,,,,,,,,,,,,,,,,,,,,,,,,,,,,,,,,,,,,,,,,,,,,,,,,Kansas,Tennessee,,,,53.575058355,-1.02,45.033380393,33.76,8.541677961,-11.921020629,98.608438748,1.68,0.27,13.0,12.0
2026-06-15,Rolling 3-Month,2026-01-01,2026-03-31,,State,,,,,,,,,,,,,,,,migration,,,,,,,,,,,,,,,,,,,,,,,,,,,,,,,,,,,,,,,,,,,,,,,,,,,,,,,,,,,,,,,,,Kansas,Texas,,,,364.839923237,60.19,234.841431602,-6.31,129.998491635,152.915330265,599.681354839,11.41,0.84,2.0,3.0
2026-06-15,Rolling 3-Month,2026-01-01,2026-03-31,,State,,,,,,,,,,,,,,,,migration,,,,,,,,,,,,,,,,,,,,,,,,,,,,,,,,,,,,,,,,,,,,,,,,,,,,,,,,,,,,,,,,,Kansas,Utah,,,,10.644876835,30.46,16.777185654,-37.51,-6.132308819,12.555183135,27.422062489,0.33,0.2,32.0,22.0
2026-06-15,Rolling 3-Month,2026-01-01,2026-03-31,,State,,,,,,,,,,,,,,,,migration,,,,,,,,,,,,,,,,,,,,,,,,,,,,,,,,,,,,,,,,,,,,,,,,,,,,,,,,,,,,,,,,,Kansas,Vermont,,,,2.0,0.0,0.0,,2.0,0.0,2.0,0.06,0.1,45.0,48.0
2026-06-15,Rolling 3-Month,2026-01-01,2026-03-31,,State,,,,,,,,,,,,,,,,migration,,,,,,,,,,,,,,,,,,,,,,,,,,,,,,,,,,,,,,,,,,,,,,,,,,,,,,,,,,,,,,,,,Kansas,Virginia,,,,20.737775537,-51.19,61.941719572,42.56,-41.203944035,-40.242181278,82.679495109,0.65,0.11,22.0,11.0
2026-06-15,Rolling 3-Month,2026-01-01,2026-03-31,,State,,,,,,,,,,,,,,,,migration,,,,,,,,,,,,,,,,,,,,,,,,,,,,,,,,,,,,,,,,,,,,,,,,,,,,,,,,,,,,,,,,,Kansas,Washington,,,,76.261097495,2.33,151.868743544,-21.29,-75.607646049,42.821497978,228.129841039,2.38,0.25,11.0,6.0
2026-06-15,Rolling 3-Month,2026-01-01,2026-03-31,,State,,,,,,,,,,,,,,,,migration,,,,,,,,,,,,,,,,,,,,,,,,,,,,,,,,,,,,,,,,,,,,,,,,,,,,,,,,,,,,,,,,,Kansas,West Virginia,,,,1.0,107.55,3.0,0.0,-2.0,0.5181818182,4.0,0.03,0.04,46.0,42.0
2026-06-15,Rolling 3-Month,2026-01-01,2026-03-31,,State,,,,,,,,,,,,,,,,migration,,,,,,,,,,,,,,,,,,,,,,,,,,,,,,,,,,,,,,,,,,,,,,,,,,,,,,,,,,,,,,,,,Kansas,New York,,,,24.701840612,-17.6,38.006154436,22.53,-13.304313824,-12.265377057,62.707995048,0.77,0.17,19.0,13.0
2026-06-15,Rolling 3-Month,2026-01-01,2026-03-31,,State,,,,,,,,,,,,,,,,migration,,,,,,,,,,,,,,,,,,,,,,,,,,,,,,,,,,,,,,,,,,,,,,,,,,,,,,,,,,,,,,,,,Wyoming,Wyoming,,,,161.481060261,14.05,161.481060261,14.05,0.0,0.0,322.962120521,,,,
2026-06-15,Rolling 3-Month,2026-01-01,2026-03-31,,State,,,,,,,,,,,,,,,,migration,,,,,,,,,,,,,,,,,,,,,,,,,,,,,,,,,,,,,,,,,,,,,,,,,,,,,,,,,,,,,,,,,Kansas,New Jersey,,,,5.734428795,-44.36,8.573333333,26.57,-2.838904538,-6.371384032,14.307762128,0.18,0.04,40.0,31.0
2026-06-15,Rolling 3-Month,2026-01-01,2026-03-31,,State,,,,,,,,,,,,,,,,migration,,,,,,,,,,,,,,,,,,,,,,,,,,,,,,,,,,,,,,,,,,,,,,,,,,,,,,,,,,,,,,,,,Kansas,Mississippi,,,,9.486486486,5.41,4.839572193,61.32,4.646914294,-1.353085706,14.326058679,0.3,0.31,33.0,38.0
2026-06-15,Rolling 3-Month,2026-01-01,2026-03-31,,State,,,,,,,,,,,,,,,,migration,,,,,,,,,,,,,,,,,,,,,,,,,,,,,,,,,,,,,,,,,,,,,,,,,,,,,,,,,,,,,,,,,Kansas,Illinois,,,,207.626882312,33.53,126.514938424,-43.35,81.111943888,148.934763246,334.141820737,6.49,1.1,4.0,7.0
2026-06-15,Rolling 3-Month,2026-01-01,2026-03-31,,State,,,,,,,,,,,,,,,,migration,,,,,,,,,,,,,,,,,,,,,,,,,,,,,,,,,,,,,,,,,,,,,,,,,,,,,,,,,,,,,,,,,Kansas,Indiana,,,,15.82080994,47.36,10.616630567,-18.33,5.204179373,7.467855354,26.437440507,0.49,0.18,29.0,28.0
2026-06-15,Rolling 3-Month,2026-01-01,2026-03-31,,State,,,,,,,,,,,,,,,,migration,,,,,,,,,,,,,,,,,,,,,,,,,,,,,,,,,,,,,,,,,,,,,,,,,,,,,,,,,,,,,,,,,Kansas,Iowa,,,,17.141192957,-17.35,18.661993295,-21.33,-1.520800338,1.459857692,35.803186251,0.54,0.84,28.0,20.0
2026-06-15,Rolling 3-Month,2026-01-01,2026-03-31,,State,,,,,,,,,,,,,,,,migration,,,,,,,,,,,,,,,,,,,,,,,,,,,,,,,,,,,,,,,,,,,,,,,,,,,,,,,,,,,,,,,,,Kansas,Kansas,,,,3506.572389542,45.72,3506.572389542,45.72,0.0,0.0,7013.144779085,,,,
2026-06-15,Rolling 3-Month,2026-01-01,2026-03-31,,State,,,,,,,,,,,,,,,,migration,,,,,,,,,,,,,,,,,,,,,,,,,,,,,,,,,,,,,,,,,,,,,,,,,,,,,,,,,,,,,,,,,Kansas,Kentucky,,,,12.313638053,-9.31,8.579710145,43.0,3.733927908,-3.84398285,20.893348198,0.38,0.28,31.0,30.0
2026-06-15,Rolling 3-Month,2026-01-01,2026-03-31,,State,,,,,,,,,,,,,,,,migration,,,,,,,,,,,,,,,,,,,,,,,,,,,,,,,,,,,,,,,,,,,,,,,,,,,,,,,,,,,,,,,,,Kansas,Louisiana,,,,37.341029412,114.99,10.421383648,25.68,26.919645764,17.842932172,47.76241306,1.17,0.63,15.0,29.0
2026-06-15,Rolling 3-Month,2026-01-01,2026-03-31,,State,,,,,,,,,,,,,,,,migration,,,,,,,,,,,,,,,,,,,,,,,,,,,,,,,,,,,,,,,,,,,,,,,,,,,,,,,,,,,,,,,,,Kansas,Maine,,,,4.0,-50.0,1.657865169,63.03,2.342134831,-4.6409495,5.657865169,0.13,0.07,41.0,44.0
2026-06-15,Rolling 3-Month,2026-01-01,2026-03-31,,State,,,,,,,,,,,,,,,,migration,,,,,,,,,,,,,,,,,,,,,,,,,,,,,,,,,,,,,,,,,,,,,,,,,,,,,,,,,,,,,,,,,Kansas,New Hampshire,,,,3.721267503,-49.81,0.0,-100.0,3.721267503,-0.7989842226,3.721267503,0.12,0.07,43.0,46.0
2026-06-15,Rolling 3-Month,2026-01-01,2026-03-31,,State,,,,,,,,,,,,,,,,migration,,,,,,,,,,,,,,,,,,,,,,,,,,,,,,,,,,,,,,,,,,,,,,,,,,,,,,,,,,,,,,,,,Kansas,Massachusetts,,,,18.355318982,67.71,15.180835381,14.13,3.174483601,5.530360303,33.536154362,0.57,0.19,25.0,24.0
2026-06-15,Rolling 3-Month,2026-01-01,2026-03-31,,State,,,,,,,,,,,,,,,,migration,,,,,,,,,,,,,,,,,,,,,,,,,,,,,,,,,,,,,,,,,,,,,,,,,,,,,,,,,,,,,,,,,Kansas,Michigan,,,,8.588235294,-52.09,5.830983711,-58.52,2.757251583,-1.110316961,14.419219005,0.27,0.09,35.0,35.0
2026-06-15,Rolling 3-Month,2026-01-01,2026-03-31,,State,,,,,,,,,,,,,,,,migration,,,,,,,,,,,,,,,,,,,,,,,,,,,,,,,,,,,,,,,,,,,,,,,,,,,,,,,,,,,,,,,,,Kansas,Minnesota,,,,24.346879469,33.64,30.828803714,0.32,-6.481924246,6.028998994,55.175683183,0.76,0.52,21.0,14.0
2026-06-15,Rolling 3-Month,2026-01-01,2026-03-31,,State,,,,,,,,,,,,,,,,migration,,,,,,,,,,,,,,,,,,,,,,,,,,,,,,,,,,,,,,,,,,,,,,,,,,,,,,,,,,,,,,,,,Kansas,Maryland,,,,8.526381008,-34.78,16.055963602,-36.69,-7.529582594,4.760196477,24.58234461,0.27,0.05,36.0,23.0
2026-06-15,Rolling 3-Month,2026-01-01,2026-03-31,,State,,,,,,,,,,,,,,,,migration,,,,,,,,,,,,,,,,,,,,,,,,,,,,,,,,,,,,,,,,,,,,,,,,,,,,,,,,,,,,,,,,,Kansas,Nebraska,,,,90.0,3.0,23.476831767,-17.56,66.523168233,7.617247012,113.476831767,2.81,7.16,10.0,16.0
2026-06-15,Rolling 3-Month,2026-01-01,2026-03-31,,State,,,,,,,,,,,,,,,,migration,,,,,,,,,,,,,,,,,,,,,,,,,,,,,,,,,,,,,,,,,,,,,,,,,,,,,,,,,,,,,,,,,Kansas,Montana,,,,8.618705036,112.1,4.0,300.0,4.618705036,1.555175624,12.618705036,0.27,0.27,34.0,40.0
2026-06-15,Rolling 3-Month,2026-01-01,2026-03-31,,State,,,,,,,,,,,,,,,,migration,,,,,,,,,,,,,,,,,,,,,,,,,,,,,,,,,,,,,,,,,,,,,,,,,,,,,,,,,,,,,,,,,Kansas,Missouri,,,,973.310869601,14.71,463.91390426,-57.88,509.396965341,762.193894524,1437.224773861,30.43,14.13,1.0,1.0
2026-06-15,Rolling 3-Month,2026-01-01,2026-03-31,,State,,,,,,,,,,,,,,,,migration,,,,,,,,,,,,,,,,,,,,,,,,,,,,,,,,,,,,,,,,,,,,,,,,,,,,,,,,,,,,,,,,,Kansas,Nevada,,,,37.864252028,13.44,23.749045968,-37.97,14.115206059,19.024423094,61.613297996,1.18,0.19,14.0,15.0
2026-07-28,Monthly,2026-02-01,2026-02-28,,Country,United States,223840.0,-0.75,,,,,,,,,,,,,affordability,All Residential,Homeowner,10.0,106114.0,-5.77,29.22,-3.08,49.17,6.88,6.98,-3.49,2653.0,2061.0,259.0,158.0,174.0,38000.0,108930.0,380000.0,0.53,,,,,,,,,,,,,,,,,,,,,,,,,,,,,,,,,,,,,,,,,,,,,,,,,,,,,,,,,,,,
2026-07-28,Monthly,2026-02-01,2026-02-28,,Country,United States,223840.0,-0.75,,,,,,,,,,,,,affordability,All Residential,Homeowner,5.0,112595.0,-5.74,31.01,-3.26,44.77,6.76,3.49,-3.49,2815.0,2176.0,259.0,158.0,222.0,19000.0,108930.0,380000.0,0.53,,,,,,,,,,,,,,,,,,,,,,,,,,,,,,,,,,,,,,,,,,,,,,,,,,,,,,,,,,,,
2026-08-03,Monthly,2026-02-01,2026-02-28,,Country,National,,,,,,,,,,,,,,,existing_home_sales,,,,,,,,,,,,,,,,,,,,,,,,,,,,,,,,,,,,,,,,,,,,,,,,,,,,,,,,,,352678.0,-0.97,4232133.0,,,,,,,,,,,,,,,,,,,,
2026-07-28,Monthly,2026-02-01,2026-02-28,,Country,United States,223840.0,-0.75,,,,,,,,,,,,,affordability,All Residential,Homeowner,15.0,98366.0,-5.88,27.09,-2.89,54.05,7.47,10.47,-3.49,2459.0,1947.0,259.0,158.0,95.0,57000.0,108930.0,380000.0,0.53,,,,,,,,,,,,,,,,,,,,,,,,,,,,,,,,,,,,,,,,,,,,,,,,,,,,,,,,,,,,
2026-08-03,Monthly,2026-02-01,2026-02-28,,Country,National,,,,,,,,,,,,,,,delistings,,,,,,,,,,,,,,,,,,,,,,,,,,,,,,,,,,,,,,,,,,,,,,,,,,77863.0,10.33,35594.0,20.94,5.27,0.31,2.41,0.33,,,,,,,,,,,,,,,,,,,,,,,
2026-07-28,Monthly,2026-02-01,2026-02-28,,Country,United States,223840.0,-0.75,,,,,,,,,,,,,affordability,All Residential,Homeowner,20.0,89985.0,-6.05,24.78,-2.7,59.75,7.13,13.95,-3.49,2250.0,1832.0,259.0,158.0,0.0,76000.0,108930.0,380000.0,0.53,,,,,,,,,,,,,,,,,,,,,,,,,,,,,,,,,,,,,,,,,,,,,,,,,,,,,,,,,,,,
2026-07-28,Monthly,2026-02-01,2026-02-28,,Country,United States,223840.0,-0.75,,,,,,,,,,,,,affordability,All Residential,Homeowner,3.5,115869.0,-5.66,31.91,-3.32,43.01,7.18,2.44,-3.49,2897.0,2210.0,259.0,158.0,269.0,13300.0,108930.0,380000.0,0.53,,,,,,,,,,,,,,,,,,,,,,,,,,,,,,,,,,,,,,,,,,,,,,,,,,,,,,,,,,,,
2026-08-20,Monthly,2026-02-01,2026-02-28,,Country,National,,,,,,,,,,,,,,,cash_loan,,,,,,,,,,,,,,,,,,,,,,,,,,,,,,30.05,-1.85,62000.0,-6.06,15.0,-1.89,13.92,-1.01,7.71,0.75,78.37,0.26,72.56,0.04,5.8,0.22,,,,,,,,,,,,,,,,,,,,,,,,,,,,,,,,,,,
2026-08-03,Monthly,2026-02-01,2026-02-28,,Country,National,,,,,,,,,,,,,,,buyers_sellers,Condo/Co-op,,,,,,,,,,,,,,,,,,,,Buyer's Market,91995.0,-8.23,191356.0,4.2,0.48,-6.51,108.01,24.82,,,,,,,,,,,,,,,,,,,,,,,,,,,,,,,,,,,,,,,,,,,,,,,,,,,
2026-08-03,Monthly,2026-02-01,2026-02-28,,Country,National,291061.0,-0.71,380000.0,0.53,51.0,700.0,380456.0,-0.63,1482510.0,4.93,338668.0,1.48,214.91,-0.6,housing_market,,,,,,,,,,,,,,,,,,,,,,,,,,,,,,,,,,,,,,,,,,,,,,,,,,,,,,,,,,,,,,,,,,,,,,,,,,,,,,,,
2026-08-03,Monthly,2026-02-01,2026-02-28,,Country,National,,,,,,,,,,,,,,,cancellations,,,,,,,,,,,,,,,,,,,,,,,,,,,,,,,,,,,,,,,,,,,,,,46180.0,2.41,13.53,0.06,,,,,,,,,,,,,,,,,,,,,,,,,,,,,,,
2026-08-03,Monthly,2026-02-01,2026-02-28,,Country,National,,,,,,,,,,,,,,,buyers_sellers,Single Family Residential,,,,,,,,,,,,,,,,,,,,Buyer's Market,793615.0,-6.08,1136125.0,4.46,0.7,-7.84,43.16,14.44,,,,,,,,,,,,,,,,,,,,,,,,,,,,,,,,,,,,,,,,,,,,,,,,,,,
2026-08-03,Monthly,2026-02-01,2026-02-28,,Country,National,,,,,,,,,,,,,,,buyers_sellers,Townhouse,,,,,,,,,,,,,,,,,,,,Buyer's Market,70076.0,-6.73,110070.0,8.64,0.64,-10.49,57.07,22.22,,,,,,,,,,,,,,,,,,,,,,,,,,,,,,,,,,,,,,,,,,,,,,,,,,,
2026-08-03,Monthly,2026-02-01,2026-02-28,,Country,National,,,,,,,,,,,,,,,buyers_sellers,All Residential,,,,,,,,,,,,,,,,,,,,Buyer's Market,977189.0,-6.32,1482510.0,4.93,0.66,-7.92,51.71,16.27,,,,,,,,,,,,,,,,,,,,,,,,,,,,,,,,,,,,,,,,,,,,,,,,,,,
2026-07-28,Monthly,2026-01-01,2026-01-31,,Country,United States,200191.0,-5.22,,,,,,,,,,,,,affordability,All Residential,Homeowner,5.0,112317.0,-6.12,30.93,-3.39,45.5,7.69,3.47,-3.36,2808.0,2173.0,257.0,157.0,220.0,18875.0,108930.0,377500.0,0.67,,,,,,,,,,,,,,,,,,,,,,,,,,,,,,,,,,,,,,,,,,,,,,,,,,,,,,,,,,,,
2026-08-03,Monthly,2026-01-01,2026-01-31,,Country,National,,,,,,,,,,,,,,,existing_home_sales,,,,,,,,,,,,,,,,,,,,,,,,,,,,,,,,,,,,,,,,,,,,,,,,,,,,,,,,,,352851.0,-1.54,4234209.0,,,,,,,,,,,,,,,,,,,,
2026-08-03,Monthly,2026-01-01,2026-01-31,,Country,National,292288.0,-0.88,377746.0,0.73,49.0,500.0,381348.0,0.05,1483855.0,6.51,338127.0,2.13,214.75,-0.76,housing_market,,,,,,,,,,,,,,,,,,,,,,,,,,,,,,,,,,,,,,,,,,,,,,,,,,,,,,,,,,,,,,,,,,,,,,,,,,,,,,,,
2026-07-28,Monthly,2026-01-01,2026-01-31,,Country,United States,200191.0,-5.22,,,,,,,,,,,,,affordability,All Residential,Homeowner,3.5,115577.0,-6.04,31.83,-3.46,43.72,8.02,2.43,-3.36,2889.0,2208.0,257.0,157.0,267.0,13213.0,108930.0,377500.0,0.67,,,,,,,,,,,,,,,,,,,,,,,,,,,,,,,,,,,,,,,,,,,,,,,,,,,,,,,,,,,,
2026-08-20,Monthly,2026-01-01,2026-01-31,,Country,National,,,,,,,,,,,,,,,cash_loan,,,,,,,,,,,,,,,,,,,,,,,,,,,,,,29.9,-2.41,60000.0,0.0,15.0,-0.58,14.64,-1.09,7.21,0.52,78.16,0.57,72.79,0.24,5.37,0.33,,,,,,,,,,,,,,,,,,,,,,,,,,,,,,,,,,,
2026-07-28,Monthly,2026-01-01,2026-01-31,,Country,United States,200191.0,-5.22,,,,,,,,,,,,,affordability,All Residential,Homeowner,10.0,105854.0,-6.16,29.15,-3.21,49.15,7.76,6.93,-3.36,2646.0,2059.0,257.0,157.0,173.0,37750.0,108930.0,377500.0,0.67,,,,,,,,,,,,,,,,,,,,,,,,,,,,,,,,,,,,,,,,,,,,,,,,,,,,,,,,,,,,
2026-08-03,Monthly,2026-01-01,2026-01-31,,Country,National,,,,,,,,,,,,,,,delistings,,,,,,,,,,,,,,,,,,,,,,,,,,,,,,,,,,,,,,,,,,,,,,,,,,81592.0,19.3,35222.0,16.55,5.55,0.65,2.37,0.2,,,,,,,,,,,,,,,,,,,,,,,
2026-08-03,Monthly,2026-01-01,2026-01-31,,Country,National,,,,,,,,,,,,,,,buyers_sellers,Townhouse,,,,,,,,,,,,,,,,,,,,Buyer's Market,69974.0,-4.96,109063.0,10.46,0.64,-10.41,55.86,21.76,,,,,,,,,,,,,,,,,,,,,,,,,,,,,,,,,,,,,,,,,,,,,,,,,,,
2026-07-28,Monthly,2026-01-01,2026-01-31,,Country,United States,200191.0,-5.22,,,,,,,,,,,,,affordability,All Residential,Homeowner,20.0,89783.0,-6.46,24.73,-2.81,59.97,7.08,13.86,-3.36,2245.0,1830.0,257.0,157.0,0.0,75500.0,108930.0,377500.0,0.67,,,,,,,,,,,,,,,,,,,,,,,,,,,,,,,,,,,,,,,,,,,,,,,,,,,,,,,,,,,,
2026-08-03,Monthly,2026-01-01,2026-01-31,,Country,National,,,,,,,,,,,,,,,buyers_sellers,All Residential,,,,,,,,,,,,,,,,,,,,Buyer's Market,991889.0,-2.66,1483855.0,6.51,0.67,-6.29,49.6,12.87,,,,,,,,,,,,,,,,,,,,,,,,,,,,,,,,,,,,,,,,,,,,,,,,,,,
2026-08-03,Monthly,2026-01-01,2026-01-31,,Country,National,,,,,,,,,,,,,,,cancellations,,,,,,,,,,,,,,,,,,,,,,,,,,,,,,,,,,,,,,,,,,,,,,45641.0,1.37,13.35,-0.18,,,,,,,,,,,,,,,,,,,,,,,,,,,,,,,
2026-08-03,Monthly,2026-01-01,2026-01-31,,Country,National,,,,,,,,,,,,,,,buyers_sellers,Condo/Co-op,,,,,,,,,,,,,,,,,,,,Buyer's Market,93387.0,-5.02,190703.0,6.02,0.49,-5.69,104.21,21.26,,,,,,,,,,,,,,,,,,,,,,,,,,,,,,,,,,,,,,,,,,,,,,,,,,,
2026-08-03,Monthly,2026-01-01,2026-01-31,,Country,National,,,,,,,,,,,,,,,buyers_sellers,Single Family Residential,,,,,,,,,,,,,,,,,,,,Buyer's Market,800721.0,-2.47,1137849.0,5.93,0.7,-6.06,42.1,11.27,,,,,,,,,,,,,,,,,,,,,,,,,,,,,,,,,,,,,,,,,,,,,,,,,,,
2026-07-28,Monthly,2026-01-01,2026-01-31,,Country,United States,200191.0,-5.22,,,,,,,,,,,,,affordability,All Residential,Homeowner,15.0,98133.0,-6.27,27.03,-3.01,54.32,7.85,10.4,-3.36,2453.0,1944.0,257.0,157.0,94.0,56625.0,108930.0,377500.0,0.67,,,,,,,,,,,,,,,,,,,,,,,,,,,,,,,,,,,,,,,,,,,,,,,,,,,,,,,,,,,,
